puzzle,cpu_s,wall_s,result,uniqueness
rand0001,0.017,0.022,solved,MULTIPLE
rand0002,0.018,0.019,solved,MULTIPLE
rand0003,0.018,0.021,solved,UNIQUE
rand0004,0.016,0.024,solved,MULTIPLE
rand0005,0.022,0.025,solved,MULTIPLE
rand0006,0.017,0.022,solved,MULTIPLE
rand0007,0.018,0.021,solved,MULTIPLE
rand0008,0.020,0.023,solved,MULTIPLE
rand0009,0.022,0.024,solved,MULTIPLE
rand0010,0.019,0.021,solved,MULTIPLE
rand0011,0.012,0.015,solved,UNIQUE
rand0012,0.020,0.023,solved,MULTIPLE
rand0013,0.015,0.018,solved,MULTIPLE
rand0014,0.017,0.020,solved,MULTIPLE
rand0015,0.015,0.018,solved,MULTIPLE
rand0016,0.014,0.017,solved,MULTIPLE
rand0017,0.016,0.018,solved,MULTIPLE
rand0018,0.016,0.020,solved,MULTIPLE
rand0019,0.015,0.018,solved,MULTIPLE
rand0020,0.016,0.020,solved,MULTIPLE
rand0021,0.017,0.021,solved,MULTIPLE
rand0022,0.015,0.017,solved,MULTIPLE
rand0023,0.016,0.018,solved,MULTIPLE
rand0024,0.016,0.021,solved,MULTIPLE
rand0025,0.020,0.022,solved,MULTIPLE
rand0026,0.019,0.020,solved,MULTIPLE
rand0027,0.016,0.018,solved,MULTIPLE
rand0028,0.012,0.014,solved,MULTIPLE
rand0029,0.015,0.019,solved,MULTIPLE
rand0030,0.017,0.021,solved,MULTIPLE
rand0031,0.016,0.022,solved,MULTIPLE
rand0032,0.016,0.017,solved,MULTIPLE
rand0033,0.012,0.013,solved,MULTIPLE
rand0034,0.019,0.022,solved,MULTIPLE
rand0035,0.017,0.020,solved,MULTIPLE
rand0036,0.014,0.016,solved,MULTIPLE
rand0037,0.022,0.025,solved,MULTIPLE
rand0038,0.014,0.017,solved,MULTIPLE
rand0039,0.016,0.020,solved,MULTIPLE
rand0040,0.018,0.021,solved,MULTIPLE
rand0041,0.013,0.014,solved,MULTIPLE
rand0042,0.014,0.017,solved,MULTIPLE
rand0043,0.014,0.017,solved,MULTIPLE
rand0044,0.015,0.019,solved,MULTIPLE
rand0045,0.011,0.013,solved,UNIQUE
rand0046,0.011,0.013,solved,MULTIPLE
rand0047,0.018,0.022,solved,MULTIPLE
rand0048,0.016,0.018,solved,MULTIPLE
rand0049,0.012,0.015,solved,MULTIPLE
rand0050,0.015,0.019,solved,MULTIPLE
rand0051,0.017,0.019,solved,MULTIPLE
rand0052,0.014,0.018,solved,MULTIPLE
rand0053,0.017,0.021,solved,MULTIPLE
rand0054,0.015,0.018,solved,MULTIPLE
rand0055,0.020,0.023,solved,MULTIPLE
rand0056,0.014,0.017,solved,MULTIPLE
rand0057,0.016,0.019,solved,MULTIPLE
rand0058,0.017,0.019,solved,MULTIPLE
rand0059,0.014,0.016,solved,MULTIPLE
rand0060,0.013,0.017,solved,MULTIPLE
rand0061,0.016,0.019,solved,MULTIPLE
rand0062,0.020,0.022,solved,MULTIPLE
rand0063,0.015,0.017,solved,MULTIPLE
rand0064,0.014,0.017,solved,UNIQUE
rand0065,0.016,0.020,solved,MULTIPLE
rand0066,0.015,0.020,solved,MULTIPLE
rand0067,0.017,0.020,solved,MULTIPLE
rand0068,0.026,0.031,solved,MULTIPLE
rand0069,0.017,0.020,solved,MULTIPLE
rand0070,0.013,0.015,solved,MULTIPLE
rand0071,0.013,0.014,solved,MULTIPLE
rand0072,0.016,0.019,solved,MULTIPLE
rand0073,0.031,0.034,solved,MULTIPLE
rand0074,0.013,0.014,solved,MULTIPLE
rand0075,0.015,0.018,solved,MULTIPLE
rand0076,0.021,0.023,solved,MULTIPLE
rand0077,0.020,0.023,solved,MULTIPLE
rand0078,0.012,0.014,solved,UNIQUE
rand0079,0.016,0.019,solved,MULTIPLE
rand0080,0.016,0.018,solved,MULTIPLE
rand0081,0.016,0.018,solved,MULTIPLE
rand0082,0.016,0.018,solved,MULTIPLE
rand0083,0.015,0.020,solved,MULTIPLE
rand0084,0.019,0.023,solved,MULTIPLE
rand0085,0.010,0.015,solved,MULTIPLE
rand0086,0.016,0.020,solved,MULTIPLE
rand0087,0.017,0.018,solved,MULTIPLE
rand0088,0.018,0.020,solved,MULTIPLE
rand0089,0.014,0.016,solved,MULTIPLE
rand0090,0.026,0.030,solved,MULTIPLE
rand0091,0.015,0.018,solved,MULTIPLE
rand0092,0.015,0.017,solved,MULTIPLE
rand0093,0.012,0.014,solved,MULTIPLE
rand0094,0.014,0.019,solved,MULTIPLE
rand0095,0.015,0.016,solved,MULTIPLE
rand0096,0.015,0.018,solved,MULTIPLE
rand0097,0.015,0.016,solved,MULTIPLE
rand0098,0.013,0.015,solved,MULTIPLE
rand0099,0.011,0.015,solved,MULTIPLE
rand0100,0.011,0.015,solved,MULTIPLE
rand0101,0.022,0.023,solved,MULTIPLE
rand0102,0.024,0.028,solved,MULTIPLE
rand0103,0.013,0.015,solved,MULTIPLE
rand0104,0.023,0.026,solved,MULTIPLE
rand0105,0.015,0.019,solved,MULTIPLE
rand0106,0.015,0.017,solved,MULTIPLE
rand0107,0.015,0.019,solved,MULTIPLE
rand0108,0.015,0.017,solved,MULTIPLE
rand0109,0.011,0.013,solved,MULTIPLE
rand0110,0.585,0.589,solved,MULTIPLE
rand0111,0.011,0.013,solved,MULTIPLE
rand0112,0.013,0.015,solved,MULTIPLE
rand0113,0.015,0.017,solved,MULTIPLE
rand0114,0.018,0.022,solved,MULTIPLE
rand0115,0.015,0.017,solved,MULTIPLE
rand0116,0.015,0.021,solved,MULTIPLE
rand0117,0.015,0.018,solved,MULTIPLE
rand0118,0.015,0.017,solved,MULTIPLE
rand0119,0.016,0.019,solved,MULTIPLE
rand0120,0.015,0.016,solved,MULTIPLE
rand0121,0.012,0.015,solved,MULTIPLE
rand0122,0.014,0.016,solved,MULTIPLE
rand0123,0.013,0.016,solved,MULTIPLE
rand0124,0.011,0.013,solved,MULTIPLE
rand0125,0.015,0.017,solved,MULTIPLE
rand0126,0.009,0.012,solved,MULTIPLE
rand0127,0.048,0.050,solved,MULTIPLE
rand0128,0.016,0.018,solved,MULTIPLE
rand0129,0.014,0.016,solved,MULTIPLE
rand0130,0.016,0.018,solved,MULTIPLE
rand0131,0.014,0.018,solved,MULTIPLE
rand0132,0.018,0.020,solved,MULTIPLE
rand0133,0.014,0.018,solved,MULTIPLE
rand0134,0.012,0.013,solved,MULTIPLE
rand0135,0.011,0.014,solved,MULTIPLE
rand0136,0.221,0.222,solved,MULTIPLE
rand0137,0.012,0.014,solved,MULTIPLE
rand0138,0.014,0.016,solved,MULTIPLE
rand0139,0.013,0.015,solved,MULTIPLE
rand0140,0.017,0.020,solved,MULTIPLE
rand0141,0.015,0.017,solved,MULTIPLE
rand0142,0.016,0.018,solved,MULTIPLE
rand0143,0.032,0.034,solved,MULTIPLE
rand0144,0.012,0.013,solved,MULTIPLE
rand0145,0.011,0.013,solved,MULTIPLE
rand0146,0.020,0.021,solved,MULTIPLE
rand0147,0.009,0.011,solved,MULTIPLE
rand0148,0.013,0.015,solved,MULTIPLE
rand0149,0.016,0.017,solved,MULTIPLE
rand0150,0.014,0.016,solved,MULTIPLE
rand0151,0.016,0.018,solved,MULTIPLE
rand0152,0.013,0.014,solved,MULTIPLE
rand0153,0.024,0.027,solved,MULTIPLE
rand0154,0.016,0.017,solved,MULTIPLE
rand0155,0.014,0.016,solved,MULTIPLE
rand0156,0.014,0.017,solved,MULTIPLE
rand0157,0.013,0.015,solved,MULTIPLE
rand0158,0.013,0.014,solved,MULTIPLE
rand0159,0.014,0.015,solved,MULTIPLE
rand0160,0.012,0.014,solved,MULTIPLE
rand0161,0.021,0.023,solved,MULTIPLE
rand0162,0.012,0.014,solved,MULTIPLE
rand0163,0.013,0.015,solved,MULTIPLE
rand0164,0.013,0.015,solved,MULTIPLE
rand0165,0.012,0.014,solved,MULTIPLE
rand0166,0.012,0.014,solved,MULTIPLE
rand0167,0.034,0.036,solved,MULTIPLE
rand0168,0.013,0.014,solved,MULTIPLE
rand0169,0.016,0.017,solved,MULTIPLE
rand0170,0.013,0.015,solved,MULTIPLE
rand0171,0.016,0.018,solved,MULTIPLE
rand0172,0.015,0.016,solved,MULTIPLE
rand0173,0.011,0.012,solved,MULTIPLE
rand0174,0.008,0.010,solved,MULTIPLE
rand0175,0.015,0.017,solved,MULTIPLE
rand0176,0.012,0.014,solved,MULTIPLE
rand0177,0.012,0.014,solved,MULTIPLE
rand0178,0.016,0.018,solved,MULTIPLE
rand0179,0.017,0.021,solved,MULTIPLE
rand0180,0.014,0.016,solved,MULTIPLE
rand0181,0.012,0.013,solved,MULTIPLE
rand0182,0.014,0.015,solved,MULTIPLE
rand0183,0.013,0.014,solved,MULTIPLE
rand0184,0.009,0.011,solved,MULTIPLE
rand0185,0.016,0.017,solved,MULTIPLE
rand0186,0.015,0.018,solved,MULTIPLE
rand0187,0.016,0.019,solved,MULTIPLE
rand0188,0.013,0.015,solved,MULTIPLE
rand0189,0.015,0.019,solved,MULTIPLE
rand0190,0.017,0.019,solved,MULTIPLE
rand0191,0.020,0.022,solved,MULTIPLE
rand0192,0.012,0.014,solved,MULTIPLE
rand0193,0.010,0.011,solved,MULTIPLE
rand0194,0.019,0.020,solved,MULTIPLE
rand0195,0.015,0.017,solved,MULTIPLE
rand0196,0.010,0.011,solved,MULTIPLE
rand0197,0.024,0.028,solved,MULTIPLE
rand0198,0.015,0.015,solved,MULTIPLE
rand0199,0.011,0.012,solved,MULTIPLE
rand0200,0.022,0.023,solved,MULTIPLE
rand0201,0.010,0.011,solved,MULTIPLE
rand0202,0.012,0.015,solved,MULTIPLE
rand0203,0.011,0.012,solved,MULTIPLE
rand0204,0.013,0.016,solved,MULTIPLE
rand0205,0.010,0.011,solved,MULTIPLE
rand0206,0.022,0.024,solved,MULTIPLE
rand0207,0.012,0.016,solved,MULTIPLE
rand0208,0.011,0.013,solved,MULTIPLE
rand0209,0.015,0.018,solved,UNIQUE
rand0210,0.011,0.012,solved,MULTIPLE
rand0211,0.017,0.018,solved,MULTIPLE
rand0212,0.016,0.018,solved,MULTIPLE
rand0213,0.018,0.020,solved,MULTIPLE
rand0214,0.012,0.013,solved,MULTIPLE
rand0215,0.013,0.015,solved,MULTIPLE
rand0216,0.013,0.015,solved,MULTIPLE
rand0217,0.011,0.013,solved,MULTIPLE
rand0218,0.012,0.015,solved,MULTIPLE
rand0219,0.023,0.025,solved,MULTIPLE
rand0220,0.015,0.017,solved,MULTIPLE
rand0221,0.017,0.019,solved,MULTIPLE
rand0222,0.019,0.021,solved,MULTIPLE
rand0223,0.063,0.064,solved,MULTIPLE
rand0224,0.013,0.017,solved,MULTIPLE
rand0225,0.015,0.016,solved,MULTIPLE
rand0226,0.009,0.010,solved,MULTIPLE
rand0227,0.012,0.014,solved,MULTIPLE
rand0228,0.046,0.049,solved,MULTIPLE
rand0229,0.012,0.014,solved,MULTIPLE
rand0230,0.022,0.025,solved,MULTIPLE
rand0231,0.024,0.026,solved,MULTIPLE
rand0232,0.014,0.016,solved,MULTIPLE
rand0233,0.017,0.021,solved,MULTIPLE
rand0234,0.012,0.013,solved,MULTIPLE
rand0235,0.014,0.015,solved,MULTIPLE
rand0236,0.012,0.014,solved,MULTIPLE
rand0237,0.023,0.025,solved,MULTIPLE
rand0238,0.015,0.017,solved,MULTIPLE
rand0239,0.017,0.018,solved,MULTIPLE
rand0240,0.013,0.014,solved,MULTIPLE
rand0241,0.014,0.016,solved,MULTIPLE
rand0242,0.018,0.020,solved,MULTIPLE
rand0243,0.015,0.018,solved,MULTIPLE
rand0244,0.010,0.011,solved,MULTIPLE
rand0245,0.015,0.016,solved,MULTIPLE
rand0246,0.011,0.012,solved,MULTIPLE
rand0247,0.012,0.013,solved,MULTIPLE
rand0248,0.020,0.021,solved,MULTIPLE
rand0249,0.013,0.015,solved,MULTIPLE
rand0250,0.017,0.019,solved,MULTIPLE
rand0251,0.011,0.013,solved,MULTIPLE
rand0252,0.014,0.016,solved,MULTIPLE
rand0253,0.013,0.015,solved,MULTIPLE
rand0254,0.018,0.020,solved,MULTIPLE
rand0255,0.013,0.014,solved,MULTIPLE
rand0256,0.025,0.028,solved,MULTIPLE
rand0257,0.015,0.018,solved,MULTIPLE
rand0258,0.017,0.021,solved,MULTIPLE
rand0259,0.017,0.018,solved,MULTIPLE
rand0260,0.013,0.017,solved,MULTIPLE
rand0261,0.013,0.014,solved,MULTIPLE
rand0262,0.011,0.013,solved,MULTIPLE
rand0263,0.013,0.017,solved,MULTIPLE
rand0264,0.013,0.015,solved,MULTIPLE
rand0265,0.015,0.018,solved,MULTIPLE
rand0266,0.012,0.017,solved,MULTIPLE
rand0267,0.014,0.020,solved,MULTIPLE
rand0268,0.014,0.017,solved,MULTIPLE
rand0269,0.014,0.016,solved,MULTIPLE
rand0270,0.016,0.018,solved,UNIQUE
rand0271,0.015,0.019,solved,MULTIPLE
rand0272,0.015,0.018,solved,MULTIPLE
rand0273,0.020,0.023,solved,MULTIPLE
rand0274,0.013,0.017,solved,MULTIPLE
rand0275,0.009,0.012,solved,MULTIPLE
rand0276,0.011,0.014,solved,MULTIPLE
rand0277,0.009,0.011,solved,MULTIPLE
rand0278,0.017,0.020,solved,MULTIPLE
rand0279,0.012,0.013,solved,MULTIPLE
rand0280,0.014,0.016,solved,MULTIPLE
rand0281,0.012,0.015,solved,MULTIPLE
rand0282,0.043,0.048,solved,MULTIPLE
rand0283,0.015,0.018,solved,MULTIPLE
rand0284,0.017,0.021,solved,MULTIPLE
rand0285,0.014,0.017,solved,MULTIPLE
rand0286,0.016,0.018,solved,MULTIPLE
rand0287,0.012,0.014,solved,MULTIPLE
rand0288,0.015,0.017,solved,MULTIPLE
rand0289,0.014,0.016,solved,MULTIPLE
rand0290,0.012,0.013,solved,MULTIPLE
rand0291,0.010,0.013,solved,MULTIPLE
rand0292,0.010,0.012,solved,MULTIPLE
rand0293,0.014,0.016,solved,MULTIPLE
rand0294,0.013,0.014,solved,MULTIPLE
rand0295,0.017,0.019,solved,MULTIPLE
rand0296,0.016,0.020,solved,MULTIPLE
rand0297,0.013,0.018,solved,MULTIPLE
rand0298,0.021,0.024,solved,MULTIPLE
rand0299,0.018,0.023,solved,MULTIPLE
rand0300,0.026,0.029,solved,MULTIPLE
rand0301,0.017,0.019,solved,MULTIPLE
rand0302,0.014,0.018,solved,MULTIPLE
rand0303,0.170,0.171,solved,MULTIPLE
rand0304,0.015,0.016,solved,MULTIPLE
rand0305,0.017,0.019,solved,MULTIPLE
rand0306,0.012,0.015,solved,MULTIPLE
rand0307,0.011,0.013,solved,UNIQUE
rand0308,0.013,0.015,solved,MULTIPLE
rand0309,0.019,0.022,solved,MULTIPLE
rand0310,0.017,0.018,solved,MULTIPLE
rand0311,0.021,0.023,solved,MULTIPLE
rand0312,0.011,0.014,solved,MULTIPLE
rand0313,0.016,0.018,solved,MULTIPLE
rand0314,0.015,0.017,solved,MULTIPLE
rand0315,0.013,0.018,solved,MULTIPLE
rand0316,0.012,0.014,solved,MULTIPLE
rand0317,0.015,0.017,solved,MULTIPLE
rand0318,0.023,0.024,solved,MULTIPLE
rand0319,0.011,0.014,solved,MULTIPLE
rand0320,0.018,0.022,solved,MULTIPLE
rand0321,0.015,0.016,solved,MULTIPLE
rand0322,0.012,0.014,solved,UNIQUE
rand0323,0.024,0.027,solved,MULTIPLE
rand0324,0.011,0.014,solved,MULTIPLE
rand0325,0.013,0.014,solved,MULTIPLE
rand0326,0.011,0.012,solved,MULTIPLE
rand0327,0.018,0.021,solved,MULTIPLE
rand0328,0.009,0.013,solved,MULTIPLE
rand0329,0.022,0.026,solved,MULTIPLE
rand0330,0.016,0.019,solved,MULTIPLE
rand0331,0.027,0.028,solved,MULTIPLE
rand0332,0.016,0.019,solved,MULTIPLE
rand0333,0.018,0.020,solved,MULTIPLE
rand0334,0.018,0.020,solved,MULTIPLE
rand0335,0.013,0.014,solved,MULTIPLE
rand0336,0.024,0.026,solved,MULTIPLE
rand0337,0.012,0.018,solved,MULTIPLE
rand0338,0.011,0.014,solved,MULTIPLE
rand0339,0.020,0.022,solved,MULTIPLE
rand0340,0.015,0.017,solved,MULTIPLE
rand0341,0.021,0.024,solved,MULTIPLE
rand0342,0.014,0.018,solved,MULTIPLE
rand0343,0.009,0.011,solved,UNIQUE
rand0344,0.017,0.019,solved,MULTIPLE
rand0345,0.009,0.010,solved,MULTIPLE
rand0346,0.009,0.010,solved,MULTIPLE
rand0347,0.014,0.016,solved,MULTIPLE
rand0348,0.024,0.028,solved,MULTIPLE
rand0349,0.015,0.017,solved,MULTIPLE
rand0350,0.018,0.021,solved,MULTIPLE
rand0351,0.018,0.020,solved,MULTIPLE
rand0352,0.018,0.021,solved,MULTIPLE
rand0353,0.016,0.018,solved,MULTIPLE
rand0354,0.012,0.015,solved,MULTIPLE
rand0355,0.012,0.014,solved,MULTIPLE
rand0356,0.011,0.014,solved,MULTIPLE
rand0357,0.015,0.018,solved,MULTIPLE
rand0358,0.017,0.019,solved,MULTIPLE
rand0359,0.018,0.022,solved,UNIQUE
rand0360,0.016,0.017,solved,MULTIPLE
rand0361,0.021,0.024,solved,MULTIPLE
rand0362,0.014,0.015,solved,MULTIPLE
rand0363,0.016,0.018,solved,UNIQUE
rand0364,0.017,0.020,solved,MULTIPLE
rand0365,0.013,0.014,solved,MULTIPLE
rand0366,0.016,0.019,solved,MULTIPLE
rand0367,0.017,0.022,solved,MULTIPLE
rand0368,0.013,0.016,solved,MULTIPLE
rand0369,0.014,0.016,solved,MULTIPLE
rand0370,0.029,0.036,solved,MULTIPLE
rand0371,0.014,0.020,solved,MULTIPLE
rand0372,0.017,0.020,solved,MULTIPLE
rand0373,0.014,0.017,solved,UNIQUE
rand0374,0.016,0.017,solved,MULTIPLE
rand0375,0.016,0.022,solved,MULTIPLE
rand0376,0.016,0.019,solved,MULTIPLE
rand0377,0.029,0.030,solved,MULTIPLE
rand0378,0.018,0.020,solved,MULTIPLE
rand0379,0.013,0.015,solved,MULTIPLE
rand0380,0.011,0.013,solved,MULTIPLE
rand0381,0.015,0.017,solved,MULTIPLE
rand0382,0.013,0.015,solved,MULTIPLE
rand0383,0.018,0.021,solved,MULTIPLE
rand0384,0.015,0.018,solved,MULTIPLE
rand0385,0.013,0.014,solved,MULTIPLE
rand0386,0.017,0.019,solved,MULTIPLE
rand0387,0.013,0.016,solved,UNIQUE
rand0388,0.016,0.019,solved,MULTIPLE
rand0389,0.015,0.018,solved,MULTIPLE
rand0390,0.017,0.021,solved,MULTIPLE
rand0391,0.018,0.020,solved,MULTIPLE
rand0392,0.016,0.019,solved,MULTIPLE
rand0393,0.025,0.027,solved,MULTIPLE
rand0394,0.023,0.028,solved,MULTIPLE
rand0395,0.014,0.017,solved,MULTIPLE
rand0396,0.017,0.018,solved,MULTIPLE
rand0397,0.016,0.021,solved,MULTIPLE
rand0398,0.011,0.013,solved,MULTIPLE
rand0399,0.020,0.023,solved,MULTIPLE
rand0400,0.017,0.018,solved,MULTIPLE
rand0401,0.017,0.018,solved,MULTIPLE
rand0402,0.009,0.012,solved,MULTIPLE
rand0403,0.020,0.023,solved,MULTIPLE
rand0404,0.019,0.023,solved,MULTIPLE
rand0405,0.019,0.024,solved,MULTIPLE
rand0406,0.015,0.017,solved,MULTIPLE
rand0407,0.016,0.018,solved,MULTIPLE
rand0408,0.015,0.018,solved,MULTIPLE
rand0409,0.014,0.017,solved,MULTIPLE
rand0410,0.020,0.024,solved,MULTIPLE
rand0411,0.013,0.015,solved,MULTIPLE
rand0412,0.015,0.017,solved,MULTIPLE
rand0413,0.011,0.013,solved,MULTIPLE
rand0414,0.011,0.014,solved,MULTIPLE
rand0415,0.031,0.037,solved,MULTIPLE
rand0416,0.017,0.020,solved,MULTIPLE
rand0417,0.015,0.018,solved,MULTIPLE
rand0418,0.039,0.045,solved,MULTIPLE
rand0419,0.022,0.024,solved,MULTIPLE
rand0420,0.017,0.019,solved,MULTIPLE
rand0421,0.016,0.019,solved,MULTIPLE
rand0422,0.021,0.023,solved,MULTIPLE
rand0423,0.013,0.015,solved,MULTIPLE
rand0424,0.015,0.016,solved,MULTIPLE
rand0425,0.011,0.014,solved,MULTIPLE
rand0426,0.015,0.018,solved,MULTIPLE
rand0427,0.021,0.023,solved,MULTIPLE
rand0428,0.015,0.017,solved,MULTIPLE
rand0429,0.018,0.020,solved,MULTIPLE
rand0430,0.018,0.023,solved,MULTIPLE
rand0431,0.017,0.019,solved,MULTIPLE
rand0432,0.021,0.022,solved,MULTIPLE
rand0433,0.016,0.017,solved,MULTIPLE
rand0434,0.020,0.022,solved,MULTIPLE
rand0435,0.012,0.014,solved,MULTIPLE
rand0436,0.014,0.018,solved,MULTIPLE
rand0437,0.018,0.021,solved,MULTIPLE
rand0438,0.014,0.016,solved,MULTIPLE
rand0439,0.015,0.017,solved,MULTIPLE
rand0440,0.021,0.023,solved,MULTIPLE
rand0441,0.013,0.017,solved,MULTIPLE
rand0442,0.022,0.024,solved,MULTIPLE
rand0443,0.012,0.014,solved,MULTIPLE
rand0444,2.237,2.239,solved,MULTIPLE
rand0445,0.014,0.018,solved,MULTIPLE
rand0446,0.013,0.016,solved,MULTIPLE
rand0447,0.017,0.019,solved,MULTIPLE
rand0448,0.014,0.017,solved,MULTIPLE
rand0449,0.016,0.018,solved,MULTIPLE
rand0450,0.012,0.015,solved,UNIQUE
rand0451,0.016,0.019,solved,MULTIPLE
rand0452,0.025,0.026,solved,MULTIPLE
rand0453,0.017,0.018,solved,MULTIPLE
rand0454,0.017,0.018,solved,MULTIPLE
rand0455,0.021,0.022,solved,MULTIPLE
rand0456,0.015,0.017,solved,MULTIPLE
rand0457,0.014,0.017,solved,MULTIPLE
rand0458,0.024,0.026,solved,MULTIPLE
rand0459,0.010,0.012,solved,MULTIPLE
rand0460,0.011,0.014,solved,MULTIPLE
rand0461,0.014,0.015,solved,MULTIPLE
rand0462,0.012,0.014,solved,MULTIPLE
rand0463,0.024,0.026,solved,MULTIPLE
rand0464,0.014,0.015,solved,MULTIPLE
rand0465,0.014,0.016,solved,MULTIPLE
rand0466,0.013,0.014,solved,MULTIPLE
rand0467,0.047,0.049,solved,MULTIPLE
rand0468,0.016,0.019,solved,MULTIPLE
rand0469,0.013,0.015,solved,MULTIPLE
rand0470,0.009,0.010,solved,MULTIPLE
rand0471,0.012,0.014,solved,MULTIPLE
rand0472,0.013,0.014,solved,MULTIPLE
rand0473,0.017,0.018,solved,MULTIPLE
rand0474,0.013,0.014,solved,MULTIPLE
rand0475,0.017,0.020,solved,MULTIPLE
rand0476,0.012,0.013,solved,MULTIPLE
rand0477,0.015,0.018,solved,MULTIPLE
rand0478,0.019,0.020,solved,MULTIPLE
rand0479,0.011,0.013,solved,UNIQUE
rand0480,0.011,0.012,solved,MULTIPLE
rand0481,0.012,0.014,solved,MULTIPLE
rand0482,0.015,0.017,solved,MULTIPLE
rand0483,0.015,0.017,solved,MULTIPLE
rand0484,0.021,0.023,solved,MULTIPLE
rand0485,0.016,0.018,solved,MULTIPLE
rand0486,0.015,0.017,solved,UNIQUE
rand0487,0.016,0.018,solved,MULTIPLE
rand0488,0.013,0.016,solved,MULTIPLE
rand0489,0.013,0.015,solved,MULTIPLE
rand0490,0.364,0.365,solved,MULTIPLE
rand0491,0.011,0.015,solved,MULTIPLE
rand0492,0.013,0.014,solved,MULTIPLE
rand0493,0.014,0.016,solved,MULTIPLE
rand0494,0.013,0.015,solved,MULTIPLE
rand0495,0.017,0.022,solved,MULTIPLE
rand0496,0.016,0.019,solved,MULTIPLE
rand0497,0.014,0.015,solved,MULTIPLE
rand0498,0.014,0.015,solved,MULTIPLE
rand0499,0.012,0.014,solved,MULTIPLE
rand0500,0.011,0.013,solved,MULTIPLE
rand0501,0.008,0.010,solved,MULTIPLE
rand0502,0.012,0.014,solved,MULTIPLE
rand0503,0.014,0.017,solved,MULTIPLE
rand0504,0.015,0.017,solved,MULTIPLE
rand0505,0.015,0.017,solved,MULTIPLE
rand0506,0.015,0.020,solved,MULTIPLE
rand0507,0.016,0.020,solved,UNIQUE
rand0508,0.012,0.013,solved,MULTIPLE
rand0509,0.016,0.018,solved,MULTIPLE
rand0510,0.009,0.010,solved,MULTIPLE
rand0511,0.021,0.022,solved,MULTIPLE
rand0512,0.016,0.018,solved,MULTIPLE
rand0513,0.022,0.024,solved,MULTIPLE
rand0514,0.017,0.021,solved,MULTIPLE
rand0515,0.018,0.020,solved,MULTIPLE
rand0516,0.019,0.021,solved,MULTIPLE
rand0517,0.014,0.015,solved,MULTIPLE
rand0518,0.011,0.012,solved,MULTIPLE
rand0519,0.010,0.012,solved,MULTIPLE
rand0520,0.014,0.017,solved,MULTIPLE
rand0521,0.012,0.017,solved,MULTIPLE
rand0522,0.013,0.015,solved,MULTIPLE
rand0523,0.014,0.016,solved,MULTIPLE
rand0524,0.019,0.020,solved,MULTIPLE
rand0525,0.018,0.020,solved,MULTIPLE
rand0526,0.018,0.022,solved,MULTIPLE
rand0527,0.016,0.017,solved,MULTIPLE
rand0528,0.014,0.017,solved,MULTIPLE
rand0529,0.013,0.014,solved,MULTIPLE
rand0530,0.012,0.013,solved,MULTIPLE
rand0531,0.011,0.013,solved,MULTIPLE
rand0532,0.014,0.016,solved,MULTIPLE
rand0533,0.011,0.014,solved,UNIQUE
rand0534,0.011,0.012,solved,UNIQUE
rand0535,0.016,0.020,solved,MULTIPLE
rand0536,0.013,0.014,solved,MULTIPLE
rand0537,0.020,0.022,solved,MULTIPLE
rand0538,0.017,0.018,solved,MULTIPLE
rand0539,0.012,0.013,solved,MULTIPLE
rand0540,0.016,0.020,solved,MULTIPLE
rand0541,0.015,0.017,solved,MULTIPLE
rand0542,0.014,0.017,solved,MULTIPLE
rand0543,0.013,0.015,solved,MULTIPLE
rand0544,0.012,0.014,solved,MULTIPLE
rand0545,0.013,0.015,solved,MULTIPLE
rand0546,0.016,0.017,solved,MULTIPLE
rand0547,0.013,0.014,solved,MULTIPLE
rand0548,0.013,0.017,solved,MULTIPLE
rand0549,0.011,0.013,solved,MULTIPLE
rand0550,0.019,0.020,solved,MULTIPLE
rand0551,0.017,0.018,solved,MULTIPLE
rand0552,0.014,0.016,solved,MULTIPLE
rand0553,0.011,0.013,solved,MULTIPLE
rand0554,0.014,0.016,solved,MULTIPLE
rand0555,0.014,0.015,solved,MULTIPLE
rand0556,0.008,0.010,solved,MULTIPLE
rand0557,0.018,0.022,solved,MULTIPLE
rand0558,0.013,0.016,solved,MULTIPLE
rand0559,0.017,0.020,solved,MULTIPLE
rand0560,0.010,0.012,solved,MULTIPLE
rand0561,0.011,0.013,solved,MULTIPLE
rand0562,0.015,0.019,solved,MULTIPLE
rand0563,0.011,0.013,solved,MULTIPLE
rand0564,0.012,0.015,solved,MULTIPLE
rand0565,0.012,0.014,solved,MULTIPLE
rand0566,0.014,0.016,solved,MULTIPLE
rand0567,0.021,0.022,solved,MULTIPLE
rand0568,0.013,0.014,solved,MULTIPLE
rand0569,0.040,0.041,solved,MULTIPLE
rand0570,0.019,0.021,solved,MULTIPLE
rand0571,0.026,0.028,solved,MULTIPLE
rand0572,0.015,0.017,solved,MULTIPLE
rand0573,0.014,0.016,solved,MULTIPLE
rand0574,0.020,0.021,solved,MULTIPLE
rand0575,0.014,0.016,solved,MULTIPLE
rand0576,0.013,0.014,solved,UNIQUE
rand0577,0.009,0.010,solved,MULTIPLE
rand0578,0.012,0.014,solved,MULTIPLE
rand0579,0.009,0.011,solved,MULTIPLE
rand0580,0.011,0.015,solved,MULTIPLE
rand0581,0.021,0.024,solved,MULTIPLE
rand0582,0.019,0.023,solved,MULTIPLE
rand0583,0.017,0.020,solved,MULTIPLE
rand0584,0.015,0.017,solved,MULTIPLE
rand0585,0.018,0.020,solved,MULTIPLE
rand0586,0.014,0.015,solved,MULTIPLE
rand0587,0.009,0.012,solved,MULTIPLE
rand0588,0.013,0.016,solved,MULTIPLE
rand0589,0.017,0.020,solved,MULTIPLE
rand0590,0.013,0.017,solved,MULTIPLE
rand0591,0.020,0.024,solved,MULTIPLE
rand0592,0.015,0.017,solved,MULTIPLE
rand0593,0.017,0.020,solved,MULTIPLE
rand0594,0.015,0.016,solved,MULTIPLE
rand0595,0.951,0.952,solved,MULTIPLE
rand0596,0.013,0.015,solved,MULTIPLE
rand0597,0.008,0.010,solved,MULTIPLE
rand0598,0.016,0.017,solved,MULTIPLE
rand0599,0.013,0.015,solved,MULTIPLE
rand0600,0.017,0.018,solved,MULTIPLE
rand0601,0.013,0.015,solved,MULTIPLE
rand0602,0.015,0.019,solved,MULTIPLE
rand0603,0.015,0.019,solved,UNIQUE
rand0604,0.013,0.015,solved,MULTIPLE
rand0605,0.024,0.026,solved,MULTIPLE
rand0606,0.017,0.018,solved,MULTIPLE
rand0607,0.023,0.026,solved,MULTIPLE
rand0608,0.013,0.016,solved,MULTIPLE
rand0609,0.010,0.012,solved,MULTIPLE
rand0610,0.013,0.015,solved,MULTIPLE
rand0611,0.016,0.017,solved,MULTIPLE
rand0612,0.019,0.021,solved,MULTIPLE
rand0613,0.020,0.023,solved,MULTIPLE
rand0614,0.013,0.015,solved,MULTIPLE
rand0615,0.016,0.018,solved,MULTIPLE
rand0616,0.014,0.015,solved,MULTIPLE
rand0617,0.018,0.020,solved,MULTIPLE
rand0618,0.016,0.018,solved,MULTIPLE
rand0619,0.018,0.020,solved,MULTIPLE
rand0620,0.060,0.061,solved,MULTIPLE
rand0621,0.016,0.018,solved,MULTIPLE
rand0622,0.032,0.035,solved,MULTIPLE
rand0623,0.009,0.010,solved,MULTIPLE
rand0624,0.010,0.012,solved,MULTIPLE
rand0625,0.010,0.011,solved,MULTIPLE
rand0626,0.012,0.013,solved,MULTIPLE
rand0627,0.013,0.014,solved,MULTIPLE
rand0628,0.013,0.014,solved,MULTIPLE
rand0629,0.012,0.014,solved,MULTIPLE
rand0630,0.012,0.014,solved,MULTIPLE
rand0631,0.011,0.013,solved,MULTIPLE
rand0632,0.021,0.025,solved,MULTIPLE
rand0633,0.014,0.016,solved,MULTIPLE
rand0634,0.016,0.017,solved,MULTIPLE
rand0635,0.015,0.017,solved,MULTIPLE
rand0636,0.013,0.014,solved,MULTIPLE
rand0637,0.008,0.009,solved,MULTIPLE
rand0638,0.009,0.013,solved,MULTIPLE
rand0639,0.012,0.015,solved,MULTIPLE
rand0640,0.018,0.022,solved,MULTIPLE
rand0641,0.015,0.019,solved,MULTIPLE
rand0642,0.014,0.015,solved,MULTIPLE
rand0643,0.025,0.028,solved,MULTIPLE
rand0644,0.016,0.017,solved,MULTIPLE
rand0645,0.014,0.015,solved,MULTIPLE
rand0646,0.011,0.012,solved,MULTIPLE
rand0647,0.011,0.014,solved,MULTIPLE
rand0648,0.013,0.016,solved,MULTIPLE
rand0649,0.011,0.012,solved,MULTIPLE
rand0650,0.011,0.012,solved,MULTIPLE
rand0651,0.017,0.018,solved,MULTIPLE
rand0652,0.013,0.015,solved,MULTIPLE
rand0653,0.011,0.013,solved,MULTIPLE
rand0654,0.013,0.016,solved,MULTIPLE
rand0655,0.018,0.020,solved,MULTIPLE
rand0656,0.016,0.019,solved,MULTIPLE
rand0657,0.031,0.032,solved,MULTIPLE
rand0658,0.015,0.016,solved,MULTIPLE
rand0659,0.025,0.028,solved,MULTIPLE
rand0660,0.012,0.013,solved,MULTIPLE
rand0661,0.011,0.013,solved,MULTIPLE
rand0662,0.011,0.012,solved,MULTIPLE
rand0663,0.011,0.012,solved,MULTIPLE
rand0664,0.011,0.014,solved,MULTIPLE
rand0665,0.015,0.016,solved,MULTIPLE
rand0666,0.012,0.013,solved,MULTIPLE
rand0667,0.016,0.019,solved,MULTIPLE
rand0668,0.016,0.016,solved,MULTIPLE
rand0669,0.013,0.014,solved,MULTIPLE
rand0670,0.019,0.021,solved,MULTIPLE
rand0671,0.012,0.013,solved,MULTIPLE
rand0672,0.019,0.020,solved,MULTIPLE
rand0673,0.015,0.016,solved,MULTIPLE
rand0674,0.011,0.012,solved,MULTIPLE
rand0675,0.020,0.021,solved,MULTIPLE
rand0676,0.014,0.016,solved,MULTIPLE
rand0677,0.010,0.012,solved,MULTIPLE
rand0678,0.012,0.014,solved,MULTIPLE
rand0679,0.019,0.022,solved,MULTIPLE
rand0680,0.018,0.020,solved,MULTIPLE
rand0681,0.012,0.013,solved,MULTIPLE
rand0682,0.014,0.016,solved,MULTIPLE
rand0683,0.018,0.021,solved,MULTIPLE
rand0684,0.009,0.011,solved,MULTIPLE
rand0685,0.012,0.015,solved,MULTIPLE
rand0686,0.008,0.010,solved,MULTIPLE
rand0687,0.016,0.017,solved,MULTIPLE
rand0688,0.023,0.024,solved,MULTIPLE
rand0689,0.018,0.019,solved,MULTIPLE
rand0690,0.013,0.015,solved,MULTIPLE
rand0691,0.015,0.018,solved,MULTIPLE
rand0692,0.014,0.018,solved,MULTIPLE
rand0693,0.250,0.252,solved,MULTIPLE
rand0694,0.009,0.011,solved,MULTIPLE
rand0695,0.011,0.013,solved,MULTIPLE
rand0696,0.021,0.022,solved,MULTIPLE
rand0697,0.017,0.019,solved,MULTIPLE
rand0698,0.016,0.019,solved,MULTIPLE
rand0699,0.016,0.017,solved,MULTIPLE
rand0700,0.022,0.023,solved,MULTIPLE
rand0701,0.009,0.012,solved,MULTIPLE
rand0702,0.012,0.015,solved,MULTIPLE
rand0703,0.014,0.016,solved,MULTIPLE
rand0704,0.011,0.013,solved,MULTIPLE
rand0705,0.017,0.019,solved,MULTIPLE
rand0706,0.013,0.014,solved,MULTIPLE
rand0707,0.012,0.014,solved,MULTIPLE
rand0708,0.015,0.016,solved,MULTIPLE
rand0709,0.014,0.016,solved,MULTIPLE
rand0710,0.011,0.012,solved,MULTIPLE
rand0711,0.008,0.010,solved,MULTIPLE
rand0712,0.022,0.023,solved,MULTIPLE
rand0713,0.135,0.136,solved,MULTIPLE
rand0714,0.016,0.018,solved,MULTIPLE
rand0715,0.014,0.015,solved,MULTIPLE
rand0716,0.016,0.018,solved,MULTIPLE
rand0717,0.012,0.013,solved,MULTIPLE
rand0718,0.013,0.014,solved,MULTIPLE
rand0719,0.013,0.015,solved,MULTIPLE
rand0720,0.011,0.013,solved,MULTIPLE
rand0721,0.019,0.021,solved,MULTIPLE
rand0722,0.009,0.010,solved,MULTIPLE
rand0723,0.011,0.012,solved,MULTIPLE
rand0724,0.012,0.013,solved,MULTIPLE
rand0725,0.011,0.013,solved,MULTIPLE
rand0726,0.012,0.013,solved,MULTIPLE
rand0727,0.014,0.015,solved,MULTIPLE
rand0728,0.013,0.015,solved,MULTIPLE
rand0729,0.013,0.015,solved,MULTIPLE
rand0730,0.013,0.014,solved,MULTIPLE
rand0731,0.009,0.011,solved,MULTIPLE
rand0732,0.015,0.016,solved,MULTIPLE
rand0733,0.013,0.014,solved,MULTIPLE
rand0734,0.012,0.014,solved,MULTIPLE
rand0735,0.013,0.014,solved,MULTIPLE
rand0736,0.015,0.016,solved,MULTIPLE
rand0737,0.017,0.018,solved,MULTIPLE
rand0738,0.015,0.017,solved,MULTIPLE
rand0739,0.013,0.015,solved,MULTIPLE
rand0740,0.010,0.011,solved,MULTIPLE
rand0741,0.010,0.011,solved,MULTIPLE
rand0742,0.008,0.010,solved,MULTIPLE
rand0743,0.011,0.012,solved,UNIQUE
rand0744,0.012,0.013,solved,MULTIPLE
rand0745,0.013,0.015,solved,MULTIPLE
rand0746,0.016,0.016,solved,MULTIPLE
rand0747,0.012,0.013,solved,MULTIPLE
rand0748,0.012,0.014,solved,MULTIPLE
rand0749,0.011,0.012,solved,MULTIPLE
rand0750,0.013,0.014,solved,MULTIPLE
rand0751,0.017,0.019,solved,MULTIPLE
rand0752,0.011,0.013,solved,MULTIPLE
rand0753,0.016,0.017,solved,MULTIPLE
rand0754,0.015,0.017,solved,MULTIPLE
rand0755,0.014,0.015,solved,MULTIPLE
rand0756,0.014,0.016,solved,MULTIPLE
rand0757,0.011,0.012,solved,MULTIPLE
rand0758,0.008,0.010,solved,MULTIPLE
rand0759,0.010,0.012,solved,MULTIPLE
rand0760,0.013,0.014,solved,MULTIPLE
rand0761,0.028,0.030,solved,MULTIPLE
rand0762,0.013,0.014,solved,MULTIPLE
rand0763,0.019,0.021,solved,MULTIPLE
rand0764,0.017,0.018,solved,MULTIPLE
rand0765,0.016,0.019,solved,MULTIPLE
rand0766,0.020,0.022,solved,MULTIPLE
rand0767,0.014,0.015,solved,MULTIPLE
rand0768,0.017,0.018,solved,MULTIPLE
rand0769,0.014,0.016,solved,MULTIPLE
rand0770,0.017,0.018,solved,MULTIPLE
rand0771,0.014,0.016,solved,MULTIPLE
rand0772,0.017,0.019,solved,MULTIPLE
rand0773,0.014,0.015,solved,MULTIPLE
rand0774,0.011,0.014,solved,MULTIPLE
rand0775,0.009,0.012,solved,MULTIPLE
rand0776,0.009,0.011,solved,MULTIPLE
rand0777,0.014,0.017,solved,MULTIPLE
rand0778,0.012,0.014,solved,MULTIPLE
rand0779,0.013,0.014,solved,MULTIPLE
rand0780,0.018,0.020,solved,MULTIPLE
rand0781,0.018,0.019,solved,MULTIPLE
rand0782,0.015,0.016,solved,MULTIPLE
rand0783,0.010,0.012,solved,MULTIPLE
rand0784,0.022,0.026,solved,MULTIPLE
rand0785,0.015,0.016,solved,MULTIPLE
rand0786,0.010,0.011,solved,MULTIPLE
rand0787,0.078,0.079,solved,MULTIPLE
rand0788,0.013,0.016,solved,MULTIPLE
rand0789,0.011,0.013,solved,MULTIPLE
rand0790,0.012,0.014,solved,MULTIPLE
rand0791,0.014,0.015,solved,MULTIPLE
rand0792,0.015,0.016,solved,MULTIPLE
rand0793,0.012,0.013,solved,MULTIPLE
rand0794,0.017,0.019,solved,MULTIPLE
rand0795,0.011,0.012,solved,UNIQUE
rand0796,0.011,0.012,solved,MULTIPLE
rand0797,0.015,0.016,solved,MULTIPLE
rand0798,0.028,0.029,solved,MULTIPLE
rand0799,0.011,0.013,solved,UNIQUE
rand0800,0.010,0.012,solved,MULTIPLE
rand0801,0.012,0.015,solved,MULTIPLE
rand0802,0.052,0.053,solved,MULTIPLE
rand0803,0.012,0.013,solved,MULTIPLE
rand0804,0.013,0.014,solved,MULTIPLE
rand0805,0.013,0.014,solved,MULTIPLE
rand0806,0.017,0.019,solved,MULTIPLE
rand0807,0.013,0.015,solved,MULTIPLE
rand0808,0.015,0.017,solved,MULTIPLE
rand0809,0.016,0.018,solved,MULTIPLE
rand0810,0.018,0.019,solved,MULTIPLE
rand0811,0.010,0.012,solved,MULTIPLE
rand0812,0.015,0.017,solved,MULTIPLE
rand0813,0.022,0.025,solved,MULTIPLE
rand0814,0.009,0.010,solved,MULTIPLE
rand0815,0.014,0.015,solved,MULTIPLE
rand0816,0.009,0.010,solved,MULTIPLE
rand0817,0.012,0.015,solved,MULTIPLE
rand0818,0.013,0.016,solved,MULTIPLE
rand0819,0.011,0.014,solved,MULTIPLE
rand0820,0.014,0.015,solved,MULTIPLE
rand0821,0.035,0.037,solved,MULTIPLE
rand0822,0.011,0.013,solved,MULTIPLE
rand0823,0.009,0.010,solved,MULTIPLE
rand0824,0.016,0.017,solved,MULTIPLE
rand0825,0.023,0.025,solved,MULTIPLE
rand0826,0.022,0.023,solved,MULTIPLE
rand0827,0.013,0.014,solved,UNIQUE
rand0828,0.024,0.026,solved,MULTIPLE
rand0829,0.008,0.009,solved,MULTIPLE
rand0830,0.013,0.014,solved,MULTIPLE
rand0831,0.017,0.019,solved,MULTIPLE
rand0832,0.009,0.012,solved,MULTIPLE
rand0833,0.065,0.067,solved,MULTIPLE
rand0834,0.074,0.077,solved,MULTIPLE
rand0835,0.011,0.013,solved,UNIQUE
rand0836,0.013,0.016,solved,MULTIPLE
rand0837,0.017,0.018,solved,MULTIPLE
rand0838,0.010,0.011,solved,MULTIPLE
rand0839,0.013,0.014,solved,MULTIPLE
rand0840,0.011,0.013,solved,MULTIPLE
rand0841,0.012,0.013,solved,MULTIPLE
rand0842,0.010,0.011,solved,MULTIPLE
rand0843,0.015,0.016,solved,MULTIPLE
rand0844,0.012,0.013,solved,MULTIPLE
rand0845,0.012,0.014,solved,MULTIPLE
rand0846,0.023,0.025,solved,MULTIPLE
rand0847,0.015,0.017,solved,MULTIPLE
rand0848,0.136,0.137,solved,MULTIPLE
rand0849,0.012,0.014,solved,MULTIPLE
rand0850,0.010,0.011,solved,MULTIPLE
rand0851,0.009,0.010,solved,MULTIPLE
rand0852,0.011,0.014,solved,MULTIPLE
rand0853,0.020,0.021,solved,MULTIPLE
rand0854,0.018,0.020,solved,MULTIPLE
rand0855,0.020,0.023,solved,MULTIPLE
rand0856,0.014,0.015,solved,MULTIPLE
rand0857,0.009,0.011,solved,MULTIPLE
rand0858,0.012,0.014,solved,MULTIPLE
rand0859,0.015,0.017,solved,MULTIPLE
rand0860,0.014,0.017,solved,MULTIPLE
rand0861,0.020,0.023,solved,MULTIPLE
rand0862,0.014,0.015,solved,MULTIPLE
rand0863,0.013,0.015,solved,MULTIPLE
rand0864,0.016,0.019,solved,MULTIPLE
rand0865,0.013,0.014,solved,MULTIPLE
rand0866,0.017,0.018,solved,MULTIPLE
rand0867,0.013,0.014,solved,MULTIPLE
rand0868,0.010,0.012,solved,UNIQUE
rand0869,0.016,0.017,solved,MULTIPLE
rand0870,0.019,0.021,solved,MULTIPLE
rand0871,0.014,0.015,solved,MULTIPLE
rand0872,0.010,0.012,solved,MULTIPLE
rand0873,0.013,0.017,solved,MULTIPLE
rand0874,0.014,0.018,solved,MULTIPLE
rand0875,0.011,0.012,solved,MULTIPLE
rand0876,0.008,0.011,solved,MULTIPLE
rand0877,0.015,0.016,solved,MULTIPLE
rand0878,0.011,0.013,solved,MULTIPLE
rand0879,0.013,0.015,solved,MULTIPLE
rand0880,0.012,0.014,solved,MULTIPLE
rand0881,0.016,0.019,solved,MULTIPLE
rand0882,0.020,0.023,solved,MULTIPLE
rand0883,0.014,0.015,solved,MULTIPLE
rand0884,0.012,0.013,solved,MULTIPLE
rand0885,0.015,0.018,solved,MULTIPLE
rand0886,0.014,0.017,solved,MULTIPLE
rand0887,0.015,0.016,solved,MULTIPLE
rand0888,0.014,0.017,solved,MULTIPLE
rand0889,0.024,0.028,solved,MULTIPLE
rand0890,0.013,0.015,solved,MULTIPLE
rand0891,0.015,0.017,solved,MULTIPLE
rand0892,0.014,0.015,solved,MULTIPLE
rand0893,0.017,0.019,solved,MULTIPLE
rand0894,0.015,0.016,solved,MULTIPLE
rand0895,0.014,0.015,solved,MULTIPLE
rand0896,0.012,0.013,solved,MULTIPLE
rand0897,0.011,0.012,solved,MULTIPLE
rand0898,0.015,0.018,solved,MULTIPLE
rand0899,0.018,0.020,solved,MULTIPLE
rand0900,0.013,0.014,solved,MULTIPLE
rand0901,0.015,0.017,solved,MULTIPLE
rand0902,0.019,0.024,solved,MULTIPLE
rand0903,0.015,0.017,solved,MULTIPLE
rand0904,0.015,0.019,solved,MULTIPLE
rand0905,0.015,0.017,solved,MULTIPLE
rand0906,0.012,0.014,solved,UNIQUE
rand0907,0.016,0.018,solved,MULTIPLE
rand0908,0.014,0.016,solved,MULTIPLE
rand0909,0.013,0.016,solved,MULTIPLE
rand0910,0.015,0.018,solved,MULTIPLE
rand0911,0.019,0.025,solved,MULTIPLE
rand0912,0.015,0.018,solved,MULTIPLE
rand0913,0.015,0.017,solved,MULTIPLE
rand0914,0.012,0.015,solved,MULTIPLE
rand0915,0.016,0.018,solved,MULTIPLE
rand0916,0.012,0.013,solved,MULTIPLE
rand0917,0.016,0.019,solved,MULTIPLE
rand0918,0.013,0.015,solved,MULTIPLE
rand0919,0.014,0.015,solved,MULTIPLE
rand0920,0.016,0.017,solved,MULTIPLE
rand0921,0.012,0.016,solved,MULTIPLE
rand0922,0.018,0.020,solved,MULTIPLE
rand0923,0.013,0.015,solved,MULTIPLE
rand0924,0.051,0.053,solved,MULTIPLE
rand0925,0.012,0.016,solved,MULTIPLE
rand0926,0.023,0.025,solved,MULTIPLE
rand0927,0.015,0.016,solved,MULTIPLE
rand0928,0.016,0.019,solved,MULTIPLE
rand0929,0.012,0.013,solved,MULTIPLE
rand0930,0.012,0.014,solved,MULTIPLE
rand0931,0.016,0.019,solved,MULTIPLE
rand0932,0.023,0.024,solved,MULTIPLE
rand0933,0.012,0.014,solved,MULTIPLE
rand0934,0.017,0.021,solved,MULTIPLE
rand0935,0.014,0.015,solved,MULTIPLE
rand0936,0.013,0.017,solved,MULTIPLE
rand0937,0.029,0.030,solved,MULTIPLE
rand0938,0.040,0.043,solved,MULTIPLE
rand0939,0.009,0.011,solved,MULTIPLE
rand0940,0.016,0.020,solved,MULTIPLE
rand0941,0.010,0.012,solved,MULTIPLE
rand0942,0.018,0.022,solved,MULTIPLE
rand0943,0.013,0.015,solved,MULTIPLE
rand0944,0.017,0.019,solved,MULTIPLE
rand0945,0.020,0.023,solved,MULTIPLE
rand0946,0.009,0.011,solved,MULTIPLE
rand0947,0.012,0.014,solved,MULTIPLE
rand0948,0.012,0.013,solved,MULTIPLE
rand0949,0.008,0.010,solved,MULTIPLE
rand0950,0.013,0.014,solved,MULTIPLE
rand0951,0.011,0.013,solved,MULTIPLE
rand0952,0.017,0.020,solved,MULTIPLE
rand0953,0.011,0.013,solved,MULTIPLE
rand0954,0.015,0.017,solved,MULTIPLE
rand0955,0.016,0.017,solved,MULTIPLE
rand0956,0.015,0.017,solved,MULTIPLE
rand0957,0.013,0.016,solved,UNIQUE
rand0958,0.013,0.015,solved,MULTIPLE
rand0959,0.015,0.018,solved,MULTIPLE
rand0960,0.012,0.014,solved,UNIQUE
rand0961,0.014,0.017,solved,MULTIPLE
rand0962,0.008,0.011,solved,MULTIPLE
rand0963,0.012,0.015,solved,MULTIPLE
rand0964,0.015,0.018,solved,MULTIPLE
rand0965,0.021,0.023,solved,MULTIPLE
rand0966,0.012,0.013,solved,MULTIPLE
rand0967,0.018,0.020,solved,MULTIPLE
rand0968,0.016,0.020,solved,MULTIPLE
rand0969,0.017,0.018,solved,MULTIPLE
rand0970,0.015,0.016,solved,MULTIPLE
rand0971,0.019,0.021,solved,MULTIPLE
rand0972,0.015,0.018,solved,MULTIPLE
rand0973,0.031,0.033,solved,MULTIPLE
rand0974,0.012,0.014,solved,MULTIPLE
rand0975,0.025,0.027,solved,MULTIPLE
rand0976,0.018,0.019,solved,MULTIPLE
rand0977,0.013,0.014,solved,MULTIPLE
rand0978,0.011,0.013,solved,MULTIPLE
rand0979,0.036,0.038,solved,MULTIPLE
rand0980,0.017,0.018,solved,MULTIPLE
rand0981,0.015,0.017,solved,MULTIPLE
rand0982,0.018,0.019,solved,MULTIPLE
rand0983,0.015,0.016,solved,MULTIPLE
rand0984,0.014,0.019,solved,MULTIPLE
rand0985,0.012,0.014,solved,MULTIPLE
rand0986,0.014,0.017,solved,MULTIPLE
rand0987,0.013,0.016,solved,MULTIPLE
rand0988,0.009,0.011,solved,MULTIPLE
rand0989,0.012,0.016,solved,MULTIPLE
rand0990,0.016,0.018,solved,MULTIPLE
rand0991,0.014,0.015,solved,MULTIPLE
rand0992,0.015,0.017,solved,MULTIPLE
rand0993,0.015,0.019,solved,MULTIPLE
rand0994,0.015,0.019,solved,MULTIPLE
rand0995,0.016,0.018,solved,MULTIPLE
rand0996,0.015,0.018,solved,MULTIPLE
rand0997,0.013,0.015,solved,MULTIPLE
rand0998,0.016,0.019,solved,MULTIPLE
rand0999,0.078,0.081,solved,MULTIPLE
rand1000,0.011,0.013,solved,MULTIPLE
rand1001,0.025,0.026,solved,MULTIPLE
rand1002,0.014,0.016,solved,MULTIPLE
rand1003,0.015,0.016,solved,MULTIPLE
rand1004,0.014,0.016,solved,MULTIPLE
rand1005,0.012,0.013,solved,MULTIPLE
rand1006,0.016,0.019,solved,MULTIPLE
rand1007,0.010,0.011,solved,MULTIPLE
rand1008,0.022,0.023,solved,MULTIPLE
rand1009,0.012,0.014,solved,MULTIPLE
rand1010,0.013,0.015,solved,MULTIPLE
rand1011,0.016,0.017,solved,MULTIPLE
rand1012,0.014,0.015,solved,MULTIPLE
rand1013,0.016,0.017,solved,MULTIPLE
rand1014,0.021,0.023,solved,MULTIPLE
rand1015,0.016,0.017,solved,MULTIPLE
rand1016,0.008,0.009,solved,MULTIPLE
rand1017,0.009,0.011,solved,MULTIPLE
rand1018,0.014,0.015,solved,MULTIPLE
rand1019,0.020,0.021,solved,MULTIPLE
rand1020,0.016,0.018,solved,MULTIPLE
rand1021,0.017,0.019,solved,MULTIPLE
rand1022,0.012,0.014,solved,MULTIPLE
rand1023,0.014,0.017,solved,MULTIPLE
rand1024,0.047,0.049,solved,MULTIPLE
rand1025,0.012,0.016,solved,MULTIPLE
rand1026,0.015,0.016,solved,MULTIPLE
rand1027,0.011,0.014,solved,MULTIPLE
rand1028,0.013,0.015,solved,MULTIPLE
rand1029,0.017,0.020,solved,MULTIPLE
rand1030,0.015,0.017,solved,UNIQUE
rand1031,0.013,0.015,solved,MULTIPLE
rand1032,0.013,0.016,solved,MULTIPLE
rand1033,0.014,0.016,solved,MULTIPLE
rand1034,0.012,0.014,solved,MULTIPLE
rand1035,0.010,0.012,solved,MULTIPLE
rand1036,0.013,0.014,solved,MULTIPLE
rand1037,0.014,0.016,solved,MULTIPLE
rand1038,0.012,0.014,solved,MULTIPLE
rand1039,0.014,0.017,solved,MULTIPLE
rand1040,0.016,0.020,solved,MULTIPLE
rand1041,0.017,0.018,solved,MULTIPLE
rand1042,0.015,0.017,solved,MULTIPLE
rand1043,0.016,0.019,solved,MULTIPLE
rand1044,0.012,0.014,solved,MULTIPLE
rand1045,0.015,0.018,solved,MULTIPLE
rand1046,0.013,0.015,solved,MULTIPLE
rand1047,0.011,0.013,solved,MULTIPLE
rand1048,0.011,0.013,solved,MULTIPLE
rand1049,0.020,0.022,solved,MULTIPLE
rand1050,0.013,0.018,solved,MULTIPLE
rand1051,0.014,0.016,solved,MULTIPLE
rand1052,0.015,0.018,solved,MULTIPLE
rand1053,0.016,0.018,solved,MULTIPLE
rand1054,0.015,0.019,solved,MULTIPLE
rand1055,0.025,0.032,solved,MULTIPLE
rand1056,0.015,0.016,solved,MULTIPLE
rand1057,0.008,0.013,solved,MULTIPLE
rand1058,0.011,0.012,solved,MULTIPLE
rand1059,0.014,0.015,solved,MULTIPLE
rand1060,0.008,0.010,solved,MULTIPLE
rand1061,0.012,0.015,solved,MULTIPLE
rand1062,0.013,0.016,solved,MULTIPLE
rand1063,0.010,0.014,solved,MULTIPLE
rand1064,0.017,0.020,solved,MULTIPLE
rand1065,0.013,0.014,solved,MULTIPLE
rand1066,0.013,0.017,solved,MULTIPLE
rand1067,0.028,0.030,solved,MULTIPLE
rand1068,0.014,0.017,solved,MULTIPLE
rand1069,0.016,0.018,solved,MULTIPLE
rand1070,0.015,0.019,solved,MULTIPLE
rand1071,0.017,0.019,solved,MULTIPLE
rand1072,0.014,0.018,solved,MULTIPLE
rand1073,0.029,0.031,solved,MULTIPLE
rand1074,0.012,0.014,solved,MULTIPLE
rand1075,0.013,0.016,solved,MULTIPLE
rand1076,0.013,0.014,solved,MULTIPLE
rand1077,0.016,0.017,solved,MULTIPLE
rand1078,0.022,0.025,solved,MULTIPLE
rand1079,0.013,0.016,solved,MULTIPLE
rand1080,0.015,0.019,solved,MULTIPLE
rand1081,0.014,0.016,solved,MULTIPLE
rand1082,0.015,0.016,solved,MULTIPLE
rand1083,0.016,0.018,solved,MULTIPLE
rand1084,0.014,0.016,solved,MULTIPLE
rand1085,0.013,0.015,solved,MULTIPLE
rand1086,0.017,0.019,solved,MULTIPLE
rand1087,0.011,0.014,solved,MULTIPLE
rand1088,0.013,0.015,solved,MULTIPLE
rand1089,0.012,0.014,solved,MULTIPLE
rand1090,0.012,0.015,solved,MULTIPLE
rand1091,0.012,0.017,solved,MULTIPLE
rand1092,0.018,0.020,solved,MULTIPLE
rand1093,0.017,0.020,solved,MULTIPLE
rand1094,0.012,0.014,solved,MULTIPLE
rand1095,0.017,0.022,solved,MULTIPLE
rand1096,0.016,0.017,solved,MULTIPLE
rand1097,0.037,0.040,solved,MULTIPLE
rand1098,0.014,0.015,solved,MULTIPLE
rand1099,0.009,0.011,solved,MULTIPLE
rand1100,0.013,0.015,solved,MULTIPLE
rand1101,0.019,0.022,solved,MULTIPLE
rand1102,0.014,0.016,solved,MULTIPLE
rand1103,0.013,0.015,solved,MULTIPLE
rand1104,0.012,0.014,solved,MULTIPLE
rand1105,0.016,0.018,solved,MULTIPLE
rand1106,0.009,0.010,solved,MULTIPLE
rand1107,0.012,0.015,solved,MULTIPLE
rand1108,0.012,0.015,solved,MULTIPLE
rand1109,0.013,0.016,solved,MULTIPLE
rand1110,0.021,0.022,solved,MULTIPLE
rand1111,0.016,0.017,solved,MULTIPLE
rand1112,0.016,0.018,solved,MULTIPLE
rand1113,0.014,0.017,solved,MULTIPLE
rand1114,0.016,0.018,solved,MULTIPLE
rand1115,0.018,0.021,solved,MULTIPLE
rand1116,0.015,0.018,solved,MULTIPLE
rand1117,0.009,0.011,solved,MULTIPLE
rand1118,0.013,0.017,solved,MULTIPLE
rand1119,0.014,0.020,solved,MULTIPLE
rand1120,0.013,0.017,solved,MULTIPLE
rand1121,0.015,0.025,solved,MULTIPLE
rand1122,0.014,0.017,solved,MULTIPLE
rand1123,0.019,0.026,solved,MULTIPLE
rand1124,0.018,0.020,solved,MULTIPLE
rand1125,0.024,0.026,solved,MULTIPLE
rand1126,0.016,0.019,solved,MULTIPLE
rand1127,0.029,0.033,solved,MULTIPLE
rand1128,0.019,0.021,solved,MULTIPLE
rand1129,0.015,0.021,solved,MULTIPLE
rand1130,0.015,0.017,solved,MULTIPLE
rand1131,0.012,0.015,solved,MULTIPLE
rand1132,0.016,0.018,solved,MULTIPLE
rand1133,0.024,0.025,solved,MULTIPLE
rand1134,0.015,0.017,solved,MULTIPLE
rand1135,0.014,0.016,solved,MULTIPLE
rand1136,0.016,0.018,solved,MULTIPLE
rand1137,0.015,0.016,solved,MULTIPLE
rand1138,0.021,0.023,solved,MULTIPLE
rand1139,0.018,0.021,solved,MULTIPLE
rand1140,0.010,0.012,solved,MULTIPLE
rand1141,0.014,0.016,solved,MULTIPLE
rand1142,0.009,0.011,solved,MULTIPLE
rand1143,0.011,0.015,solved,MULTIPLE
rand1144,0.017,0.020,solved,MULTIPLE
rand1145,0.015,0.017,solved,MULTIPLE
rand1146,0.019,0.023,solved,MULTIPLE
rand1147,0.016,0.018,solved,MULTIPLE
rand1148,0.016,0.020,solved,MULTIPLE
rand1149,0.014,0.017,solved,MULTIPLE
rand1150,0.018,0.021,solved,MULTIPLE
rand1151,0.013,0.016,solved,MULTIPLE
rand1152,0.012,0.016,solved,MULTIPLE
rand1153,0.016,0.022,solved,MULTIPLE
rand1154,0.012,0.016,solved,MULTIPLE
rand1155,0.027,0.031,solved,MULTIPLE
rand1156,0.018,0.021,solved,MULTIPLE
rand1157,0.015,0.016,solved,MULTIPLE
rand1158,0.015,0.018,solved,MULTIPLE
rand1159,0.018,0.023,solved,MULTIPLE
rand1160,0.016,0.018,solved,UNIQUE
rand1161,0.017,0.019,solved,MULTIPLE
rand1162,0.016,0.021,solved,MULTIPLE
rand1163,0.015,0.017,solved,MULTIPLE
rand1164,0.013,0.015,solved,MULTIPLE
rand1165,0.016,0.020,solved,MULTIPLE
rand1166,0.013,0.016,solved,MULTIPLE
rand1167,0.012,0.014,solved,MULTIPLE
rand1168,0.016,0.018,solved,MULTIPLE
rand1169,0.013,0.014,solved,MULTIPLE
rand1170,0.014,0.017,solved,MULTIPLE
rand1171,0.017,0.019,solved,MULTIPLE
rand1172,0.020,0.021,solved,MULTIPLE
rand1173,0.013,0.015,solved,MULTIPLE
rand1174,0.016,0.021,solved,MULTIPLE
rand1175,0.012,0.015,solved,MULTIPLE
rand1176,0.018,0.020,solved,MULTIPLE
rand1177,0.033,0.035,solved,MULTIPLE
rand1178,0.041,0.043,solved,MULTIPLE
rand1179,0.012,0.015,solved,MULTIPLE
rand1180,0.014,0.018,solved,MULTIPLE
rand1181,0.018,0.021,solved,MULTIPLE
rand1182,0.013,0.016,solved,UNIQUE
rand1183,0.011,0.013,solved,MULTIPLE
rand1184,0.013,0.015,solved,MULTIPLE
rand1185,0.015,0.018,solved,MULTIPLE
rand1186,0.013,0.014,solved,MULTIPLE
rand1187,0.012,0.014,solved,MULTIPLE
rand1188,0.019,0.023,solved,MULTIPLE
rand1189,0.018,0.021,solved,MULTIPLE
rand1190,0.017,0.021,solved,MULTIPLE
rand1191,0.018,0.021,solved,MULTIPLE
rand1192,0.014,0.017,solved,UNIQUE
rand1193,0.012,0.014,solved,MULTIPLE
rand1194,0.018,0.020,solved,MULTIPLE
rand1195,0.019,0.024,solved,MULTIPLE
rand1196,0.015,0.018,solved,MULTIPLE
rand1197,0.014,0.017,solved,MULTIPLE
rand1198,0.019,0.021,solved,MULTIPLE
rand1199,0.017,0.021,solved,MULTIPLE
rand1200,0.017,0.023,solved,MULTIPLE
rand1201,0.018,0.022,solved,MULTIPLE
rand1202,0.016,0.021,solved,MULTIPLE
rand1203,0.015,0.017,solved,MULTIPLE
rand1204,0.016,0.018,solved,MULTIPLE
rand1205,0.018,0.024,solved,MULTIPLE
rand1206,0.013,0.014,solved,MULTIPLE
rand1207,0.012,0.017,solved,MULTIPLE
rand1208,0.012,0.017,solved,MULTIPLE
rand1209,0.012,0.014,solved,MULTIPLE
rand1210,0.016,0.022,solved,MULTIPLE
rand1211,0.012,0.015,solved,UNIQUE
rand1212,0.016,0.019,solved,MULTIPLE
rand1213,0.013,0.015,solved,MULTIPLE
rand1214,0.013,0.015,solved,MULTIPLE
rand1215,0.018,0.020,solved,MULTIPLE
rand1216,0.016,0.018,solved,MULTIPLE
rand1217,0.016,0.018,solved,MULTIPLE
rand1218,0.015,0.017,solved,MULTIPLE
rand1219,0.014,0.016,solved,MULTIPLE
rand1220,0.018,0.022,solved,MULTIPLE
rand1221,0.015,0.020,solved,MULTIPLE
rand1222,0.016,0.019,solved,MULTIPLE
rand1223,0.013,0.015,solved,MULTIPLE
rand1224,0.025,0.028,solved,MULTIPLE
rand1225,0.016,0.022,solved,MULTIPLE
rand1226,0.013,0.016,solved,MULTIPLE
rand1227,0.015,0.017,solved,MULTIPLE
rand1228,0.014,0.016,solved,MULTIPLE
rand1229,0.017,0.019,solved,MULTIPLE
rand1230,0.024,0.027,solved,MULTIPLE
rand1231,0.015,0.017,solved,MULTIPLE
rand1232,0.015,0.018,solved,MULTIPLE
rand1233,0.014,0.016,solved,MULTIPLE
rand1234,0.014,0.016,solved,MULTIPLE
rand1235,0.016,0.019,solved,MULTIPLE
rand1236,0.016,0.018,solved,MULTIPLE
rand1237,0.014,0.016,solved,MULTIPLE
rand1238,0.014,0.016,solved,MULTIPLE
rand1239,0.022,0.025,solved,MULTIPLE
rand1240,0.015,0.018,solved,MULTIPLE
rand1241,0.014,0.018,solved,MULTIPLE
rand1242,0.017,0.019,solved,MULTIPLE
rand1243,0.015,0.018,solved,MULTIPLE
rand1244,0.013,0.016,solved,MULTIPLE
rand1245,0.013,0.016,solved,MULTIPLE
rand1246,0.014,0.019,solved,MULTIPLE
rand1247,0.017,0.019,solved,MULTIPLE
rand1248,0.015,0.018,solved,MULTIPLE
rand1249,0.015,0.021,solved,MULTIPLE
rand1250,0.014,0.017,solved,MULTIPLE
rand1251,0.015,0.017,solved,MULTIPLE
rand1252,0.028,0.029,solved,MULTIPLE
rand1253,0.013,0.019,solved,MULTIPLE
rand1254,0.015,0.018,solved,MULTIPLE
rand1255,0.018,0.020,solved,MULTIPLE
rand1256,0.017,0.019,solved,MULTIPLE
rand1257,0.063,0.064,solved,MULTIPLE
rand1258,0.026,0.030,solved,MULTIPLE
rand1259,0.015,0.016,solved,MULTIPLE
rand1260,0.013,0.015,solved,MULTIPLE
rand1261,0.012,0.015,solved,MULTIPLE
rand1262,0.014,0.016,solved,MULTIPLE
rand1263,0.017,0.020,solved,MULTIPLE
rand1264,0.015,0.017,solved,MULTIPLE
rand1265,0.023,0.026,solved,MULTIPLE
rand1266,0.013,0.014,solved,MULTIPLE
rand1267,0.012,0.014,solved,MULTIPLE
rand1268,0.009,0.011,solved,MULTIPLE
rand1269,0.012,0.014,solved,MULTIPLE
rand1270,0.014,0.015,solved,MULTIPLE
rand1271,0.021,0.023,solved,MULTIPLE
rand1272,0.013,0.016,solved,MULTIPLE
rand1273,0.012,0.015,solved,MULTIPLE
rand1274,0.016,0.018,solved,MULTIPLE
rand1275,0.017,0.019,solved,MULTIPLE
rand1276,0.017,0.019,solved,MULTIPLE
rand1277,0.015,0.017,solved,MULTIPLE
rand1278,0.014,0.016,solved,MULTIPLE
rand1279,0.016,0.018,solved,MULTIPLE
rand1280,0.012,0.015,solved,MULTIPLE
rand1281,0.015,0.020,solved,UNIQUE
rand1282,0.015,0.017,solved,MULTIPLE
rand1283,0.016,0.018,solved,MULTIPLE
rand1284,0.018,0.023,solved,MULTIPLE
rand1285,0.026,0.029,solved,MULTIPLE
rand1286,0.037,0.040,solved,MULTIPLE
rand1287,0.016,0.019,solved,MULTIPLE
rand1288,0.021,0.023,solved,MULTIPLE
rand1289,0.013,0.015,solved,MULTIPLE
rand1290,0.017,0.019,solved,MULTIPLE
rand1291,0.059,0.062,solved,MULTIPLE
rand1292,0.012,0.013,solved,MULTIPLE
rand1293,0.012,0.013,solved,MULTIPLE
rand1294,0.012,0.015,solved,MULTIPLE
rand1295,0.010,0.012,solved,MULTIPLE
rand1296,0.012,0.017,solved,MULTIPLE
rand1297,0.012,0.015,solved,MULTIPLE
rand1298,0.011,0.013,solved,MULTIPLE
rand1299,0.014,0.018,solved,MULTIPLE
rand1300,0.013,0.016,solved,MULTIPLE
rand1301,0.016,0.020,solved,MULTIPLE
rand1302,0.016,0.019,solved,MULTIPLE
rand1303,0.014,0.016,solved,MULTIPLE
rand1304,0.014,0.017,solved,MULTIPLE
rand1305,0.014,0.017,solved,MULTIPLE
rand1306,0.014,0.015,solved,MULTIPLE
rand1307,0.012,0.018,solved,MULTIPLE
rand1308,0.010,0.013,solved,MULTIPLE
rand1309,0.015,0.018,solved,MULTIPLE
rand1310,0.016,0.019,solved,MULTIPLE
rand1311,0.016,0.018,solved,MULTIPLE
rand1312,0.014,0.016,solved,UNIQUE
rand1313,0.057,0.059,solved,MULTIPLE
rand1314,0.017,0.021,solved,MULTIPLE
rand1315,0.016,0.018,solved,MULTIPLE
rand1316,0.019,0.022,solved,MULTIPLE
rand1317,0.019,0.022,solved,MULTIPLE
rand1318,0.016,0.018,solved,MULTIPLE
rand1319,0.013,0.015,solved,MULTIPLE
rand1320,0.015,0.019,solved,MULTIPLE
rand1321,0.014,0.017,solved,MULTIPLE
rand1322,0.016,0.017,solved,MULTIPLE
rand1323,0.010,0.011,solved,MULTIPLE
rand1324,0.015,0.017,solved,MULTIPLE
rand1325,0.024,0.026,solved,MULTIPLE
rand1326,0.013,0.017,solved,MULTIPLE
rand1327,0.014,0.016,solved,UNIQUE
rand1328,0.017,0.020,solved,MULTIPLE
rand1329,0.013,0.016,solved,MULTIPLE
rand1330,0.013,0.015,solved,MULTIPLE
rand1331,0.011,0.013,solved,MULTIPLE
rand1332,0.015,0.016,solved,MULTIPLE
rand1333,0.017,0.019,solved,MULTIPLE
rand1334,0.012,0.017,solved,MULTIPLE
rand1335,0.012,0.017,solved,MULTIPLE
rand1336,0.017,0.020,solved,MULTIPLE
rand1337,0.015,0.019,solved,MULTIPLE
rand1338,0.014,0.016,solved,MULTIPLE
rand1339,0.014,0.016,solved,MULTIPLE
rand1340,0.016,0.018,solved,MULTIPLE
rand1341,0.017,0.021,solved,MULTIPLE
rand1342,0.017,0.019,solved,MULTIPLE
rand1343,0.020,0.025,solved,MULTIPLE
rand1344,0.013,0.017,solved,MULTIPLE
rand1345,0.119,0.124,solved,MULTIPLE
rand1346,0.017,0.019,solved,MULTIPLE
rand1347,0.021,0.024,solved,MULTIPLE
rand1348,0.014,0.016,solved,MULTIPLE
rand1349,0.039,0.040,solved,MULTIPLE
rand1350,0.016,0.018,solved,MULTIPLE
rand1351,0.013,0.014,solved,MULTIPLE
rand1352,0.013,0.015,solved,MULTIPLE
rand1353,0.016,0.018,solved,MULTIPLE
rand1354,0.012,0.013,solved,MULTIPLE
rand1355,0.015,0.017,solved,MULTIPLE
rand1356,0.012,0.014,solved,MULTIPLE
rand1357,0.012,0.015,solved,MULTIPLE
rand1358,1.380,1.382,solved,MULTIPLE
rand1359,0.015,0.017,solved,MULTIPLE
rand1360,0.011,0.014,solved,MULTIPLE
rand1361,0.014,0.015,solved,MULTIPLE
rand1362,0.017,0.018,solved,MULTIPLE
rand1363,0.015,0.016,solved,MULTIPLE
rand1364,0.012,0.013,solved,MULTIPLE
rand1365,0.016,0.018,solved,MULTIPLE
rand1366,0.010,0.011,solved,MULTIPLE
rand1367,0.011,0.013,solved,MULTIPLE
rand1368,0.012,0.014,solved,MULTIPLE
rand1369,0.013,0.016,solved,MULTIPLE
rand1370,0.018,0.020,solved,MULTIPLE
rand1371,0.015,0.019,solved,MULTIPLE
rand1372,0.013,0.016,solved,MULTIPLE
rand1373,0.013,0.018,solved,MULTIPLE
rand1374,0.112,0.114,solved,MULTIPLE
rand1375,0.012,0.014,solved,MULTIPLE
rand1376,0.008,0.010,solved,UNIQUE
rand1377,0.010,0.012,solved,MULTIPLE
rand1378,0.015,0.016,solved,MULTIPLE
rand1379,0.014,0.016,solved,MULTIPLE
rand1380,0.012,0.014,solved,MULTIPLE
rand1381,0.018,0.020,solved,MULTIPLE
rand1382,0.014,0.017,solved,MULTIPLE
rand1383,0.018,0.019,solved,MULTIPLE
rand1384,0.014,0.015,solved,MULTIPLE
rand1385,0.015,0.018,solved,MULTIPLE
rand1386,0.012,0.015,solved,MULTIPLE
rand1387,0.014,0.015,solved,MULTIPLE
rand1388,0.011,0.013,solved,UNIQUE
rand1389,0.010,0.011,solved,MULTIPLE
rand1390,0.008,0.011,solved,MULTIPLE
rand1391,0.017,0.019,solved,MULTIPLE
rand1392,0.014,0.016,solved,MULTIPLE
rand1393,0.015,0.017,solved,MULTIPLE
rand1394,0.017,0.018,solved,MULTIPLE
rand1395,0.016,0.019,solved,MULTIPLE
rand1396,0.017,0.018,solved,MULTIPLE
rand1397,0.009,0.011,solved,MULTIPLE
rand1398,0.013,0.015,solved,MULTIPLE
rand1399,1.160,1.162,solved,MULTIPLE
rand1400,0.012,0.014,solved,MULTIPLE
rand1401,0.015,0.017,solved,MULTIPLE
rand1402,0.009,0.011,solved,UNIQUE
rand1403,0.016,0.018,solved,MULTIPLE
rand1404,0.013,0.014,solved,MULTIPLE
rand1405,0.012,0.013,solved,MULTIPLE
rand1406,0.014,0.015,solved,MULTIPLE
rand1407,0.013,0.016,solved,MULTIPLE
rand1408,0.012,0.014,solved,MULTIPLE
rand1409,0.012,0.013,solved,MULTIPLE
rand1410,0.013,0.015,solved,MULTIPLE
rand1411,0.016,0.018,solved,MULTIPLE
rand1412,0.012,0.013,solved,MULTIPLE
rand1413,0.010,0.011,solved,MULTIPLE
rand1414,0.018,0.020,solved,MULTIPLE
rand1415,0.017,0.018,solved,MULTIPLE
rand1416,0.011,0.012,solved,MULTIPLE
rand1417,0.013,0.017,solved,MULTIPLE
rand1418,0.014,0.016,solved,MULTIPLE
rand1419,0.013,0.016,solved,MULTIPLE
rand1420,0.010,0.012,solved,MULTIPLE
rand1421,0.014,0.016,solved,MULTIPLE
rand1422,0.013,0.014,solved,MULTIPLE
rand1423,0.012,0.014,solved,MULTIPLE
rand1424,0.018,0.020,solved,MULTIPLE
rand1425,0.012,0.013,solved,MULTIPLE
rand1426,0.017,0.019,solved,MULTIPLE
rand1427,0.012,0.013,solved,MULTIPLE
rand1428,0.010,0.012,solved,MULTIPLE
rand1429,0.015,0.017,solved,MULTIPLE
rand1430,0.013,0.014,solved,UNIQUE
rand1431,0.016,0.017,solved,MULTIPLE
rand1432,0.015,0.017,solved,MULTIPLE
rand1433,0.016,0.019,solved,MULTIPLE
rand1434,0.016,0.017,solved,MULTIPLE
rand1435,0.033,0.034,solved,MULTIPLE
rand1436,0.016,0.018,solved,MULTIPLE
rand1437,0.016,0.017,solved,MULTIPLE
rand1438,0.013,0.016,solved,MULTIPLE
rand1439,0.013,0.016,solved,MULTIPLE
rand1440,0.603,0.604,solved,MULTIPLE
rand1441,0.009,0.010,solved,MULTIPLE
rand1442,0.068,0.070,solved,MULTIPLE
rand1443,0.011,0.012,solved,MULTIPLE
rand1444,0.013,0.014,solved,MULTIPLE
rand1445,0.013,0.015,solved,MULTIPLE
rand1446,0.011,0.013,solved,MULTIPLE
rand1447,0.028,0.029,solved,MULTIPLE
rand1448,0.011,0.012,solved,MULTIPLE
rand1449,0.011,0.012,solved,MULTIPLE
rand1450,0.011,0.012,solved,MULTIPLE
rand1451,0.011,0.014,solved,MULTIPLE
rand1452,0.011,0.013,solved,MULTIPLE
rand1453,0.011,0.012,solved,MULTIPLE
rand1454,0.009,0.010,solved,MULTIPLE
rand1455,0.010,0.011,solved,MULTIPLE
rand1456,0.011,0.012,solved,MULTIPLE
rand1457,0.013,0.014,solved,MULTIPLE
rand1458,0.013,0.015,solved,MULTIPLE
rand1459,0.012,0.014,solved,MULTIPLE
rand1460,0.011,0.012,solved,MULTIPLE
rand1461,0.021,0.023,solved,MULTIPLE
rand1462,0.015,0.016,solved,MULTIPLE
rand1463,0.013,0.013,solved,MULTIPLE
rand1464,0.012,0.014,solved,MULTIPLE
rand1465,0.015,0.016,solved,MULTIPLE
rand1466,0.013,0.014,solved,MULTIPLE
rand1467,0.013,0.016,solved,MULTIPLE
rand1468,0.014,0.015,solved,MULTIPLE
rand1469,0.014,0.016,solved,MULTIPLE
rand1470,0.016,0.017,solved,MULTIPLE
rand1471,0.011,0.012,solved,MULTIPLE
rand1472,0.014,0.015,solved,MULTIPLE
rand1473,0.009,0.010,solved,MULTIPLE
rand1474,0.009,0.010,solved,MULTIPLE
rand1475,0.012,0.013,solved,MULTIPLE
rand1476,0.011,0.013,solved,MULTIPLE
rand1477,0.022,0.023,solved,MULTIPLE
rand1478,0.011,0.012,solved,MULTIPLE
rand1479,0.015,0.016,solved,MULTIPLE
rand1480,0.017,0.018,solved,MULTIPLE
rand1481,0.026,0.027,solved,MULTIPLE
rand1482,0.014,0.015,solved,MULTIPLE
rand1483,0.011,0.012,solved,MULTIPLE
rand1484,0.017,0.019,solved,MULTIPLE
rand1485,0.010,0.011,solved,MULTIPLE
rand1486,0.013,0.014,solved,MULTIPLE
rand1487,0.012,0.013,solved,MULTIPLE
rand1488,0.009,0.010,solved,MULTIPLE
rand1489,0.018,0.020,solved,MULTIPLE
rand1490,0.008,0.010,solved,MULTIPLE
rand1491,0.012,0.014,solved,MULTIPLE
rand1492,0.012,0.015,solved,MULTIPLE
rand1493,0.014,0.017,solved,MULTIPLE
rand1494,0.012,0.014,solved,MULTIPLE
rand1495,0.012,0.013,solved,MULTIPLE
rand1496,0.022,0.024,solved,MULTIPLE
rand1497,0.130,0.132,solved,MULTIPLE
rand1498,0.012,0.013,solved,MULTIPLE
rand1499,0.013,0.014,solved,UNIQUE
rand1500,0.016,0.017,solved,MULTIPLE
rand1501,0.011,0.012,solved,MULTIPLE
rand1502,0.015,0.016,solved,MULTIPLE
rand1503,0.009,0.010,solved,MULTIPLE
rand1504,0.012,0.013,solved,MULTIPLE
rand1505,0.013,0.014,solved,MULTIPLE
rand1506,0.012,0.013,solved,MULTIPLE
rand1507,0.010,0.011,solved,MULTIPLE
rand1508,0.012,0.013,solved,MULTIPLE
rand1509,0.012,0.013,solved,MULTIPLE
rand1510,0.016,0.017,solved,MULTIPLE
rand1511,0.012,0.013,solved,MULTIPLE
rand1512,0.015,0.016,solved,MULTIPLE
rand1513,0.011,0.013,solved,MULTIPLE
rand1514,0.012,0.013,solved,MULTIPLE
rand1515,0.011,0.012,solved,MULTIPLE
rand1516,0.013,0.014,solved,MULTIPLE
rand1517,0.012,0.013,solved,MULTIPLE
rand1518,0.016,0.017,solved,MULTIPLE
rand1519,0.015,0.016,solved,MULTIPLE
rand1520,0.012,0.013,solved,MULTIPLE
rand1521,0.018,0.019,solved,MULTIPLE
rand1522,0.009,0.010,solved,MULTIPLE
rand1523,0.017,0.018,solved,MULTIPLE
rand1524,0.008,0.010,solved,MULTIPLE
rand1525,0.025,0.026,solved,MULTIPLE
rand1526,0.013,0.014,solved,MULTIPLE
rand1527,0.014,0.015,solved,MULTIPLE
rand1528,0.008,0.009,solved,MULTIPLE
rand1529,0.015,0.016,solved,MULTIPLE
rand1530,0.011,0.014,solved,MULTIPLE
rand1531,0.014,0.015,solved,MULTIPLE
rand1532,0.013,0.015,solved,MULTIPLE
rand1533,0.015,0.017,solved,MULTIPLE
rand1534,0.013,0.015,solved,MULTIPLE
rand1535,0.018,0.020,solved,MULTIPLE
rand1536,0.013,0.014,solved,MULTIPLE
rand1537,0.012,0.014,solved,MULTIPLE
rand1538,0.008,0.010,solved,UNIQUE
rand1539,0.012,0.015,solved,UNIQUE
rand1540,0.012,0.013,solved,MULTIPLE
rand1541,0.015,0.017,solved,MULTIPLE
rand1542,0.014,0.017,solved,MULTIPLE
rand1543,0.020,0.023,solved,MULTIPLE
rand1544,0.011,0.012,solved,MULTIPLE
rand1545,0.009,0.010,solved,MULTIPLE
rand1546,0.011,0.013,solved,MULTIPLE
rand1547,0.013,0.015,solved,MULTIPLE
rand1548,0.013,0.017,solved,MULTIPLE
rand1549,0.014,0.016,solved,MULTIPLE
rand1550,0.015,0.016,solved,MULTIPLE
rand1551,0.044,0.046,solved,MULTIPLE
rand1552,0.012,0.013,solved,MULTIPLE
rand1553,0.014,0.015,solved,MULTIPLE
rand1554,0.012,0.014,solved,MULTIPLE
rand1555,0.011,0.013,solved,MULTIPLE
rand1556,0.017,0.018,solved,MULTIPLE
rand1557,0.009,0.010,solved,MULTIPLE
rand1558,0.013,0.014,solved,MULTIPLE
rand1559,0.013,0.014,solved,MULTIPLE
rand1560,0.011,0.012,solved,MULTIPLE
rand1561,0.010,0.012,solved,MULTIPLE
rand1562,0.014,0.015,solved,MULTIPLE
rand1563,0.012,0.014,solved,MULTIPLE
rand1564,0.009,0.011,solved,MULTIPLE
rand1565,0.014,0.016,solved,MULTIPLE
rand1566,0.013,0.015,solved,MULTIPLE
rand1567,0.013,0.014,solved,MULTIPLE
rand1568,0.013,0.014,solved,MULTIPLE
rand1569,0.012,0.013,solved,MULTIPLE
rand1570,0.010,0.012,solved,MULTIPLE
rand1571,0.059,0.060,solved,MULTIPLE
rand1572,0.022,0.023,solved,MULTIPLE
rand1573,0.018,0.020,solved,MULTIPLE
rand1574,0.017,0.019,solved,MULTIPLE
rand1575,0.014,0.015,solved,MULTIPLE
rand1576,0.016,0.019,solved,MULTIPLE
rand1577,0.009,0.010,solved,MULTIPLE
rand1578,0.015,0.018,solved,MULTIPLE
rand1579,0.016,0.017,solved,MULTIPLE
rand1580,0.017,0.018,solved,MULTIPLE
rand1581,0.026,0.028,solved,MULTIPLE
rand1582,0.021,0.022,solved,MULTIPLE
rand1583,0.012,0.012,solved,MULTIPLE
rand1584,0.013,0.014,solved,MULTIPLE
rand1585,0.012,0.013,solved,MULTIPLE
rand1586,0.013,0.016,solved,MULTIPLE
rand1587,0.012,0.013,solved,MULTIPLE
rand1588,0.011,0.013,solved,MULTIPLE
rand1589,0.011,0.013,solved,MULTIPLE
rand1590,0.022,0.024,solved,MULTIPLE
rand1591,0.012,0.013,solved,MULTIPLE
rand1592,0.010,0.012,solved,MULTIPLE
rand1593,0.016,0.017,solved,MULTIPLE
rand1594,0.010,0.011,solved,MULTIPLE
rand1595,0.012,0.013,solved,MULTIPLE
rand1596,0.017,0.018,solved,MULTIPLE
rand1597,0.012,0.013,solved,MULTIPLE
rand1598,0.013,0.014,solved,MULTIPLE
rand1599,0.016,0.017,solved,MULTIPLE
rand1600,0.013,0.014,solved,MULTIPLE
rand1601,0.011,0.014,solved,MULTIPLE
rand1602,0.012,0.014,solved,MULTIPLE
rand1603,0.014,0.015,solved,MULTIPLE
rand1604,0.019,0.020,solved,MULTIPLE
rand1605,0.021,0.024,solved,MULTIPLE
rand1606,0.075,0.077,solved,MULTIPLE
rand1607,0.012,0.013,solved,MULTIPLE
rand1608,0.015,0.016,solved,MULTIPLE
rand1609,0.015,0.016,solved,MULTIPLE
rand1610,0.017,0.019,solved,MULTIPLE
rand1611,0.014,0.015,solved,MULTIPLE
rand1612,0.018,0.019,solved,MULTIPLE
rand1613,0.019,0.020,solved,MULTIPLE
rand1614,0.016,0.017,solved,MULTIPLE
rand1615,0.012,0.014,solved,MULTIPLE
rand1616,0.014,0.015,solved,MULTIPLE
rand1617,0.041,0.043,solved,MULTIPLE
rand1618,0.011,0.012,solved,MULTIPLE
rand1619,0.014,0.015,solved,MULTIPLE
rand1620,0.366,0.368,solved,MULTIPLE
rand1621,0.012,0.014,solved,MULTIPLE
rand1622,0.013,0.014,solved,MULTIPLE
rand1623,0.011,0.012,solved,MULTIPLE
rand1624,0.011,0.013,solved,MULTIPLE
rand1625,0.011,0.012,solved,UNIQUE
rand1626,0.009,0.010,solved,MULTIPLE
rand1627,0.014,0.015,solved,MULTIPLE
rand1628,0.012,0.014,solved,MULTIPLE
rand1629,0.009,0.011,solved,MULTIPLE
rand1630,0.019,0.021,solved,MULTIPLE
rand1631,0.027,0.028,solved,MULTIPLE
rand1632,0.010,0.011,solved,MULTIPLE
rand1633,0.013,0.014,solved,MULTIPLE
rand1634,0.014,0.016,solved,MULTIPLE
rand1635,0.011,0.012,solved,MULTIPLE
rand1636,0.015,0.017,solved,MULTIPLE
rand1637,0.021,0.022,solved,MULTIPLE
rand1638,0.013,0.014,solved,MULTIPLE
rand1639,0.021,0.022,solved,MULTIPLE
rand1640,0.012,0.014,solved,MULTIPLE
rand1641,0.014,0.015,solved,MULTIPLE
rand1642,0.012,0.014,solved,MULTIPLE
rand1643,0.011,0.014,solved,MULTIPLE
rand1644,0.012,0.013,solved,MULTIPLE
rand1645,0.011,0.013,solved,MULTIPLE
rand1646,0.008,0.011,solved,MULTIPLE
rand1647,0.016,0.018,solved,MULTIPLE
rand1648,0.015,0.016,solved,MULTIPLE
rand1649,0.012,0.015,solved,MULTIPLE
rand1650,0.012,0.015,solved,MULTIPLE
rand1651,0.013,0.016,solved,MULTIPLE
rand1652,0.011,0.012,solved,MULTIPLE
rand1653,0.012,0.013,solved,MULTIPLE
rand1654,0.010,0.012,solved,MULTIPLE
rand1655,0.015,0.016,solved,MULTIPLE
rand1656,0.015,0.017,solved,MULTIPLE
rand1657,0.013,0.014,solved,MULTIPLE
rand1658,0.012,0.014,solved,MULTIPLE
rand1659,0.016,0.017,solved,MULTIPLE
rand1660,0.009,0.011,solved,MULTIPLE
rand1661,0.014,0.015,solved,MULTIPLE
rand1662,0.016,0.018,solved,MULTIPLE
rand1663,0.015,0.017,solved,MULTIPLE
rand1664,0.014,0.017,solved,MULTIPLE
rand1665,0.012,0.015,solved,MULTIPLE
rand1666,0.013,0.015,solved,MULTIPLE
rand1667,0.019,0.021,solved,MULTIPLE
rand1668,0.012,0.013,solved,MULTIPLE
rand1669,0.015,0.016,solved,MULTIPLE
rand1670,0.013,0.016,solved,MULTIPLE
rand1671,0.009,0.011,solved,MULTIPLE
rand1672,0.014,0.015,solved,MULTIPLE
rand1673,0.022,0.025,solved,MULTIPLE
rand1674,0.013,0.015,solved,MULTIPLE
rand1675,0.014,0.018,solved,MULTIPLE
rand1676,0.015,0.018,solved,MULTIPLE
rand1677,0.013,0.014,solved,MULTIPLE
rand1678,0.011,0.013,solved,MULTIPLE
rand1679,0.013,0.014,solved,MULTIPLE
rand1680,0.009,0.010,solved,MULTIPLE
rand1681,0.014,0.016,solved,MULTIPLE
rand1682,0.016,0.018,solved,MULTIPLE
rand1683,0.012,0.013,solved,MULTIPLE
rand1684,0.014,0.015,solved,MULTIPLE
rand1685,0.015,0.016,solved,MULTIPLE
rand1686,0.065,0.066,solved,MULTIPLE
rand1687,0.012,0.014,solved,MULTIPLE
rand1688,0.009,0.010,solved,MULTIPLE
rand1689,0.012,0.013,solved,UNIQUE
rand1690,0.012,0.013,solved,MULTIPLE
rand1691,0.018,0.018,solved,MULTIPLE
rand1692,0.024,0.025,solved,MULTIPLE
rand1693,0.013,0.014,solved,MULTIPLE
rand1694,0.011,0.012,solved,MULTIPLE
rand1695,0.011,0.012,solved,MULTIPLE
rand1696,0.011,0.012,solved,MULTIPLE
rand1697,0.012,0.013,solved,MULTIPLE
rand1698,0.010,0.012,solved,MULTIPLE
rand1699,0.012,0.014,solved,MULTIPLE
rand1700,0.017,0.018,solved,MULTIPLE
rand1701,0.025,0.026,solved,MULTIPLE
rand1702,0.018,0.020,solved,MULTIPLE
rand1703,0.010,0.012,solved,MULTIPLE
rand1704,0.012,0.014,solved,MULTIPLE
rand1705,0.012,0.014,solved,MULTIPLE
rand1706,0.012,0.013,solved,MULTIPLE
rand1707,0.008,0.009,solved,MULTIPLE
rand1708,0.015,0.016,solved,MULTIPLE
rand1709,0.016,0.017,solved,MULTIPLE
rand1710,0.026,0.027,solved,MULTIPLE
rand1711,0.011,0.013,solved,MULTIPLE
rand1712,0.013,0.015,solved,MULTIPLE
rand1713,0.010,0.011,solved,MULTIPLE
rand1714,0.008,0.009,solved,MULTIPLE
rand1715,0.015,0.016,solved,MULTIPLE
rand1716,0.017,0.018,solved,MULTIPLE
rand1717,0.016,0.017,solved,MULTIPLE
rand1718,0.015,0.016,solved,MULTIPLE
rand1719,0.011,0.012,solved,MULTIPLE
rand1720,0.011,0.014,solved,MULTIPLE
rand1721,0.008,0.009,solved,MULTIPLE
rand1722,0.014,0.017,solved,MULTIPLE
rand1723,0.014,0.015,solved,MULTIPLE
rand1724,0.017,0.020,solved,MULTIPLE
rand1725,0.017,0.019,solved,MULTIPLE
rand1726,0.016,0.019,solved,MULTIPLE
rand1727,0.021,0.023,solved,MULTIPLE
rand1728,0.015,0.017,solved,MULTIPLE
rand1729,0.012,0.014,solved,MULTIPLE
rand1730,0.010,0.011,solved,MULTIPLE
rand1731,0.014,0.015,solved,MULTIPLE
rand1732,0.010,0.012,solved,MULTIPLE
rand1733,0.013,0.014,solved,MULTIPLE
rand1734,0.013,0.015,solved,MULTIPLE
rand1735,0.012,0.014,solved,MULTIPLE
rand1736,0.025,0.029,solved,MULTIPLE
rand1737,0.020,0.022,solved,MULTIPLE
rand1738,0.017,0.019,solved,MULTIPLE
rand1739,0.017,0.018,solved,UNIQUE
rand1740,0.013,0.016,solved,MULTIPLE
rand1741,0.015,0.017,solved,MULTIPLE
rand1742,0.014,0.018,solved,MULTIPLE
rand1743,0.010,0.012,solved,MULTIPLE
rand1744,0.010,0.013,solved,MULTIPLE
rand1745,0.014,0.018,solved,MULTIPLE
rand1746,0.021,0.025,solved,MULTIPLE
rand1747,0.016,0.018,solved,MULTIPLE
rand1748,0.013,0.015,solved,MULTIPLE
rand1749,0.017,0.021,solved,MULTIPLE
rand1750,0.016,0.018,solved,MULTIPLE
rand1751,0.014,0.016,solved,MULTIPLE
rand1752,0.009,0.012,solved,MULTIPLE
rand1753,0.013,0.014,solved,MULTIPLE
rand1754,0.017,0.021,solved,MULTIPLE
rand1755,0.013,0.018,solved,MULTIPLE
rand1756,0.010,0.013,solved,MULTIPLE
rand1757,0.013,0.015,solved,UNIQUE
rand1758,0.014,0.022,solved,MULTIPLE
rand1759,0.021,0.023,solved,MULTIPLE
rand1760,0.014,0.016,solved,MULTIPLE
rand1761,0.015,0.017,solved,MULTIPLE
rand1762,0.016,0.019,solved,MULTIPLE
rand1763,0.019,0.022,solved,MULTIPLE
rand1764,0.019,0.024,solved,MULTIPLE
rand1765,0.014,0.018,solved,MULTIPLE
rand1766,0.015,0.018,solved,MULTIPLE
rand1767,0.022,0.024,solved,MULTIPLE
rand1768,0.022,0.024,solved,MULTIPLE
rand1769,0.016,0.018,solved,MULTIPLE
rand1770,0.017,0.019,solved,MULTIPLE
rand1771,0.014,0.016,solved,MULTIPLE
rand1772,0.014,0.016,solved,MULTIPLE
rand1773,0.016,0.019,solved,MULTIPLE
rand1774,0.014,0.016,solved,MULTIPLE
rand1775,0.014,0.017,solved,MULTIPLE
rand1776,0.011,0.014,solved,MULTIPLE
rand1777,0.015,0.018,solved,MULTIPLE
rand1778,0.015,0.019,solved,MULTIPLE
rand1779,0.016,0.018,solved,MULTIPLE
rand1780,0.015,0.019,solved,MULTIPLE
rand1781,0.016,0.019,solved,MULTIPLE
rand1782,0.014,0.023,solved,MULTIPLE
rand1783,0.013,0.016,solved,MULTIPLE
rand1784,0.017,0.021,solved,MULTIPLE
rand1785,0.021,0.023,solved,MULTIPLE
rand1786,0.024,0.026,solved,MULTIPLE
rand1787,0.014,0.016,solved,MULTIPLE
rand1788,0.015,0.017,solved,MULTIPLE
rand1789,0.017,0.020,solved,MULTIPLE
rand1790,0.017,0.019,solved,MULTIPLE
rand1791,0.015,0.019,solved,MULTIPLE
rand1792,0.014,0.019,solved,MULTIPLE
rand1793,0.011,0.013,solved,MULTIPLE
rand1794,0.014,0.017,solved,MULTIPLE
rand1795,0.013,0.016,solved,UNIQUE
rand1796,0.013,0.016,solved,MULTIPLE
rand1797,0.016,0.024,solved,MULTIPLE
rand1798,0.012,0.015,solved,MULTIPLE
rand1799,0.013,0.017,solved,MULTIPLE
rand1800,0.014,0.017,solved,MULTIPLE
rand1801,0.017,0.020,solved,MULTIPLE
rand1802,0.017,0.020,solved,MULTIPLE
rand1803,0.016,0.020,solved,MULTIPLE
rand1804,0.021,0.023,solved,MULTIPLE
rand1805,0.015,0.016,solved,MULTIPLE
rand1806,0.015,0.018,solved,MULTIPLE
rand1807,0.014,0.016,solved,MULTIPLE
rand1808,0.014,0.022,solved,MULTIPLE
rand1809,0.012,0.015,solved,MULTIPLE
rand1810,0.014,0.016,solved,MULTIPLE
rand1811,0.009,0.011,solved,MULTIPLE
rand1812,0.014,0.016,solved,MULTIPLE
rand1813,0.015,0.019,solved,MULTIPLE
rand1814,0.013,0.019,solved,MULTIPLE
rand1815,0.020,0.022,solved,MULTIPLE
rand1816,0.018,0.020,solved,MULTIPLE
rand1817,0.017,0.021,solved,MULTIPLE
rand1818,0.015,0.020,solved,MULTIPLE
rand1819,0.017,0.020,solved,MULTIPLE
rand1820,0.019,0.027,solved,MULTIPLE
rand1821,0.015,0.018,solved,MULTIPLE
rand1822,0.015,0.018,solved,MULTIPLE
rand1823,0.012,0.014,solved,MULTIPLE
rand1824,0.014,0.017,solved,MULTIPLE
rand1825,0.024,0.025,solved,MULTIPLE
rand1826,0.023,0.028,solved,MULTIPLE
rand1827,0.015,0.017,solved,MULTIPLE
rand1828,0.023,0.027,solved,MULTIPLE
rand1829,0.016,0.018,solved,MULTIPLE
rand1830,0.015,0.019,solved,MULTIPLE
rand1831,0.016,0.018,solved,MULTIPLE
rand1832,0.015,0.016,solved,MULTIPLE
rand1833,0.013,0.016,solved,MULTIPLE
rand1834,0.012,0.013,solved,MULTIPLE
rand1835,0.019,0.024,solved,MULTIPLE
rand1836,0.008,0.010,solved,MULTIPLE
rand1837,0.015,0.017,solved,MULTIPLE
rand1838,0.016,0.020,solved,MULTIPLE
rand1839,0.015,0.020,solved,MULTIPLE
rand1840,0.015,0.018,solved,MULTIPLE
rand1841,0.015,0.018,solved,MULTIPLE
rand1842,0.018,0.022,solved,MULTIPLE
rand1843,0.027,0.029,solved,MULTIPLE
rand1844,0.015,0.017,solved,MULTIPLE
rand1845,0.015,0.017,solved,MULTIPLE
rand1846,0.012,0.015,solved,MULTIPLE
rand1847,0.018,0.020,solved,MULTIPLE
rand1848,0.025,0.027,solved,MULTIPLE
rand1849,0.015,0.018,solved,MULTIPLE
rand1850,0.023,0.026,solved,MULTIPLE
rand1851,0.015,0.017,solved,MULTIPLE
rand1852,0.014,0.020,solved,MULTIPLE
rand1853,0.019,0.022,solved,MULTIPLE
rand1854,0.014,0.015,solved,MULTIPLE
rand1855,0.012,0.013,solved,MULTIPLE
rand1856,0.010,0.012,solved,MULTIPLE
rand1857,0.011,0.013,solved,MULTIPLE
rand1858,0.013,0.019,solved,MULTIPLE
rand1859,0.012,0.016,solved,MULTIPLE
rand1860,0.016,0.018,solved,MULTIPLE
rand1861,0.014,0.021,solved,MULTIPLE
rand1862,0.015,0.018,solved,MULTIPLE
rand1863,0.016,0.019,solved,MULTIPLE
rand1864,0.017,0.021,solved,UNIQUE
rand1865,0.016,0.019,solved,MULTIPLE
rand1866,0.020,0.023,solved,MULTIPLE
rand1867,0.016,0.020,solved,MULTIPLE
rand1868,0.014,0.016,solved,MULTIPLE
rand1869,0.016,0.020,solved,MULTIPLE
rand1870,0.014,0.018,solved,MULTIPLE
rand1871,0.014,0.017,solved,MULTIPLE
rand1872,0.025,0.028,solved,MULTIPLE
rand1873,0.013,0.016,solved,MULTIPLE
rand1874,0.115,0.117,solved,MULTIPLE
rand1875,0.017,0.020,solved,MULTIPLE
rand1876,0.015,0.017,solved,MULTIPLE
rand1877,0.014,0.017,solved,MULTIPLE
rand1878,0.017,0.020,solved,MULTIPLE
rand1879,0.020,0.024,solved,MULTIPLE
rand1880,0.017,0.019,solved,MULTIPLE
rand1881,0.011,0.013,solved,MULTIPLE
rand1882,0.011,0.012,solved,MULTIPLE
rand1883,0.018,0.020,solved,MULTIPLE
rand1884,0.013,0.017,solved,MULTIPLE
rand1885,0.010,0.011,solved,MULTIPLE
rand1886,0.012,0.015,solved,MULTIPLE
rand1887,0.012,0.015,solved,UNIQUE
rand1888,0.016,0.019,solved,MULTIPLE
rand1889,0.016,0.018,solved,MULTIPLE
rand1890,0.013,0.014,solved,MULTIPLE
rand1891,0.014,0.017,solved,MULTIPLE
rand1892,0.015,0.018,solved,MULTIPLE
rand1893,0.013,0.015,solved,MULTIPLE
rand1894,0.015,0.017,solved,MULTIPLE
rand1895,0.014,0.018,solved,MULTIPLE
rand1896,0.012,0.017,solved,MULTIPLE
rand1897,0.016,0.019,solved,MULTIPLE
rand1898,0.023,0.024,solved,MULTIPLE
rand1899,0.014,0.016,solved,MULTIPLE
rand1900,0.022,0.025,solved,MULTIPLE
rand1901,0.016,0.018,solved,MULTIPLE
rand1902,0.016,0.018,solved,MULTIPLE
rand1903,0.017,0.020,solved,MULTIPLE
rand1904,0.013,0.014,solved,MULTIPLE
rand1905,0.012,0.014,solved,MULTIPLE
rand1906,0.010,0.013,solved,MULTIPLE
rand1907,0.012,0.014,solved,MULTIPLE
rand1908,0.008,0.010,solved,MULTIPLE
rand1909,0.017,0.019,solved,MULTIPLE
rand1910,0.014,0.016,solved,MULTIPLE
rand1911,0.014,0.017,solved,MULTIPLE
rand1912,0.016,0.020,solved,MULTIPLE
rand1913,0.021,0.032,solved,MULTIPLE
rand1914,0.017,0.023,solved,MULTIPLE
rand1915,0.015,0.021,solved,MULTIPLE
rand1916,0.014,0.021,solved,MULTIPLE
rand1917,0.015,0.018,solved,MULTIPLE
rand1918,0.016,0.020,solved,MULTIPLE
rand1919,0.023,0.027,solved,MULTIPLE
rand1920,0.016,0.018,solved,MULTIPLE
rand1921,0.018,0.020,solved,MULTIPLE
rand1922,0.016,0.018,solved,MULTIPLE
rand1923,0.014,0.020,solved,MULTIPLE
rand1924,0.020,0.024,solved,MULTIPLE
rand1925,0.019,0.021,solved,MULTIPLE
rand1926,0.021,0.023,solved,MULTIPLE
rand1927,0.012,0.014,solved,MULTIPLE
rand1928,0.013,0.016,solved,MULTIPLE
rand1929,0.016,0.019,solved,MULTIPLE
rand1930,0.015,0.017,solved,MULTIPLE
rand1931,0.016,0.018,solved,MULTIPLE
rand1932,0.017,0.019,solved,MULTIPLE
rand1933,0.081,0.085,solved,MULTIPLE
rand1934,0.021,0.024,solved,MULTIPLE
rand1935,0.013,0.015,solved,MULTIPLE
rand1936,0.013,0.014,solved,MULTIPLE
rand1937,0.014,0.015,solved,MULTIPLE
rand1938,0.016,0.019,solved,MULTIPLE
rand1939,0.013,0.018,solved,MULTIPLE
rand1940,0.016,0.019,solved,MULTIPLE
rand1941,0.012,0.017,solved,MULTIPLE
rand1942,0.014,0.018,solved,MULTIPLE
rand1943,0.014,0.017,solved,MULTIPLE
rand1944,0.015,0.022,solved,MULTIPLE
rand1945,0.012,0.014,solved,MULTIPLE
rand1946,0.018,0.022,solved,MULTIPLE
rand1947,0.014,0.016,solved,MULTIPLE
rand1948,0.016,0.018,solved,MULTIPLE
rand1949,0.016,0.019,solved,MULTIPLE
rand1950,0.015,0.019,solved,MULTIPLE
rand1951,0.015,0.017,solved,MULTIPLE
rand1952,0.022,0.025,solved,MULTIPLE
rand1953,0.011,0.013,solved,MULTIPLE
rand1954,0.018,0.022,solved,MULTIPLE
rand1955,0.022,0.024,solved,MULTIPLE
rand1956,0.013,0.014,solved,MULTIPLE
rand1957,0.010,0.013,solved,UNIQUE
rand1958,0.015,0.016,solved,MULTIPLE
rand1959,0.035,0.036,solved,MULTIPLE
rand1960,0.014,0.016,solved,MULTIPLE
rand1961,0.013,0.015,solved,MULTIPLE
rand1962,0.014,0.016,solved,MULTIPLE
rand1963,0.025,0.030,solved,MULTIPLE
rand1964,0.014,0.019,solved,MULTIPLE
rand1965,0.013,0.015,solved,MULTIPLE
rand1966,0.011,0.013,solved,MULTIPLE
rand1967,0.016,0.018,solved,MULTIPLE
rand1968,0.013,0.015,solved,MULTIPLE
rand1969,0.013,0.017,solved,MULTIPLE
rand1970,0.020,0.025,solved,MULTIPLE
rand1971,0.021,0.022,solved,MULTIPLE
rand1972,0.014,0.017,solved,MULTIPLE
rand1973,0.019,0.021,solved,MULTIPLE
rand1974,0.016,0.018,solved,MULTIPLE
rand1975,0.016,0.018,solved,MULTIPLE
rand1976,0.018,0.020,solved,MULTIPLE
rand1977,0.018,0.019,solved,MULTIPLE
rand1978,0.012,0.015,solved,MULTIPLE
rand1979,0.013,0.014,solved,MULTIPLE
rand1980,0.012,0.013,solved,MULTIPLE
rand1981,0.015,0.019,solved,MULTIPLE
rand1982,0.019,0.023,solved,MULTIPLE
rand1983,0.023,0.025,solved,MULTIPLE
rand1984,0.016,0.017,solved,MULTIPLE
rand1985,0.016,0.020,solved,MULTIPLE
rand1986,0.015,0.018,solved,MULTIPLE
rand1987,0.020,0.026,solved,MULTIPLE
rand1988,0.016,0.021,solved,MULTIPLE
rand1989,0.016,0.018,solved,MULTIPLE
rand1990,0.015,0.016,solved,MULTIPLE
rand1991,0.009,0.011,solved,MULTIPLE
rand1992,0.017,0.020,solved,MULTIPLE
rand1993,0.010,0.013,solved,MULTIPLE
rand1994,0.014,0.016,solved,MULTIPLE
rand1995,0.013,0.015,solved,MULTIPLE
rand1996,0.012,0.013,solved,MULTIPLE
rand1997,0.021,0.023,solved,MULTIPLE
rand1998,0.019,0.020,solved,MULTIPLE
rand1999,0.019,0.023,solved,MULTIPLE
rand2000,0.016,0.018,solved,MULTIPLE
rand2001,0.017,0.018,solved,MULTIPLE
rand2002,0.016,0.018,solved,MULTIPLE
rand2003,0.016,0.018,solved,MULTIPLE
rand2004,0.014,0.015,solved,MULTIPLE
rand2005,0.014,0.016,solved,MULTIPLE
rand2006,0.023,0.025,solved,MULTIPLE
rand2007,0.014,0.016,solved,MULTIPLE
rand2008,0.012,0.016,solved,MULTIPLE
rand2009,0.016,0.019,solved,MULTIPLE
rand2010,0.016,0.019,solved,MULTIPLE
rand2011,0.013,0.019,solved,MULTIPLE
rand2012,0.016,0.020,solved,MULTIPLE
rand2013,0.018,0.019,solved,MULTIPLE
rand2014,0.015,0.016,solved,MULTIPLE
rand2015,0.016,0.018,solved,MULTIPLE
rand2016,0.017,0.022,solved,MULTIPLE
rand2017,0.015,0.018,solved,MULTIPLE
rand2018,0.017,0.021,solved,MULTIPLE
rand2019,0.013,0.014,solved,MULTIPLE
rand2020,0.015,0.020,solved,MULTIPLE
rand2021,0.020,0.022,solved,MULTIPLE
rand2022,0.009,0.011,solved,MULTIPLE
rand2023,0.014,0.019,solved,MULTIPLE
rand2024,0.013,0.015,solved,MULTIPLE
rand2025,0.016,0.018,solved,MULTIPLE
rand2026,0.016,0.020,solved,MULTIPLE
rand2027,0.016,0.020,solved,MULTIPLE
rand2028,0.016,0.019,solved,MULTIPLE
rand2029,0.011,0.013,solved,MULTIPLE
rand2030,0.015,0.018,solved,MULTIPLE
rand2031,0.017,0.021,solved,MULTIPLE
rand2032,0.018,0.020,solved,MULTIPLE
rand2033,0.019,0.021,solved,MULTIPLE
rand2034,0.017,0.021,solved,MULTIPLE
rand2035,0.014,0.018,solved,MULTIPLE
rand2036,0.009,0.012,solved,MULTIPLE
rand2037,0.037,0.040,solved,MULTIPLE
rand2038,0.016,0.019,solved,MULTIPLE
rand2039,0.012,0.016,solved,MULTIPLE
rand2040,0.016,0.019,solved,MULTIPLE
rand2041,0.009,0.010,solved,MULTIPLE
rand2042,0.016,0.018,solved,MULTIPLE
rand2043,0.014,0.018,solved,MULTIPLE
rand2044,0.014,0.017,solved,MULTIPLE
rand2045,0.012,0.014,solved,MULTIPLE
rand2046,0.022,0.026,solved,MULTIPLE
rand2047,0.009,0.011,solved,MULTIPLE
rand2048,0.015,0.019,solved,MULTIPLE
rand2049,0.011,0.014,solved,MULTIPLE
rand2050,0.016,0.020,solved,MULTIPLE
rand2051,0.012,0.015,solved,MULTIPLE
rand2052,0.016,0.019,solved,MULTIPLE
rand2053,0.016,0.022,solved,MULTIPLE
rand2054,0.008,0.013,solved,MULTIPLE
rand2055,0.016,0.018,solved,MULTIPLE
rand2056,0.018,0.021,solved,MULTIPLE
rand2057,0.023,0.025,solved,MULTIPLE
rand2058,0.025,0.028,solved,MULTIPLE
rand2059,0.019,0.021,solved,MULTIPLE
rand2060,0.015,0.018,solved,MULTIPLE
rand2061,0.009,0.014,solved,MULTIPLE
rand2062,0.020,0.021,solved,MULTIPLE
rand2063,0.018,0.020,solved,MULTIPLE
rand2064,0.012,0.013,solved,MULTIPLE
rand2065,0.012,0.014,solved,MULTIPLE
rand2066,0.013,0.016,solved,MULTIPLE
rand2067,0.019,0.021,solved,MULTIPLE
rand2068,0.015,0.016,solved,MULTIPLE
rand2069,0.014,0.016,solved,MULTIPLE
rand2070,0.017,0.019,solved,MULTIPLE
rand2071,0.016,0.021,solved,MULTIPLE
rand2072,0.013,0.017,solved,MULTIPLE
rand2073,0.009,0.013,solved,MULTIPLE
rand2074,0.016,0.018,solved,MULTIPLE
rand2075,0.015,0.019,solved,MULTIPLE
rand2076,0.015,0.017,solved,MULTIPLE
rand2077,0.019,0.021,solved,MULTIPLE
rand2078,0.009,0.011,solved,MULTIPLE
rand2079,0.016,0.019,solved,MULTIPLE
rand2080,0.015,0.019,solved,MULTIPLE
rand2081,0.014,0.020,solved,MULTIPLE
rand2082,0.015,0.018,solved,MULTIPLE
rand2083,0.014,0.016,solved,MULTIPLE
rand2084,0.015,0.019,solved,MULTIPLE
rand2085,0.009,0.011,solved,MULTIPLE
rand2086,0.016,0.018,solved,MULTIPLE
rand2087,0.019,0.021,solved,MULTIPLE
rand2088,0.013,0.016,solved,MULTIPLE
rand2089,0.015,0.017,solved,MULTIPLE
rand2090,0.016,0.019,solved,MULTIPLE
rand2091,0.089,0.092,solved,MULTIPLE
rand2092,0.012,0.016,solved,MULTIPLE
rand2093,0.016,0.019,solved,MULTIPLE
rand2094,0.017,0.019,solved,MULTIPLE
rand2095,0.029,0.030,solved,MULTIPLE
rand2096,0.015,0.017,solved,MULTIPLE
rand2097,0.025,0.026,solved,MULTIPLE
rand2098,0.014,0.017,solved,MULTIPLE
rand2099,0.009,0.011,solved,MULTIPLE
rand2100,0.015,0.018,solved,MULTIPLE
rand2101,0.011,0.012,solved,MULTIPLE
rand2102,0.013,0.014,solved,MULTIPLE
rand2103,0.011,0.013,solved,MULTIPLE
rand2104,0.010,0.013,solved,UNIQUE
rand2105,0.024,0.025,solved,MULTIPLE
rand2106,0.014,0.016,solved,MULTIPLE
rand2107,0.019,0.023,solved,MULTIPLE
rand2108,0.017,0.019,solved,MULTIPLE
rand2109,0.015,0.016,solved,MULTIPLE
rand2110,0.009,0.012,solved,MULTIPLE
rand2111,0.015,0.017,solved,MULTIPLE
rand2112,0.010,0.012,solved,MULTIPLE
rand2113,0.015,0.017,solved,MULTIPLE
rand2114,0.016,0.018,solved,MULTIPLE
rand2115,0.025,0.027,solved,MULTIPLE
rand2116,0.013,0.016,solved,MULTIPLE
rand2117,0.014,0.019,solved,MULTIPLE
rand2118,0.016,0.019,solved,MULTIPLE
rand2119,0.015,0.017,solved,MULTIPLE
rand2120,0.014,0.015,solved,MULTIPLE
rand2121,0.011,0.014,solved,MULTIPLE
rand2122,0.014,0.017,solved,MULTIPLE
rand2123,0.015,0.018,solved,MULTIPLE
rand2124,0.015,0.017,solved,MULTIPLE
rand2125,0.021,0.026,solved,MULTIPLE
rand2126,0.016,0.020,solved,MULTIPLE
rand2127,0.018,0.021,solved,MULTIPLE
rand2128,0.015,0.016,solved,MULTIPLE
rand2129,0.022,0.025,solved,MULTIPLE
rand2130,0.017,0.019,solved,MULTIPLE
rand2131,0.014,0.019,solved,MULTIPLE
rand2132,0.013,0.014,solved,MULTIPLE
rand2133,0.014,0.017,solved,MULTIPLE
rand2134,0.015,0.016,solved,MULTIPLE
rand2135,0.024,0.027,solved,MULTIPLE
rand2136,0.015,0.017,solved,MULTIPLE
rand2137,0.009,0.011,solved,MULTIPLE
rand2138,0.014,0.020,solved,MULTIPLE
rand2139,0.014,0.020,solved,MULTIPLE
rand2140,0.015,0.018,solved,MULTIPLE
rand2141,0.020,0.023,solved,MULTIPLE
rand2142,0.017,0.019,solved,MULTIPLE
rand2143,0.018,0.021,solved,MULTIPLE
rand2144,0.015,0.021,solved,MULTIPLE
rand2145,0.027,0.031,solved,MULTIPLE
rand2146,0.014,0.019,solved,MULTIPLE
rand2147,0.017,0.018,solved,MULTIPLE
rand2148,0.015,0.021,solved,MULTIPLE
rand2149,0.014,0.015,solved,MULTIPLE
rand2150,0.012,0.016,solved,MULTIPLE
rand2151,0.012,0.015,solved,MULTIPLE
rand2152,0.019,0.023,solved,MULTIPLE
rand2153,0.012,0.016,solved,MULTIPLE
rand2154,0.016,0.022,solved,MULTIPLE
rand2155,0.016,0.022,solved,MULTIPLE
rand2156,0.016,0.019,solved,MULTIPLE
rand2157,0.016,0.021,solved,MULTIPLE
rand2158,0.017,0.023,solved,MULTIPLE
rand2159,0.015,0.019,solved,MULTIPLE
rand2160,0.015,0.017,solved,MULTIPLE
rand2161,0.016,0.020,solved,MULTIPLE
rand2162,0.021,0.023,solved,MULTIPLE
rand2163,0.016,0.018,solved,MULTIPLE
rand2164,0.014,0.016,solved,MULTIPLE
rand2165,0.013,0.019,solved,UNIQUE
rand2166,0.014,0.017,solved,MULTIPLE
rand2167,0.014,0.018,solved,MULTIPLE
rand2168,1.311,1.314,solved,MULTIPLE
rand2169,0.016,0.019,solved,MULTIPLE
rand2170,0.015,0.016,solved,MULTIPLE
rand2171,0.013,0.016,solved,MULTIPLE
rand2172,0.017,0.020,solved,MULTIPLE
rand2173,0.011,0.017,solved,MULTIPLE
rand2174,0.015,0.018,solved,MULTIPLE
rand2175,0.014,0.016,solved,MULTIPLE
rand2176,0.010,0.012,solved,MULTIPLE
rand2177,0.021,0.024,solved,MULTIPLE
rand2178,0.013,0.015,solved,MULTIPLE
rand2179,0.013,0.014,solved,MULTIPLE
rand2180,0.017,0.020,solved,MULTIPLE
rand2181,0.011,0.013,solved,UNIQUE
rand2182,0.019,0.022,solved,MULTIPLE
rand2183,0.019,0.022,solved,MULTIPLE
rand2184,0.015,0.018,solved,MULTIPLE
rand2185,0.016,0.017,solved,MULTIPLE
rand2186,0.014,0.018,solved,MULTIPLE
rand2187,0.012,0.014,solved,MULTIPLE
rand2188,0.012,0.013,solved,MULTIPLE
rand2189,0.011,0.012,solved,MULTIPLE
rand2190,0.014,0.017,solved,UNIQUE
rand2191,0.015,0.020,solved,MULTIPLE
rand2192,0.013,0.014,solved,MULTIPLE
rand2193,0.016,0.019,solved,MULTIPLE
rand2194,0.015,0.019,solved,MULTIPLE
rand2195,0.020,0.022,solved,MULTIPLE
rand2196,0.165,0.168,solved,MULTIPLE
rand2197,0.020,0.022,solved,MULTIPLE
rand2198,0.012,0.015,solved,MULTIPLE
rand2199,0.014,0.017,solved,MULTIPLE
rand2200,0.010,0.011,solved,MULTIPLE
rand2201,0.012,0.016,solved,MULTIPLE
rand2202,0.009,0.012,solved,MULTIPLE
rand2203,0.034,0.036,solved,MULTIPLE
rand2204,0.016,0.017,solved,MULTIPLE
rand2205,0.010,0.013,solved,MULTIPLE
rand2206,0.014,0.017,solved,MULTIPLE
rand2207,0.012,0.014,solved,MULTIPLE
rand2208,0.015,0.016,solved,MULTIPLE
rand2209,0.013,0.014,solved,MULTIPLE
rand2210,0.011,0.013,solved,MULTIPLE
rand2211,0.008,0.010,solved,MULTIPLE
rand2212,0.017,0.020,solved,MULTIPLE
rand2213,0.008,0.010,solved,MULTIPLE
rand2214,0.015,0.017,solved,MULTIPLE
rand2215,0.013,0.016,solved,UNIQUE
rand2216,0.014,0.015,solved,MULTIPLE
rand2217,0.015,0.017,solved,MULTIPLE
rand2218,0.013,0.015,solved,MULTIPLE
rand2219,0.013,0.015,solved,UNIQUE
rand2220,0.012,0.014,solved,MULTIPLE
rand2221,0.011,0.013,solved,MULTIPLE
rand2222,0.013,0.015,solved,MULTIPLE
rand2223,0.009,0.010,solved,MULTIPLE
rand2224,0.014,0.016,solved,MULTIPLE
rand2225,0.015,0.016,solved,MULTIPLE
rand2226,0.014,0.017,solved,MULTIPLE
rand2227,0.014,0.015,solved,MULTIPLE
rand2228,0.013,0.014,solved,MULTIPLE
rand2229,0.029,0.031,solved,MULTIPLE
rand2230,0.013,0.014,solved,MULTIPLE
rand2231,0.011,0.014,solved,MULTIPLE
rand2232,0.013,0.014,solved,MULTIPLE
rand2233,0.012,0.014,solved,UNIQUE
rand2234,0.013,0.014,solved,MULTIPLE
rand2235,0.012,0.015,solved,MULTIPLE
rand2236,0.012,0.015,solved,MULTIPLE
rand2237,0.013,0.015,solved,MULTIPLE
rand2238,0.011,0.014,solved,MULTIPLE
rand2239,0.011,0.012,solved,MULTIPLE
rand2240,0.015,0.017,solved,MULTIPLE
rand2241,0.018,0.019,solved,MULTIPLE
rand2242,0.013,0.014,solved,MULTIPLE
rand2243,0.011,0.013,solved,MULTIPLE
rand2244,0.012,0.014,solved,MULTIPLE
rand2245,0.013,0.015,solved,MULTIPLE
rand2246,0.009,0.011,solved,MULTIPLE
rand2247,0.015,0.016,solved,MULTIPLE
rand2248,0.015,0.017,solved,MULTIPLE
rand2249,0.027,0.028,solved,MULTIPLE
rand2250,0.014,0.016,solved,MULTIPLE
rand2251,0.014,0.017,solved,MULTIPLE
rand2252,0.026,0.031,solved,MULTIPLE
rand2253,0.014,0.015,solved,MULTIPLE
rand2254,0.013,0.016,solved,MULTIPLE
rand2255,0.012,0.014,solved,MULTIPLE
rand2256,0.012,0.014,solved,MULTIPLE
rand2257,0.013,0.014,solved,MULTIPLE
rand2258,0.012,0.016,solved,MULTIPLE
rand2259,0.013,0.017,solved,MULTIPLE
rand2260,0.014,0.017,solved,MULTIPLE
rand2261,0.016,0.018,solved,MULTIPLE
rand2262,0.013,0.018,solved,MULTIPLE
rand2263,0.013,0.015,solved,MULTIPLE
rand2264,0.018,0.020,solved,MULTIPLE
rand2265,0.018,0.020,solved,MULTIPLE
rand2266,0.015,0.018,solved,MULTIPLE
rand2267,0.012,0.014,solved,MULTIPLE
rand2268,0.016,0.017,solved,MULTIPLE
rand2269,0.020,0.022,solved,MULTIPLE
rand2270,0.016,0.019,solved,MULTIPLE
rand2271,0.013,0.014,solved,MULTIPLE
rand2272,0.017,0.018,solved,MULTIPLE
rand2273,0.017,0.019,solved,MULTIPLE
rand2274,0.011,0.013,solved,MULTIPLE
rand2275,0.013,0.015,solved,MULTIPLE
rand2276,0.012,0.014,solved,MULTIPLE
rand2277,0.014,0.018,solved,MULTIPLE
rand2278,0.014,0.016,solved,MULTIPLE
rand2279,0.019,0.022,solved,MULTIPLE
rand2280,0.014,0.019,solved,MULTIPLE
rand2281,0.023,0.025,solved,MULTIPLE
rand2282,0.017,0.020,solved,MULTIPLE
rand2283,0.013,0.015,solved,MULTIPLE
rand2284,0.010,0.012,solved,MULTIPLE
rand2285,0.018,0.020,solved,MULTIPLE
rand2286,0.014,0.015,solved,MULTIPLE
rand2287,0.014,0.015,solved,MULTIPLE
rand2288,0.016,0.019,solved,MULTIPLE
rand2289,0.016,0.017,solved,MULTIPLE
rand2290,0.017,0.019,solved,MULTIPLE
rand2291,0.018,0.021,solved,MULTIPLE
rand2292,0.015,0.017,solved,MULTIPLE
rand2293,0.020,0.023,solved,MULTIPLE
rand2294,0.017,0.019,solved,MULTIPLE
rand2295,0.013,0.015,solved,MULTIPLE
rand2296,0.014,0.017,solved,MULTIPLE
rand2297,0.011,0.014,solved,MULTIPLE
rand2298,0.012,0.014,solved,MULTIPLE
rand2299,0.012,0.013,solved,MULTIPLE
rand2300,0.009,0.011,solved,MULTIPLE
rand2301,0.013,0.017,solved,MULTIPLE
rand2302,0.012,0.018,solved,MULTIPLE
rand2303,0.019,0.021,solved,MULTIPLE
rand2304,0.014,0.018,solved,MULTIPLE
rand2305,0.015,0.017,solved,MULTIPLE
rand2306,0.012,0.014,solved,MULTIPLE
rand2307,0.015,0.019,solved,MULTIPLE
rand2308,0.019,0.022,solved,MULTIPLE
rand2309,0.012,0.014,solved,MULTIPLE
rand2310,0.014,0.016,solved,MULTIPLE
rand2311,0.009,0.011,solved,MULTIPLE
rand2312,0.015,0.017,solved,MULTIPLE
rand2313,0.013,0.015,solved,MULTIPLE
rand2314,0.016,0.019,solved,MULTIPLE
rand2315,0.015,0.018,solved,MULTIPLE
rand2316,0.015,0.016,solved,MULTIPLE
rand2317,0.015,0.018,solved,MULTIPLE
rand2318,0.012,0.014,solved,MULTIPLE
rand2319,0.016,0.018,solved,MULTIPLE
rand2320,0.020,0.022,solved,MULTIPLE
rand2321,0.011,0.012,solved,MULTIPLE
rand2322,0.016,0.017,solved,MULTIPLE
rand2323,0.016,0.019,solved,UNIQUE
rand2324,0.011,0.013,solved,MULTIPLE
rand2325,0.014,0.016,solved,MULTIPLE
rand2326,0.012,0.016,solved,MULTIPLE
rand2327,0.014,0.017,solved,MULTIPLE
rand2328,0.014,0.017,solved,MULTIPLE
rand2329,0.013,0.015,solved,MULTIPLE
rand2330,0.030,0.032,solved,MULTIPLE
rand2331,0.014,0.016,solved,MULTIPLE
rand2332,0.018,0.024,solved,MULTIPLE
rand2333,0.017,0.019,solved,MULTIPLE
rand2334,0.013,0.015,solved,MULTIPLE
rand2335,0.024,0.028,solved,MULTIPLE
rand2336,0.015,0.017,solved,MULTIPLE
rand2337,0.012,0.014,solved,UNIQUE
rand2338,0.026,0.027,solved,MULTIPLE
rand2339,0.011,0.014,solved,MULTIPLE
rand2340,0.017,0.020,solved,MULTIPLE
rand2341,0.012,0.013,solved,MULTIPLE
rand2342,0.012,0.014,solved,MULTIPLE
rand2343,0.019,0.023,solved,MULTIPLE
rand2344,0.011,0.013,solved,MULTIPLE
rand2345,0.015,0.017,solved,MULTIPLE
rand2346,0.011,0.013,solved,MULTIPLE
rand2347,0.011,0.013,solved,MULTIPLE
rand2348,0.017,0.019,solved,MULTIPLE
rand2349,0.014,0.017,solved,MULTIPLE
rand2350,0.015,0.017,solved,MULTIPLE
rand2351,0.017,0.020,solved,MULTIPLE
rand2352,0.017,0.020,solved,MULTIPLE
rand2353,0.015,0.018,solved,MULTIPLE
rand2354,0.016,0.020,solved,MULTIPLE
rand2355,0.013,0.015,solved,MULTIPLE
rand2356,0.013,0.015,solved,MULTIPLE
rand2357,0.013,0.016,solved,MULTIPLE
rand2358,0.012,0.015,solved,MULTIPLE
rand2359,0.011,0.012,solved,MULTIPLE
rand2360,0.014,0.016,solved,MULTIPLE
rand2361,0.022,0.023,solved,MULTIPLE
rand2362,0.012,0.017,solved,MULTIPLE
rand2363,0.019,0.021,solved,MULTIPLE
rand2364,0.015,0.018,solved,MULTIPLE
rand2365,0.016,0.017,solved,MULTIPLE
rand2366,0.017,0.021,solved,MULTIPLE
rand2367,0.015,0.017,solved,MULTIPLE
rand2368,0.014,0.016,solved,MULTIPLE
rand2369,0.011,0.013,solved,MULTIPLE
rand2370,0.012,0.014,solved,MULTIPLE
rand2371,0.012,0.015,solved,MULTIPLE
rand2372,0.011,0.012,solved,MULTIPLE
rand2373,0.013,0.017,solved,MULTIPLE
rand2374,0.013,0.014,solved,MULTIPLE
rand2375,0.014,0.020,solved,MULTIPLE
rand2376,0.015,0.020,solved,UNIQUE
rand2377,0.016,0.018,solved,MULTIPLE
rand2378,0.014,0.016,solved,MULTIPLE
rand2379,0.016,0.018,solved,MULTIPLE
rand2380,0.017,0.019,solved,MULTIPLE
rand2381,0.013,0.015,solved,MULTIPLE
rand2382,0.011,0.012,solved,MULTIPLE
rand2383,0.015,0.020,solved,MULTIPLE
rand2384,0.012,0.015,solved,MULTIPLE
rand2385,0.015,0.017,solved,MULTIPLE
rand2386,0.012,0.014,solved,MULTIPLE
rand2387,0.013,0.015,solved,MULTIPLE
rand2388,0.028,0.030,solved,MULTIPLE
rand2389,0.017,0.019,solved,MULTIPLE
rand2390,0.012,0.013,solved,UNIQUE
rand2391,0.015,0.019,solved,MULTIPLE
rand2392,0.013,0.016,solved,MULTIPLE
rand2393,0.013,0.016,solved,MULTIPLE
rand2394,0.013,0.015,solved,MULTIPLE
rand2395,0.015,0.018,solved,MULTIPLE
rand2396,0.016,0.018,solved,MULTIPLE
rand2397,0.009,0.011,solved,MULTIPLE
rand2398,0.016,0.019,solved,MULTIPLE
rand2399,0.013,0.016,solved,MULTIPLE
rand2400,0.014,0.020,solved,MULTIPLE
rand2401,0.044,0.051,solved,MULTIPLE
rand2402,0.017,0.019,solved,MULTIPLE
rand2403,0.012,0.016,solved,MULTIPLE
rand2404,0.016,0.017,solved,MULTIPLE
rand2405,0.013,0.015,solved,MULTIPLE
rand2406,0.016,0.020,solved,MULTIPLE
rand2407,0.013,0.017,solved,MULTIPLE
rand2408,0.016,0.018,solved,MULTIPLE
rand2409,0.014,0.016,solved,MULTIPLE
rand2410,0.248,0.251,solved,MULTIPLE
rand2411,0.011,0.012,solved,MULTIPLE
rand2412,0.014,0.015,solved,MULTIPLE
rand2413,0.010,0.012,solved,MULTIPLE
rand2414,0.018,0.021,solved,MULTIPLE
rand2415,0.015,0.016,solved,MULTIPLE
rand2416,0.017,0.020,solved,MULTIPLE
rand2417,0.015,0.016,solved,MULTIPLE
rand2418,0.010,0.011,solved,MULTIPLE
rand2419,0.012,0.013,solved,MULTIPLE
rand2420,0.012,0.013,solved,MULTIPLE
rand2421,0.011,0.013,solved,MULTIPLE
rand2422,0.014,0.016,solved,MULTIPLE
rand2423,0.011,0.016,solved,MULTIPLE
rand2424,0.012,0.014,solved,MULTIPLE
rand2425,0.016,0.018,solved,MULTIPLE
rand2426,0.015,0.016,solved,MULTIPLE
rand2427,0.015,0.016,solved,MULTIPLE
rand2428,0.016,0.017,solved,MULTIPLE
rand2429,0.011,0.013,solved,MULTIPLE
rand2430,0.012,0.013,solved,MULTIPLE
rand2431,0.009,0.010,solved,MULTIPLE
rand2432,0.015,0.017,solved,MULTIPLE
rand2433,0.012,0.014,solved,MULTIPLE
rand2434,0.015,0.017,solved,MULTIPLE
rand2435,0.011,0.013,solved,MULTIPLE
rand2436,0.015,0.018,solved,MULTIPLE
rand2437,0.018,0.020,solved,MULTIPLE
rand2438,0.010,0.011,solved,MULTIPLE
rand2439,0.015,0.018,solved,MULTIPLE
rand2440,0.013,0.014,solved,MULTIPLE
rand2441,0.010,0.012,solved,MULTIPLE
rand2442,0.012,0.014,solved,MULTIPLE
rand2443,0.011,0.013,solved,MULTIPLE
rand2444,0.015,0.019,solved,MULTIPLE
rand2445,0.012,0.013,solved,UNIQUE
rand2446,0.018,0.021,solved,MULTIPLE
rand2447,0.011,0.013,solved,MULTIPLE
rand2448,0.015,0.016,solved,MULTIPLE
rand2449,0.019,0.020,solved,MULTIPLE
rand2450,0.012,0.014,solved,MULTIPLE
rand2451,0.016,0.019,solved,MULTIPLE
rand2452,0.013,0.015,solved,MULTIPLE
rand2453,0.010,0.012,solved,MULTIPLE
rand2454,0.009,0.010,solved,MULTIPLE
rand2455,0.014,0.016,solved,MULTIPLE
rand2456,0.011,0.013,solved,MULTIPLE
rand2457,0.014,0.015,solved,MULTIPLE
rand2458,0.009,0.014,solved,MULTIPLE
rand2459,0.017,0.018,solved,MULTIPLE
rand2460,0.016,0.018,solved,MULTIPLE
rand2461,0.016,0.018,solved,MULTIPLE
rand2462,0.013,0.014,solved,MULTIPLE
rand2463,0.047,0.049,solved,MULTIPLE
rand2464,0.014,0.017,solved,MULTIPLE
rand2465,0.016,0.017,solved,MULTIPLE
rand2466,0.015,0.016,solved,MULTIPLE
rand2467,0.015,0.016,solved,MULTIPLE
rand2468,0.014,0.017,solved,MULTIPLE
rand2469,0.012,0.013,solved,MULTIPLE
rand2470,0.013,0.014,solved,MULTIPLE
rand2471,0.012,0.014,solved,MULTIPLE
rand2472,0.054,0.056,solved,MULTIPLE
rand2473,0.012,0.013,solved,MULTIPLE
rand2474,0.019,0.022,solved,MULTIPLE
rand2475,0.010,0.012,solved,MULTIPLE
rand2476,0.109,0.111,solved,MULTIPLE
rand2477,0.013,0.014,solved,UNIQUE
rand2478,0.019,0.021,solved,MULTIPLE
rand2479,0.022,0.024,solved,MULTIPLE
rand2480,0.019,0.021,solved,MULTIPLE
rand2481,0.012,0.013,solved,MULTIPLE
rand2482,0.009,0.012,solved,MULTIPLE
rand2483,0.012,0.014,solved,MULTIPLE
rand2484,0.009,0.011,solved,MULTIPLE
rand2485,0.017,0.020,solved,MULTIPLE
rand2486,0.015,0.018,solved,MULTIPLE
rand2487,0.016,0.018,solved,MULTIPLE
rand2488,0.014,0.016,solved,MULTIPLE
rand2489,0.015,0.017,solved,MULTIPLE
rand2490,0.019,0.020,solved,MULTIPLE
rand2491,0.017,0.018,solved,MULTIPLE
rand2492,0.010,0.012,solved,MULTIPLE
rand2493,0.014,0.016,solved,MULTIPLE
rand2494,0.012,0.014,solved,MULTIPLE
rand2495,0.043,0.044,solved,MULTIPLE
rand2496,0.013,0.014,solved,MULTIPLE
rand2497,0.020,0.021,solved,MULTIPLE
rand2498,0.015,0.016,solved,MULTIPLE
rand2499,0.016,0.018,solved,MULTIPLE
rand2500,0.023,0.026,solved,MULTIPLE
rand2501,0.012,0.013,solved,MULTIPLE
rand2502,0.012,0.013,solved,MULTIPLE
rand2503,0.010,0.011,solved,MULTIPLE
rand2504,0.013,0.015,solved,MULTIPLE
rand2505,0.015,0.018,solved,MULTIPLE
rand2506,0.014,0.016,solved,MULTIPLE
rand2507,0.015,0.018,solved,MULTIPLE
rand2508,0.015,0.018,solved,MULTIPLE
rand2509,0.015,0.019,solved,MULTIPLE
rand2510,0.016,0.020,solved,MULTIPLE
rand2511,0.015,0.017,solved,MULTIPLE
rand2512,0.010,0.012,solved,MULTIPLE
rand2513,0.017,0.020,solved,MULTIPLE
rand2514,0.023,0.024,solved,MULTIPLE
rand2515,0.020,0.021,solved,MULTIPLE
rand2516,0.013,0.014,solved,MULTIPLE
rand2517,0.014,0.015,solved,MULTIPLE
rand2518,0.018,0.019,solved,MULTIPLE
rand2519,0.014,0.017,solved,UNIQUE
rand2520,0.015,0.018,solved,MULTIPLE
rand2521,0.013,0.015,solved,MULTIPLE
rand2522,0.011,0.013,solved,MULTIPLE
rand2523,0.017,0.019,solved,MULTIPLE
rand2524,0.013,0.015,solved,MULTIPLE
rand2525,0.013,0.014,solved,MULTIPLE
rand2526,0.015,0.017,solved,MULTIPLE
rand2527,0.012,0.014,solved,MULTIPLE
rand2528,0.014,0.019,solved,MULTIPLE
rand2529,0.016,0.018,solved,MULTIPLE
rand2530,0.015,0.016,solved,MULTIPLE
rand2531,0.018,0.020,solved,MULTIPLE
rand2532,0.019,0.021,solved,MULTIPLE
rand2533,0.054,0.057,solved,MULTIPLE
rand2534,0.013,0.016,solved,MULTIPLE
rand2535,0.011,0.012,solved,MULTIPLE
rand2536,0.021,0.022,solved,MULTIPLE
rand2537,0.013,0.014,solved,MULTIPLE
rand2538,0.013,0.014,solved,MULTIPLE
rand2539,0.016,0.017,solved,MULTIPLE
rand2540,0.013,0.015,solved,MULTIPLE
rand2541,0.017,0.020,solved,MULTIPLE
rand2542,0.020,0.021,solved,MULTIPLE
rand2543,0.014,0.016,solved,MULTIPLE
rand2544,0.009,0.011,solved,MULTIPLE
rand2545,0.014,0.016,solved,UNIQUE
rand2546,0.021,0.024,solved,MULTIPLE
rand2547,0.010,0.011,solved,MULTIPLE
rand2548,0.306,0.309,solved,MULTIPLE
rand2549,0.009,0.010,solved,MULTIPLE
rand2550,0.011,0.013,solved,MULTIPLE
rand2551,0.012,0.014,solved,MULTIPLE
rand2552,0.016,0.017,solved,MULTIPLE
rand2553,0.014,0.017,solved,MULTIPLE
rand2554,0.015,0.018,solved,MULTIPLE
rand2555,0.012,0.014,solved,MULTIPLE
rand2556,0.014,0.017,solved,MULTIPLE
rand2557,0.014,0.016,solved,MULTIPLE
rand2558,0.008,0.010,solved,MULTIPLE
rand2559,0.014,0.017,solved,MULTIPLE
rand2560,0.014,0.016,solved,MULTIPLE
rand2561,0.014,0.017,solved,MULTIPLE
rand2562,0.017,0.019,solved,MULTIPLE
rand2563,0.016,0.020,solved,MULTIPLE
rand2564,0.014,0.015,solved,MULTIPLE
rand2565,0.015,0.017,solved,MULTIPLE
rand2566,0.012,0.015,solved,MULTIPLE
rand2567,0.103,0.106,solved,MULTIPLE
rand2568,2.430,2.433,solved,MULTIPLE
rand2569,0.012,0.013,solved,MULTIPLE
rand2570,0.020,0.022,solved,MULTIPLE
rand2571,0.018,0.019,solved,MULTIPLE
rand2572,0.013,0.014,solved,MULTIPLE
rand2573,0.027,0.028,solved,MULTIPLE
rand2574,0.012,0.013,solved,MULTIPLE
rand2575,0.009,0.011,solved,UNIQUE
rand2576,0.012,0.014,solved,MULTIPLE
rand2577,0.013,0.014,solved,MULTIPLE
rand2578,0.131,0.132,solved,MULTIPLE
rand2579,0.013,0.014,solved,UNIQUE
rand2580,0.016,0.019,solved,UNIQUE
rand2581,0.011,0.013,solved,MULTIPLE
rand2582,0.011,0.012,solved,MULTIPLE
rand2583,0.013,0.015,solved,MULTIPLE
rand2584,0.012,0.014,solved,MULTIPLE
rand2585,0.014,0.015,solved,UNIQUE
rand2586,0.013,0.015,solved,MULTIPLE
rand2587,0.013,0.014,solved,MULTIPLE
rand2588,0.014,0.015,solved,MULTIPLE
rand2589,0.012,0.015,solved,MULTIPLE
rand2590,0.012,0.014,solved,MULTIPLE
rand2591,0.011,0.012,solved,MULTIPLE
rand2592,0.017,0.017,solved,MULTIPLE
rand2593,0.012,0.013,solved,MULTIPLE
rand2594,0.012,0.016,solved,MULTIPLE
rand2595,0.012,0.017,solved,MULTIPLE
rand2596,0.017,0.018,solved,MULTIPLE
rand2597,0.013,0.014,solved,MULTIPLE
rand2598,0.014,0.015,solved,MULTIPLE
rand2599,0.016,0.018,solved,MULTIPLE
rand2600,0.012,0.014,solved,MULTIPLE
rand2601,0.015,0.016,solved,MULTIPLE
rand2602,0.018,0.019,solved,MULTIPLE
rand2603,0.013,0.014,solved,MULTIPLE
rand2604,0.014,0.015,solved,MULTIPLE
rand2605,0.014,0.015,solved,MULTIPLE
rand2606,0.011,0.012,solved,MULTIPLE
rand2607,0.010,0.011,solved,MULTIPLE
rand2608,0.015,0.017,solved,MULTIPLE
rand2609,0.010,0.011,solved,UNIQUE
rand2610,0.012,0.014,solved,MULTIPLE
rand2611,0.011,0.013,solved,MULTIPLE
rand2612,0.012,0.014,solved,MULTIPLE
rand2613,0.019,0.021,solved,MULTIPLE
rand2614,0.010,0.012,solved,MULTIPLE
rand2615,0.014,0.016,solved,MULTIPLE
rand2616,0.016,0.019,solved,MULTIPLE
rand2617,0.013,0.015,solved,MULTIPLE
rand2618,0.014,0.016,solved,MULTIPLE
rand2619,0.015,0.017,solved,MULTIPLE
rand2620,0.009,0.011,solved,MULTIPLE
rand2621,0.010,0.012,solved,MULTIPLE
rand2622,0.008,0.011,solved,MULTIPLE
rand2623,0.015,0.017,solved,MULTIPLE
rand2624,0.017,0.019,solved,MULTIPLE
rand2625,0.015,0.017,solved,MULTIPLE
rand2626,0.014,0.015,solved,MULTIPLE
rand2627,0.014,0.016,solved,MULTIPLE
rand2628,0.017,0.021,solved,MULTIPLE
rand2629,0.013,0.014,solved,MULTIPLE
rand2630,0.024,0.026,solved,MULTIPLE
rand2631,0.017,0.018,solved,MULTIPLE
rand2632,0.010,0.012,solved,MULTIPLE
rand2633,0.013,0.015,solved,MULTIPLE
rand2634,0.012,0.013,solved,MULTIPLE
rand2635,0.016,0.019,solved,MULTIPLE
rand2636,0.014,0.016,solved,MULTIPLE
rand2637,0.009,0.013,solved,MULTIPLE
rand2638,0.013,0.015,solved,MULTIPLE
rand2639,0.014,0.016,solved,MULTIPLE
rand2640,0.014,0.015,solved,MULTIPLE
rand2641,0.013,0.017,solved,MULTIPLE
rand2642,0.024,0.027,solved,MULTIPLE
rand2643,0.013,0.017,solved,MULTIPLE
rand2644,0.017,0.018,solved,MULTIPLE
rand2645,0.021,0.024,solved,MULTIPLE
rand2646,0.013,0.015,solved,MULTIPLE
rand2647,0.015,0.017,solved,MULTIPLE
rand2648,0.016,0.019,solved,MULTIPLE
rand2649,0.015,0.018,solved,MULTIPLE
rand2650,0.012,0.014,solved,MULTIPLE
rand2651,0.012,0.015,solved,MULTIPLE
rand2652,0.011,0.013,solved,MULTIPLE
rand2653,0.010,0.013,solved,MULTIPLE
rand2654,0.014,0.018,solved,MULTIPLE
rand2655,0.016,0.019,solved,MULTIPLE
rand2656,0.014,0.016,solved,MULTIPLE
rand2657,0.016,0.018,solved,MULTIPLE
rand2658,0.036,0.042,solved,MULTIPLE
rand2659,0.017,0.018,solved,MULTIPLE
rand2660,0.015,0.017,solved,MULTIPLE
rand2661,0.013,0.015,solved,MULTIPLE
rand2662,0.017,0.019,solved,MULTIPLE
rand2663,0.015,0.016,solved,MULTIPLE
rand2664,0.012,0.013,solved,MULTIPLE
rand2665,0.010,0.012,solved,MULTIPLE
rand2666,0.012,0.014,solved,MULTIPLE
rand2667,0.013,0.016,solved,MULTIPLE
rand2668,0.014,0.016,solved,MULTIPLE
rand2669,0.016,0.017,solved,MULTIPLE
rand2670,0.017,0.019,solved,MULTIPLE
rand2671,0.016,0.019,solved,MULTIPLE
rand2672,0.010,0.012,solved,MULTIPLE
rand2673,0.018,0.021,solved,MULTIPLE
rand2674,1.471,1.473,solved,MULTIPLE
rand2675,0.016,0.017,solved,MULTIPLE
rand2676,0.012,0.014,solved,MULTIPLE
rand2677,0.011,0.012,solved,MULTIPLE
rand2678,0.013,0.015,solved,MULTIPLE
rand2679,0.014,0.016,solved,MULTIPLE
rand2680,0.013,0.015,solved,MULTIPLE
rand2681,0.014,0.017,solved,MULTIPLE
rand2682,0.012,0.014,solved,MULTIPLE
rand2683,0.013,0.015,solved,MULTIPLE
rand2684,0.011,0.013,solved,MULTIPLE
rand2685,0.014,0.015,solved,MULTIPLE
rand2686,0.010,0.013,solved,MULTIPLE
rand2687,0.016,0.017,solved,MULTIPLE
rand2688,0.014,0.017,solved,MULTIPLE
rand2689,0.015,0.016,solved,MULTIPLE
rand2690,0.014,0.016,solved,MULTIPLE
rand2691,0.014,0.017,solved,MULTIPLE
rand2692,0.014,0.015,solved,MULTIPLE
rand2693,0.016,0.017,solved,MULTIPLE
rand2694,0.010,0.012,solved,MULTIPLE
rand2695,0.009,0.011,solved,MULTIPLE
rand2696,0.025,0.026,solved,MULTIPLE
rand2697,0.012,0.013,solved,MULTIPLE
rand2698,0.009,0.011,solved,MULTIPLE
rand2699,0.177,0.179,solved,MULTIPLE
rand2700,0.015,0.017,solved,MULTIPLE
rand2701,0.012,0.015,solved,MULTIPLE
rand2702,0.013,0.015,solved,MULTIPLE
rand2703,0.012,0.013,solved,MULTIPLE
rand2704,0.009,0.011,solved,MULTIPLE
rand2705,0.018,0.019,solved,MULTIPLE
rand2706,1.079,1.081,solved,MULTIPLE
rand2707,0.015,0.017,solved,MULTIPLE
rand2708,0.014,0.017,solved,MULTIPLE
rand2709,0.015,0.016,solved,MULTIPLE
rand2710,0.011,0.012,solved,MULTIPLE
rand2711,0.015,0.016,solved,MULTIPLE
rand2712,0.008,0.009,solved,MULTIPLE
rand2713,0.014,0.015,solved,MULTIPLE
rand2714,0.012,0.014,solved,MULTIPLE
rand2715,0.015,0.016,solved,MULTIPLE
rand2716,0.010,0.011,solved,MULTIPLE
rand2717,0.012,0.013,solved,MULTIPLE
rand2718,0.019,0.020,solved,MULTIPLE
rand2719,0.012,0.013,solved,MULTIPLE
rand2720,0.012,0.013,solved,MULTIPLE
rand2721,0.018,0.019,solved,MULTIPLE
rand2722,0.015,0.016,solved,MULTIPLE
rand2723,0.016,0.019,solved,MULTIPLE
rand2724,0.013,0.015,solved,MULTIPLE
rand2725,0.008,0.009,solved,MULTIPLE
rand2726,0.013,0.014,solved,MULTIPLE
rand2727,0.009,0.010,solved,MULTIPLE
rand2728,0.018,0.019,solved,MULTIPLE
rand2729,0.014,0.015,solved,MULTIPLE
rand2730,0.035,0.036,solved,MULTIPLE
rand2731,0.009,0.012,solved,MULTIPLE
rand2732,0.025,0.026,solved,MULTIPLE
rand2733,0.015,0.016,solved,MULTIPLE
rand2734,0.015,0.018,solved,MULTIPLE
rand2735,0.010,0.012,solved,MULTIPLE
rand2736,0.017,0.018,solved,MULTIPLE
rand2737,0.009,0.010,solved,MULTIPLE
rand2738,0.013,0.014,solved,MULTIPLE
rand2739,0.015,0.016,solved,MULTIPLE
rand2740,0.012,0.013,solved,MULTIPLE
rand2741,0.018,0.019,solved,MULTIPLE
rand2742,0.015,0.016,solved,MULTIPLE
rand2743,0.017,0.018,solved,MULTIPLE
rand2744,0.015,0.017,solved,MULTIPLE
rand2745,0.014,0.015,solved,MULTIPLE
rand2746,0.011,0.012,solved,MULTIPLE
rand2747,0.014,0.016,solved,MULTIPLE
rand2748,0.009,0.011,solved,MULTIPLE
rand2749,0.009,0.011,solved,MULTIPLE
rand2750,0.014,0.016,solved,MULTIPLE
rand2751,0.027,0.028,solved,MULTIPLE
rand2752,0.114,0.115,solved,MULTIPLE
rand2753,0.013,0.016,solved,MULTIPLE
rand2754,0.013,0.014,solved,MULTIPLE
rand2755,0.013,0.014,solved,MULTIPLE
rand2756,0.023,0.024,solved,MULTIPLE
rand2757,0.013,0.014,solved,MULTIPLE
rand2758,0.012,0.013,solved,MULTIPLE
rand2759,0.012,0.013,solved,MULTIPLE
rand2760,0.014,0.015,solved,MULTIPLE
rand2761,0.011,0.013,solved,MULTIPLE
rand2762,0.010,0.011,solved,MULTIPLE
rand2763,0.011,0.013,solved,MULTIPLE
rand2764,0.009,0.010,solved,MULTIPLE
rand2765,0.011,0.012,solved,MULTIPLE
rand2766,0.014,0.015,solved,MULTIPLE
rand2767,0.022,0.023,solved,MULTIPLE
rand2768,0.012,0.013,solved,MULTIPLE
rand2769,0.011,0.012,solved,MULTIPLE
rand2770,0.012,0.013,solved,MULTIPLE
rand2771,0.012,0.013,solved,MULTIPLE
rand2772,0.014,0.014,solved,MULTIPLE
rand2773,0.010,0.012,solved,MULTIPLE
rand2774,0.015,0.016,solved,MULTIPLE
rand2775,0.071,0.072,solved,MULTIPLE
rand2776,0.016,0.018,solved,MULTIPLE
rand2777,0.012,0.013,solved,UNIQUE
rand2778,0.010,0.012,solved,MULTIPLE
rand2779,0.022,0.023,solved,MULTIPLE
rand2780,0.014,0.015,solved,MULTIPLE
rand2781,0.017,0.019,solved,MULTIPLE
rand2782,0.015,0.017,solved,MULTIPLE
rand2783,0.012,0.013,solved,MULTIPLE
rand2784,0.010,0.012,solved,MULTIPLE
rand2785,0.011,0.013,solved,MULTIPLE
rand2786,0.018,0.021,solved,MULTIPLE
rand2787,0.014,0.015,solved,MULTIPLE
rand2788,0.012,0.015,solved,MULTIPLE
rand2789,0.012,0.013,solved,MULTIPLE
rand2790,0.015,0.016,solved,MULTIPLE
rand2791,0.015,0.016,solved,MULTIPLE
rand2792,0.017,0.019,solved,MULTIPLE
rand2793,0.013,0.014,solved,MULTIPLE
rand2794,0.015,0.017,solved,MULTIPLE
rand2795,0.010,0.012,solved,UNIQUE
rand2796,0.009,0.010,solved,MULTIPLE
rand2797,0.014,0.015,solved,MULTIPLE
rand2798,0.022,0.023,solved,MULTIPLE
rand2799,0.013,0.014,solved,MULTIPLE
rand2800,0.017,0.022,solved,MULTIPLE
rand2801,0.017,0.020,solved,MULTIPLE
rand2802,0.014,0.016,solved,MULTIPLE
rand2803,0.011,0.012,solved,MULTIPLE
rand2804,0.010,0.011,solved,MULTIPLE
rand2805,0.011,0.012,solved,MULTIPLE
rand2806,0.011,0.014,solved,MULTIPLE
rand2807,0.011,0.013,solved,MULTIPLE
rand2808,0.012,0.013,solved,MULTIPLE
rand2809,0.020,0.021,solved,MULTIPLE
rand2810,0.018,0.019,solved,MULTIPLE
rand2811,0.012,0.013,solved,UNIQUE
rand2812,0.017,0.019,solved,MULTIPLE
rand2813,0.014,0.016,solved,MULTIPLE
rand2814,0.012,0.014,solved,MULTIPLE
rand2815,0.013,0.014,solved,MULTIPLE
rand2816,0.010,0.012,solved,MULTIPLE
rand2817,0.014,0.015,solved,MULTIPLE
rand2818,0.086,0.087,solved,MULTIPLE
rand2819,0.011,0.012,solved,MULTIPLE
rand2820,0.014,0.015,solved,MULTIPLE
rand2821,0.012,0.013,solved,MULTIPLE
rand2822,0.013,0.014,solved,MULTIPLE
rand2823,0.012,0.013,solved,MULTIPLE
rand2824,0.012,0.013,solved,MULTIPLE
rand2825,0.012,0.014,solved,MULTIPLE
rand2826,0.026,0.027,solved,MULTIPLE
rand2827,0.013,0.014,solved,MULTIPLE
rand2828,0.011,0.012,solved,MULTIPLE
rand2829,0.012,0.013,solved,MULTIPLE
rand2830,0.011,0.013,solved,UNIQUE
rand2831,0.011,0.012,solved,MULTIPLE
rand2832,0.012,0.013,solved,MULTIPLE
rand2833,0.011,0.013,solved,MULTIPLE
rand2834,0.012,0.013,solved,MULTIPLE
rand2835,0.012,0.013,solved,MULTIPLE
rand2836,0.013,0.014,solved,MULTIPLE
rand2837,0.022,0.024,solved,MULTIPLE
rand2838,0.011,0.012,solved,MULTIPLE
rand2839,0.013,0.015,solved,MULTIPLE
rand2840,0.013,0.014,solved,MULTIPLE
rand2841,0.011,0.013,solved,MULTIPLE
rand2842,0.527,0.528,solved,MULTIPLE
rand2843,0.012,0.013,solved,MULTIPLE
rand2844,0.013,0.016,solved,MULTIPLE
rand2845,0.010,0.013,solved,MULTIPLE
rand2846,0.013,0.014,solved,MULTIPLE
rand2847,0.013,0.014,solved,MULTIPLE
rand2848,0.013,0.014,solved,MULTIPLE
rand2849,0.010,0.011,solved,MULTIPLE
rand2850,0.016,0.017,solved,MULTIPLE
rand2851,0.012,0.013,solved,MULTIPLE
rand2852,0.017,0.019,solved,MULTIPLE
rand2853,0.015,0.016,solved,MULTIPLE
rand2854,0.011,0.013,solved,MULTIPLE
rand2855,0.013,0.014,solved,MULTIPLE
rand2856,0.008,0.010,solved,MULTIPLE
rand2857,0.010,0.011,solved,MULTIPLE
rand2858,0.024,0.025,solved,MULTIPLE
rand2859,0.010,0.011,solved,MULTIPLE
rand2860,0.013,0.014,solved,MULTIPLE
rand2861,0.013,0.014,solved,MULTIPLE
rand2862,0.014,0.015,solved,MULTIPLE
rand2863,0.012,0.012,solved,MULTIPLE
rand2864,0.013,0.014,solved,MULTIPLE
rand2865,0.015,0.016,solved,MULTIPLE
rand2866,0.012,0.013,solved,MULTIPLE
rand2867,0.012,0.015,solved,MULTIPLE
rand2868,0.011,0.013,solved,MULTIPLE
rand2869,0.012,0.013,solved,MULTIPLE
rand2870,0.012,0.014,solved,MULTIPLE
rand2871,0.014,0.015,solved,MULTIPLE
rand2872,0.010,0.011,solved,UNIQUE
rand2873,0.016,0.017,solved,MULTIPLE
rand2874,0.013,0.014,solved,MULTIPLE
rand2875,0.013,0.015,solved,MULTIPLE
rand2876,0.009,0.010,solved,MULTIPLE
rand2877,0.013,0.014,solved,MULTIPLE
rand2878,0.017,0.018,solved,MULTIPLE
rand2879,0.019,0.020,solved,MULTIPLE
rand2880,0.015,0.016,solved,MULTIPLE
rand2881,0.014,0.016,solved,UNIQUE
rand2882,0.009,0.012,solved,MULTIPLE
rand2883,0.010,0.011,solved,MULTIPLE
rand2884,0.018,0.019,solved,MULTIPLE
rand2885,0.009,0.010,solved,MULTIPLE
rand2886,0.015,0.017,solved,MULTIPLE
rand2887,0.012,0.013,solved,MULTIPLE
rand2888,0.012,0.014,solved,MULTIPLE
rand2889,0.012,0.013,solved,MULTIPLE
rand2890,0.014,0.015,solved,MULTIPLE
rand2891,0.014,0.016,solved,MULTIPLE
rand2892,0.014,0.015,solved,MULTIPLE
rand2893,0.026,0.027,solved,MULTIPLE
rand2894,0.011,0.012,solved,MULTIPLE
rand2895,0.012,0.014,solved,MULTIPLE
rand2896,0.011,0.013,solved,MULTIPLE
rand2897,0.012,0.013,solved,MULTIPLE
rand2898,0.011,0.012,solved,MULTIPLE
rand2899,0.012,0.013,solved,MULTIPLE
rand2900,0.008,0.010,solved,MULTIPLE
rand2901,0.011,0.012,solved,MULTIPLE
rand2902,0.013,0.014,solved,MULTIPLE
rand2903,0.010,0.011,solved,MULTIPLE
rand2904,0.013,0.016,solved,MULTIPLE
rand2905,0.012,0.013,solved,MULTIPLE
rand2906,0.009,0.010,solved,MULTIPLE
rand2907,0.010,0.012,solved,MULTIPLE
rand2908,0.014,0.016,solved,MULTIPLE
rand2909,0.010,0.011,solved,MULTIPLE
rand2910,0.014,0.015,solved,MULTIPLE
rand2911,0.012,0.013,solved,MULTIPLE
rand2912,0.019,0.020,solved,MULTIPLE
rand2913,0.008,0.009,solved,MULTIPLE
rand2914,0.012,0.013,solved,MULTIPLE
rand2915,0.015,0.016,solved,MULTIPLE
rand2916,0.013,0.015,solved,MULTIPLE
rand2917,0.014,0.015,solved,MULTIPLE
rand2918,0.014,0.016,solved,MULTIPLE
rand2919,0.018,0.019,solved,MULTIPLE
rand2920,0.016,0.017,solved,MULTIPLE
rand2921,0.008,0.009,solved,UNIQUE
rand2922,0.011,0.012,solved,MULTIPLE
rand2923,0.012,0.014,solved,MULTIPLE
rand2924,0.012,0.014,solved,MULTIPLE
rand2925,0.014,0.016,solved,MULTIPLE
rand2926,0.011,0.012,solved,MULTIPLE
rand2927,0.011,0.012,solved,MULTIPLE
rand2928,0.011,0.012,solved,MULTIPLE
rand2929,0.013,0.014,solved,MULTIPLE
rand2930,0.015,0.016,solved,MULTIPLE
rand2931,0.011,0.012,solved,MULTIPLE
rand2932,0.015,0.016,solved,MULTIPLE
rand2933,0.009,0.010,solved,MULTIPLE
rand2934,0.012,0.013,solved,MULTIPLE
rand2935,0.010,0.011,solved,MULTIPLE
rand2936,0.012,0.013,solved,MULTIPLE
rand2937,0.013,0.014,solved,MULTIPLE
rand2938,0.012,0.013,solved,MULTIPLE
rand2939,0.011,0.013,solved,MULTIPLE
rand2940,0.011,0.012,solved,MULTIPLE
rand2941,0.010,0.012,solved,UNIQUE
rand2942,0.012,0.013,solved,MULTIPLE
rand2943,0.013,0.014,solved,MULTIPLE
rand2944,0.014,0.014,solved,MULTIPLE
rand2945,0.012,0.014,solved,MULTIPLE
rand2946,0.016,0.017,solved,MULTIPLE
rand2947,0.014,0.014,solved,MULTIPLE
rand2948,0.019,0.020,solved,MULTIPLE
rand2949,0.011,0.012,solved,MULTIPLE
rand2950,0.010,0.012,solved,MULTIPLE
rand2951,0.012,0.013,solved,MULTIPLE
rand2952,0.012,0.013,solved,MULTIPLE
rand2953,0.008,0.009,solved,MULTIPLE
rand2954,0.010,0.011,solved,MULTIPLE
rand2955,0.012,0.013,solved,UNIQUE
rand2956,0.010,0.011,solved,MULTIPLE
rand2957,0.013,0.014,solved,MULTIPLE
rand2958,0.012,0.014,solved,MULTIPLE
rand2959,0.014,0.014,solved,MULTIPLE
rand2960,0.010,0.011,solved,MULTIPLE
rand2961,0.011,0.013,solved,MULTIPLE
rand2962,0.012,0.013,solved,MULTIPLE
rand2963,0.017,0.018,solved,MULTIPLE
rand2964,0.025,0.026,solved,MULTIPLE
rand2965,0.011,0.012,solved,MULTIPLE
rand2966,0.014,0.015,solved,MULTIPLE
rand2967,0.012,0.013,solved,MULTIPLE
rand2968,0.010,0.011,solved,MULTIPLE
rand2969,0.015,0.016,solved,MULTIPLE
rand2970,0.013,0.014,solved,MULTIPLE
rand2971,0.014,0.015,solved,MULTIPLE
rand2972,0.018,0.020,solved,MULTIPLE
rand2973,0.010,0.011,solved,MULTIPLE
rand2974,0.013,0.015,solved,MULTIPLE
rand2975,2.604,2.607,solved,MULTIPLE
rand2976,0.011,0.012,solved,MULTIPLE
rand2977,0.019,0.020,solved,MULTIPLE
rand2978,0.010,0.011,solved,MULTIPLE
rand2979,0.017,0.018,solved,MULTIPLE
rand2980,0.010,0.011,solved,MULTIPLE
rand2981,0.011,0.012,solved,MULTIPLE
rand2982,0.009,0.011,solved,MULTIPLE
rand2983,0.012,0.014,solved,UNIQUE
rand2984,0.013,0.017,solved,MULTIPLE
rand2985,0.013,0.015,solved,MULTIPLE
rand2986,0.015,0.016,solved,MULTIPLE
rand2987,0.014,0.015,solved,MULTIPLE
rand2988,0.014,0.016,solved,MULTIPLE
rand2989,0.012,0.013,solved,MULTIPLE
rand2990,0.012,0.014,solved,MULTIPLE
rand2991,0.126,0.128,solved,MULTIPLE
rand2992,0.011,0.012,solved,MULTIPLE
rand2993,0.012,0.013,solved,MULTIPLE
rand2994,0.017,0.020,solved,MULTIPLE
rand2995,0.013,0.014,solved,MULTIPLE
rand2996,0.018,0.019,solved,MULTIPLE
rand2997,0.057,0.058,solved,MULTIPLE
rand2998,0.009,0.010,solved,MULTIPLE
rand2999,0.012,0.013,solved,MULTIPLE
rand3000,0.011,0.012,solved,MULTIPLE
rand3001,0.011,0.012,solved,MULTIPLE
rand3002,0.012,0.013,solved,MULTIPLE
rand3003,0.089,0.092,solved,MULTIPLE
rand3004,0.013,0.014,solved,MULTIPLE
rand3005,0.017,0.018,solved,MULTIPLE
rand3006,0.011,0.012,solved,MULTIPLE
rand3007,0.008,0.009,solved,MULTIPLE
rand3008,0.007,0.009,solved,MULTIPLE
rand3009,0.019,0.020,solved,MULTIPLE
rand3010,0.012,0.013,solved,MULTIPLE
rand3011,0.013,0.015,solved,MULTIPLE
rand3012,0.011,0.012,solved,MULTIPLE
rand3013,0.013,0.014,solved,MULTIPLE
rand3014,0.013,0.014,solved,MULTIPLE
rand3015,0.011,0.012,solved,MULTIPLE
rand3016,0.011,0.012,solved,MULTIPLE
rand3017,0.012,0.014,solved,MULTIPLE
rand3018,0.012,0.013,solved,MULTIPLE
rand3019,0.014,0.017,solved,MULTIPLE
rand3020,0.012,0.013,solved,MULTIPLE
rand3021,0.013,0.015,solved,MULTIPLE
rand3022,0.015,0.016,solved,MULTIPLE
rand3023,0.010,0.012,solved,MULTIPLE
rand3024,0.012,0.014,solved,MULTIPLE
rand3025,0.014,0.015,solved,MULTIPLE
rand3026,0.026,0.027,solved,MULTIPLE
rand3027,0.013,0.014,solved,MULTIPLE
rand3028,0.008,0.009,solved,MULTIPLE
rand3029,0.015,0.016,solved,MULTIPLE
rand3030,0.016,0.017,solved,MULTIPLE
rand3031,0.018,0.021,solved,MULTIPLE
rand3032,0.012,0.013,solved,MULTIPLE
rand3033,0.011,0.012,solved,MULTIPLE
rand3034,0.009,0.010,solved,MULTIPLE
rand3035,0.008,0.011,solved,MULTIPLE
rand3036,0.014,0.015,solved,MULTIPLE
rand3037,0.011,0.013,solved,MULTIPLE
rand3038,0.011,0.015,solved,MULTIPLE
rand3039,0.014,0.015,solved,MULTIPLE
rand3040,0.014,0.015,solved,MULTIPLE
rand3041,0.012,0.013,solved,MULTIPLE
rand3042,0.027,0.028,solved,MULTIPLE
rand3043,0.012,0.013,solved,MULTIPLE
rand3044,0.008,0.011,solved,MULTIPLE
rand3045,0.015,0.016,solved,MULTIPLE
rand3046,0.013,0.014,solved,MULTIPLE
rand3047,0.011,0.013,solved,MULTIPLE
rand3048,0.020,0.021,solved,MULTIPLE
rand3049,0.012,0.013,solved,MULTIPLE
rand3050,0.022,0.024,solved,MULTIPLE
rand3051,0.014,0.018,solved,MULTIPLE
rand3052,0.016,0.017,solved,MULTIPLE
rand3053,0.014,0.015,solved,MULTIPLE
rand3054,2.782,2.784,solved,MULTIPLE
rand3055,0.011,0.012,solved,MULTIPLE
rand3056,0.012,0.014,solved,MULTIPLE
rand3057,0.012,0.014,solved,MULTIPLE
rand3058,0.015,0.018,solved,MULTIPLE
rand3059,0.012,0.013,solved,MULTIPLE
rand3060,0.015,0.016,solved,MULTIPLE
rand3061,0.012,0.014,solved,MULTIPLE
rand3062,0.013,0.013,solved,MULTIPLE
rand3063,0.009,0.012,solved,MULTIPLE
rand3064,0.012,0.013,solved,MULTIPLE
rand3065,0.011,0.013,solved,MULTIPLE
rand3066,0.012,0.014,solved,MULTIPLE
rand3067,0.013,0.014,solved,MULTIPLE
rand3068,0.015,0.018,solved,MULTIPLE
rand3069,0.013,0.014,solved,MULTIPLE
rand3070,0.014,0.016,solved,MULTIPLE
rand3071,0.015,0.016,solved,MULTIPLE
rand3072,0.012,0.013,solved,MULTIPLE
rand3073,0.010,0.012,solved,MULTIPLE
rand3074,0.017,0.019,solved,MULTIPLE
rand3075,0.018,0.020,solved,MULTIPLE
rand3076,0.010,0.011,solved,MULTIPLE
rand3077,0.013,0.014,solved,MULTIPLE
rand3078,0.019,0.021,solved,MULTIPLE
rand3079,0.014,0.015,solved,MULTIPLE
rand3080,0.009,0.010,solved,MULTIPLE
rand3081,0.013,0.014,solved,MULTIPLE
rand3082,0.021,0.023,solved,MULTIPLE
rand3083,0.044,0.045,solved,MULTIPLE
rand3084,0.012,0.013,solved,MULTIPLE
rand3085,0.013,0.016,solved,MULTIPLE
rand3086,0.013,0.014,solved,MULTIPLE
rand3087,0.056,0.057,solved,MULTIPLE
rand3088,0.012,0.013,solved,MULTIPLE
rand3089,0.019,0.020,solved,MULTIPLE
rand3090,0.014,0.015,solved,MULTIPLE
rand3091,0.012,0.013,solved,MULTIPLE
rand3092,0.013,0.014,solved,MULTIPLE
rand3093,0.014,0.016,solved,MULTIPLE
rand3094,0.020,0.022,solved,MULTIPLE
rand3095,0.014,0.015,solved,MULTIPLE
rand3096,0.017,0.018,solved,MULTIPLE
rand3097,0.011,0.012,solved,MULTIPLE
rand3098,0.016,0.017,solved,MULTIPLE
rand3099,0.011,0.013,solved,MULTIPLE
rand3100,0.012,0.016,solved,MULTIPLE
rand3101,0.013,0.014,solved,MULTIPLE
rand3102,0.016,0.019,solved,MULTIPLE
rand3103,0.012,0.013,solved,MULTIPLE
rand3104,0.017,0.019,solved,MULTIPLE
rand3105,0.011,0.012,solved,MULTIPLE
rand3106,0.013,0.014,solved,MULTIPLE
rand3107,0.019,0.020,solved,MULTIPLE
rand3108,0.013,0.015,solved,MULTIPLE
rand3109,0.021,0.023,solved,MULTIPLE
rand3110,0.013,0.015,solved,MULTIPLE
rand3111,0.011,0.013,solved,MULTIPLE
rand3112,0.011,0.012,solved,MULTIPLE
rand3113,0.009,0.012,solved,MULTIPLE
rand3114,0.009,0.010,solved,MULTIPLE
rand3115,0.034,0.036,solved,MULTIPLE
rand3116,0.012,0.014,solved,MULTIPLE
rand3117,0.012,0.014,solved,MULTIPLE
rand3118,0.017,0.018,solved,MULTIPLE
rand3119,0.019,0.020,solved,MULTIPLE
rand3120,0.013,0.014,solved,MULTIPLE
rand3121,0.013,0.015,solved,MULTIPLE
rand3122,0.012,0.015,solved,MULTIPLE
rand3123,0.010,0.012,solved,MULTIPLE
rand3124,0.011,0.013,solved,MULTIPLE
rand3125,0.016,0.019,solved,MULTIPLE
rand3126,0.015,0.016,solved,MULTIPLE
rand3127,0.014,0.015,solved,MULTIPLE
rand3128,0.028,0.029,solved,MULTIPLE
rand3129,0.014,0.015,solved,MULTIPLE
rand3130,0.014,0.015,solved,MULTIPLE
rand3131,0.010,0.011,solved,MULTIPLE
rand3132,0.017,0.019,solved,MULTIPLE
rand3133,0.017,0.018,solved,MULTIPLE
rand3134,0.012,0.014,solved,MULTIPLE
rand3135,0.017,0.018,solved,MULTIPLE
rand3136,0.010,0.011,solved,MULTIPLE
rand3137,0.009,0.010,solved,MULTIPLE
rand3138,0.013,0.014,solved,MULTIPLE
rand3139,0.014,0.015,solved,MULTIPLE
rand3140,0.026,0.027,solved,MULTIPLE
rand3141,0.010,0.012,solved,MULTIPLE
rand3142,0.018,0.020,solved,MULTIPLE
rand3143,0.012,0.013,solved,MULTIPLE
rand3144,0.012,0.013,solved,MULTIPLE
rand3145,0.015,0.018,solved,MULTIPLE
rand3146,0.013,0.014,solved,MULTIPLE
rand3147,0.017,0.018,solved,MULTIPLE
rand3148,0.027,0.030,solved,MULTIPLE
rand3149,0.014,0.015,solved,UNIQUE
rand3150,0.013,0.015,solved,MULTIPLE
rand3151,0.409,0.410,solved,MULTIPLE
rand3152,0.010,0.011,solved,MULTIPLE
rand3153,0.009,0.010,solved,MULTIPLE
rand3154,0.011,0.013,solved,MULTIPLE
rand3155,0.014,0.015,solved,MULTIPLE
rand3156,0.016,0.017,solved,MULTIPLE
rand3157,0.016,0.017,solved,MULTIPLE
rand3158,0.014,0.015,solved,MULTIPLE
rand3159,0.013,0.014,solved,MULTIPLE
rand3160,0.014,0.015,solved,MULTIPLE
rand3161,0.010,0.011,solved,MULTIPLE
rand3162,0.009,0.009,solved,MULTIPLE
rand3163,0.016,0.017,solved,MULTIPLE
rand3164,0.013,0.014,solved,MULTIPLE
rand3165,0.014,0.016,solved,MULTIPLE
rand3166,0.010,0.012,solved,MULTIPLE
rand3167,0.009,0.010,solved,MULTIPLE
rand3168,0.013,0.014,solved,MULTIPLE
rand3169,0.023,0.025,solved,MULTIPLE
rand3170,0.015,0.016,solved,MULTIPLE
rand3171,0.012,0.013,solved,MULTIPLE
rand3172,0.015,0.017,solved,MULTIPLE
rand3173,0.009,0.010,solved,MULTIPLE
rand3174,0.013,0.015,solved,MULTIPLE
rand3175,0.012,0.013,solved,MULTIPLE
rand3176,0.011,0.012,solved,MULTIPLE
rand3177,0.016,0.017,solved,MULTIPLE
rand3178,0.009,0.009,solved,MULTIPLE
rand3179,0.015,0.016,solved,MULTIPLE
rand3180,0.012,0.013,solved,MULTIPLE
rand3181,0.135,0.136,solved,MULTIPLE
rand3182,0.014,0.015,solved,MULTIPLE
rand3183,0.013,0.015,solved,MULTIPLE
rand3184,0.010,0.013,solved,MULTIPLE
rand3185,0.009,0.010,solved,MULTIPLE
rand3186,0.013,0.014,solved,MULTIPLE
rand3187,0.014,0.015,solved,MULTIPLE
rand3188,0.013,0.014,solved,MULTIPLE
rand3189,0.014,0.015,solved,MULTIPLE
rand3190,0.011,0.012,solved,MULTIPLE
rand3191,0.013,0.015,solved,MULTIPLE
rand3192,0.011,0.012,solved,UNIQUE
rand3193,0.013,0.015,solved,MULTIPLE
rand3194,0.014,0.016,solved,MULTIPLE
rand3195,0.012,0.013,solved,MULTIPLE
rand3196,0.011,0.012,solved,MULTIPLE
rand3197,0.012,0.013,solved,MULTIPLE
rand3198,0.014,0.015,solved,MULTIPLE
rand3199,0.015,0.016,solved,MULTIPLE
rand3200,0.018,0.019,solved,MULTIPLE
rand3201,0.021,0.022,solved,MULTIPLE
rand3202,0.011,0.012,solved,MULTIPLE
rand3203,0.011,0.012,solved,MULTIPLE
rand3204,0.015,0.016,solved,MULTIPLE
rand3205,0.020,0.021,solved,MULTIPLE
rand3206,0.016,0.017,solved,MULTIPLE
rand3207,0.017,0.018,solved,MULTIPLE
rand3208,0.010,0.013,solved,MULTIPLE
rand3209,0.016,0.017,solved,MULTIPLE
rand3210,0.015,0.018,solved,MULTIPLE
rand3211,0.014,0.015,solved,MULTIPLE
rand3212,0.012,0.015,solved,MULTIPLE
rand3213,0.013,0.016,solved,MULTIPLE
rand3214,0.019,0.020,solved,MULTIPLE
rand3215,0.008,0.009,solved,MULTIPLE
rand3216,0.015,0.016,solved,MULTIPLE
rand3217,0.013,0.015,solved,MULTIPLE
rand3218,0.012,0.013,solved,MULTIPLE
rand3219,0.021,0.023,solved,MULTIPLE
rand3220,0.010,0.012,solved,MULTIPLE
rand3221,0.012,0.013,solved,MULTIPLE
rand3222,0.011,0.013,solved,MULTIPLE
rand3223,0.013,0.014,solved,MULTIPLE
rand3224,0.015,0.016,solved,MULTIPLE
rand3225,0.009,0.011,solved,MULTIPLE
rand3226,0.012,0.014,solved,MULTIPLE
rand3227,0.015,0.017,solved,MULTIPLE
rand3228,0.016,0.018,solved,MULTIPLE
rand3229,0.021,0.023,solved,MULTIPLE
rand3230,0.014,0.015,solved,MULTIPLE
rand3231,0.011,0.013,solved,MULTIPLE
rand3232,0.012,0.013,solved,MULTIPLE
rand3233,0.012,0.014,solved,MULTIPLE
rand3234,0.012,0.013,solved,MULTIPLE
rand3235,0.012,0.014,solved,MULTIPLE
rand3236,0.010,0.011,solved,MULTIPLE
rand3237,0.014,0.015,solved,MULTIPLE
rand3238,0.010,0.012,solved,MULTIPLE
rand3239,0.014,0.015,solved,MULTIPLE
rand3240,0.014,0.015,solved,MULTIPLE
rand3241,0.013,0.014,solved,MULTIPLE
rand3242,0.016,0.018,solved,MULTIPLE
rand3243,0.021,0.022,solved,MULTIPLE
rand3244,0.009,0.010,solved,MULTIPLE
rand3245,0.011,0.012,solved,MULTIPLE
rand3246,0.013,0.015,solved,MULTIPLE
rand3247,0.014,0.015,solved,MULTIPLE
rand3248,0.031,0.032,solved,MULTIPLE
rand3249,0.011,0.012,solved,MULTIPLE
rand3250,0.017,0.020,solved,MULTIPLE
rand3251,0.012,0.013,solved,MULTIPLE
rand3252,0.014,0.016,solved,MULTIPLE
rand3253,0.014,0.016,solved,MULTIPLE
rand3254,0.008,0.010,solved,MULTIPLE
rand3255,0.016,0.018,solved,MULTIPLE
rand3256,0.021,0.023,solved,MULTIPLE
rand3257,0.011,0.013,solved,MULTIPLE
rand3258,0.014,0.016,solved,MULTIPLE
rand3259,0.018,0.019,solved,MULTIPLE
rand3260,0.017,0.020,solved,MULTIPLE
rand3261,0.012,0.013,solved,MULTIPLE
rand3262,0.012,0.014,solved,MULTIPLE
rand3263,0.011,0.013,solved,MULTIPLE
rand3264,0.012,0.017,solved,MULTIPLE
rand3265,0.011,0.014,solved,MULTIPLE
rand3266,0.012,0.015,solved,MULTIPLE
rand3267,0.017,0.023,solved,MULTIPLE
rand3268,0.012,0.014,solved,MULTIPLE
rand3269,0.016,0.018,solved,UNIQUE
rand3270,0.016,0.021,solved,MULTIPLE
rand3271,0.014,0.016,solved,MULTIPLE
rand3272,0.021,0.022,solved,MULTIPLE
rand3273,0.013,0.016,solved,MULTIPLE
rand3274,0.013,0.015,solved,MULTIPLE
rand3275,0.020,0.021,solved,MULTIPLE
rand3276,0.013,0.016,solved,MULTIPLE
rand3277,0.021,0.022,solved,MULTIPLE
rand3278,0.015,0.016,solved,MULTIPLE
rand3279,0.029,0.034,solved,MULTIPLE
rand3280,0.012,0.014,solved,MULTIPLE
rand3281,0.012,0.013,solved,MULTIPLE
rand3282,0.008,0.010,solved,MULTIPLE
rand3283,0.009,0.013,solved,MULTIPLE
rand3284,0.015,0.018,solved,MULTIPLE
rand3285,0.012,0.013,solved,MULTIPLE
rand3286,0.018,0.019,solved,MULTIPLE
rand3287,0.023,0.027,solved,MULTIPLE
rand3288,0.018,0.019,solved,MULTIPLE
rand3289,0.013,0.014,solved,MULTIPLE
rand3290,0.013,0.014,solved,MULTIPLE
rand3291,0.017,0.019,solved,MULTIPLE
rand3292,0.009,0.010,solved,MULTIPLE
rand3293,0.042,0.044,solved,MULTIPLE
rand3294,0.010,0.012,solved,MULTIPLE
rand3295,0.012,0.014,solved,MULTIPLE
rand3296,0.018,0.020,solved,MULTIPLE
rand3297,0.017,0.019,solved,MULTIPLE
rand3298,0.024,0.026,solved,MULTIPLE
rand3299,0.015,0.016,solved,MULTIPLE
rand3300,0.046,0.047,solved,MULTIPLE
rand3301,0.018,0.020,solved,MULTIPLE
rand3302,0.009,0.011,solved,UNIQUE
rand3303,0.012,0.014,solved,MULTIPLE
rand3304,0.008,0.009,solved,MULTIPLE
rand3305,0.012,0.013,solved,UNIQUE
rand3306,0.015,0.018,solved,MULTIPLE
rand3307,0.010,0.011,solved,MULTIPLE
rand3308,0.018,0.019,solved,MULTIPLE
rand3309,0.020,0.022,solved,MULTIPLE
rand3310,0.012,0.013,solved,MULTIPLE
rand3311,0.012,0.013,solved,MULTIPLE
rand3312,0.012,0.013,solved,MULTIPLE
rand3313,0.009,0.010,solved,MULTIPLE
rand3314,0.009,0.014,solved,MULTIPLE
rand3315,0.013,0.015,solved,MULTIPLE
rand3316,0.014,0.018,solved,MULTIPLE
rand3317,0.009,0.011,solved,MULTIPLE
rand3318,0.017,0.020,solved,MULTIPLE
rand3319,0.012,0.016,solved,MULTIPLE
rand3320,0.019,0.020,solved,MULTIPLE
rand3321,0.019,0.022,solved,MULTIPLE
rand3322,0.015,0.016,solved,MULTIPLE
rand3323,0.012,0.014,solved,MULTIPLE
rand3324,0.014,0.018,solved,MULTIPLE
rand3325,0.009,0.012,solved,MULTIPLE
rand3326,0.010,0.012,solved,MULTIPLE
rand3327,0.011,0.013,solved,MULTIPLE
rand3328,0.012,0.015,solved,MULTIPLE
rand3329,0.015,0.017,solved,MULTIPLE
rand3330,0.016,0.018,solved,MULTIPLE
rand3331,0.018,0.020,solved,MULTIPLE
rand3332,0.014,0.015,solved,MULTIPLE
rand3333,0.016,0.019,solved,MULTIPLE
rand3334,0.018,0.020,solved,MULTIPLE
rand3335,0.013,0.016,solved,MULTIPLE
rand3336,0.011,0.012,solved,MULTIPLE
rand3337,0.013,0.015,solved,MULTIPLE
rand3338,0.016,0.018,solved,MULTIPLE
rand3339,0.014,0.015,solved,MULTIPLE
rand3340,0.012,0.017,solved,MULTIPLE
rand3341,0.008,0.009,solved,MULTIPLE
rand3342,0.026,0.029,solved,MULTIPLE
rand3343,0.017,0.018,solved,MULTIPLE
rand3344,0.013,0.015,solved,MULTIPLE
rand3345,0.014,0.015,solved,MULTIPLE
rand3346,0.015,0.019,solved,MULTIPLE
rand3347,0.014,0.016,solved,UNIQUE
rand3348,0.018,0.019,solved,MULTIPLE
rand3349,0.012,0.014,solved,MULTIPLE
rand3350,0.014,0.017,solved,MULTIPLE
rand3351,0.012,0.014,solved,MULTIPLE
rand3352,0.012,0.013,solved,MULTIPLE
rand3353,0.010,0.012,solved,MULTIPLE
rand3354,0.012,0.013,solved,MULTIPLE
rand3355,0.008,0.010,solved,MULTIPLE
rand3356,0.014,0.015,solved,MULTIPLE
rand3357,0.014,0.017,solved,MULTIPLE
rand3358,0.015,0.016,solved,MULTIPLE
rand3359,0.015,0.018,solved,MULTIPLE
rand3360,0.012,0.014,solved,MULTIPLE
rand3361,0.015,0.018,solved,MULTIPLE
rand3362,0.009,0.010,solved,MULTIPLE
rand3363,0.020,0.021,solved,MULTIPLE
rand3364,0.010,0.013,solved,MULTIPLE
rand3365,0.013,0.017,solved,MULTIPLE
rand3366,0.013,0.014,solved,MULTIPLE
rand3367,0.017,0.018,solved,MULTIPLE
rand3368,0.012,0.013,solved,MULTIPLE
rand3369,0.019,0.019,solved,MULTIPLE
rand3370,0.012,0.013,solved,MULTIPLE
rand3371,0.012,0.013,solved,MULTIPLE
rand3372,0.018,0.019,solved,MULTIPLE
rand3373,0.014,0.015,solved,MULTIPLE
rand3374,0.014,0.015,solved,MULTIPLE
rand3375,0.010,0.011,solved,MULTIPLE
rand3376,0.012,0.015,solved,MULTIPLE
rand3377,0.014,0.016,solved,MULTIPLE
rand3378,0.019,0.021,solved,MULTIPLE
rand3379,0.013,0.015,solved,MULTIPLE
rand3380,0.015,0.019,solved,MULTIPLE
rand3381,0.014,0.015,solved,MULTIPLE
rand3382,0.013,0.015,solved,MULTIPLE
rand3383,0.014,0.015,solved,MULTIPLE
rand3384,0.010,0.013,solved,MULTIPLE
rand3385,0.014,0.016,solved,MULTIPLE
rand3386,0.014,0.015,solved,MULTIPLE
rand3387,0.018,0.020,solved,MULTIPLE
rand3388,0.016,0.018,solved,MULTIPLE
rand3389,0.014,0.015,solved,MULTIPLE
rand3390,0.024,0.026,solved,MULTIPLE
rand3391,0.012,0.015,solved,MULTIPLE
rand3392,0.022,0.024,solved,MULTIPLE
rand3393,0.014,0.014,solved,MULTIPLE
rand3394,0.010,0.012,solved,MULTIPLE
rand3395,0.014,0.016,solved,MULTIPLE
rand3396,0.015,0.016,solved,MULTIPLE
rand3397,0.014,0.015,solved,MULTIPLE
rand3398,0.014,0.017,solved,MULTIPLE
rand3399,0.014,0.019,solved,MULTIPLE
rand3400,0.015,0.016,solved,MULTIPLE
rand3401,0.013,0.015,solved,MULTIPLE
rand3402,0.009,0.011,solved,MULTIPLE
rand3403,0.015,0.016,solved,MULTIPLE
rand3404,0.012,0.013,solved,MULTIPLE
rand3405,0.013,0.014,solved,MULTIPLE
rand3406,0.012,0.015,solved,MULTIPLE
rand3407,0.019,0.020,solved,MULTIPLE
rand3408,0.025,0.027,solved,MULTIPLE
rand3409,0.013,0.014,solved,MULTIPLE
rand3410,0.012,0.014,solved,MULTIPLE
rand3411,0.023,0.024,solved,MULTIPLE
rand3412,0.014,0.015,solved,MULTIPLE
rand3413,0.026,0.027,solved,MULTIPLE
rand3414,0.010,0.012,solved,MULTIPLE
rand3415,0.016,0.018,solved,MULTIPLE
rand3416,0.014,0.017,solved,MULTIPLE
rand3417,0.008,0.010,solved,MULTIPLE
rand3418,0.011,0.012,solved,MULTIPLE
rand3419,0.009,0.010,solved,UNIQUE
rand3420,0.016,0.017,solved,MULTIPLE
rand3421,0.008,0.011,solved,MULTIPLE
rand3422,0.015,0.018,solved,MULTIPLE
rand3423,0.008,0.009,solved,MULTIPLE
rand3424,0.012,0.014,solved,MULTIPLE
rand3425,0.020,0.022,solved,MULTIPLE
rand3426,0.014,0.015,solved,MULTIPLE
rand3427,0.015,0.017,solved,MULTIPLE
rand3428,0.025,0.027,solved,MULTIPLE
rand3429,0.014,0.017,solved,MULTIPLE
rand3430,0.012,0.014,solved,MULTIPLE
rand3431,0.012,0.014,solved,MULTIPLE
rand3432,0.013,0.015,solved,MULTIPLE
rand3433,0.014,0.016,solved,MULTIPLE
rand3434,0.014,0.015,solved,MULTIPLE
rand3435,0.014,0.016,solved,MULTIPLE
rand3436,0.013,0.014,solved,MULTIPLE
rand3437,0.012,0.015,solved,MULTIPLE
rand3438,0.021,0.022,solved,MULTIPLE
rand3439,0.014,0.015,solved,MULTIPLE
rand3440,0.009,0.010,solved,MULTIPLE
rand3441,0.016,0.018,solved,MULTIPLE
rand3442,0.013,0.015,solved,MULTIPLE
rand3443,0.014,0.018,solved,MULTIPLE
rand3444,0.017,0.018,solved,MULTIPLE
rand3445,0.013,0.014,solved,MULTIPLE
rand3446,0.009,0.010,solved,MULTIPLE
rand3447,0.011,0.014,solved,MULTIPLE
rand3448,0.012,0.013,solved,MULTIPLE
rand3449,0.013,0.015,solved,MULTIPLE
rand3450,0.016,0.020,solved,MULTIPLE
rand3451,0.012,0.014,solved,MULTIPLE
rand3452,0.012,0.013,solved,MULTIPLE
rand3453,0.013,0.015,solved,MULTIPLE
rand3454,0.024,0.028,solved,MULTIPLE
rand3455,0.013,0.014,solved,MULTIPLE
rand3456,0.016,0.018,solved,MULTIPLE
rand3457,0.014,0.015,solved,MULTIPLE
rand3458,0.014,0.015,solved,MULTIPLE
rand3459,0.015,0.017,solved,MULTIPLE
rand3460,0.010,0.012,solved,MULTIPLE
rand3461,0.008,0.014,solved,MULTIPLE
rand3462,0.008,0.010,solved,MULTIPLE
rand3463,0.013,0.016,solved,MULTIPLE
rand3464,0.015,0.016,solved,MULTIPLE
rand3465,0.017,0.022,solved,MULTIPLE
rand3466,0.019,0.020,solved,MULTIPLE
rand3467,0.021,0.022,solved,MULTIPLE
rand3468,0.016,0.018,solved,MULTIPLE
rand3469,0.019,0.021,solved,MULTIPLE
rand3470,0.018,0.021,solved,MULTIPLE
rand3471,0.009,0.011,solved,MULTIPLE
rand3472,0.011,0.013,solved,MULTIPLE
rand3473,0.012,0.015,solved,MULTIPLE
rand3474,0.012,0.014,solved,MULTIPLE
rand3475,0.013,0.015,solved,MULTIPLE
rand3476,0.015,0.018,solved,MULTIPLE
rand3477,0.014,0.016,solved,MULTIPLE
rand3478,0.015,0.016,solved,MULTIPLE
rand3479,0.017,0.019,solved,MULTIPLE
rand3480,0.011,0.013,solved,MULTIPLE
rand3481,0.012,0.014,solved,MULTIPLE
rand3482,0.013,0.015,solved,MULTIPLE
rand3483,0.031,0.034,solved,MULTIPLE
rand3484,0.011,0.012,solved,MULTIPLE
rand3485,0.014,0.015,solved,MULTIPLE
rand3486,0.009,0.011,solved,MULTIPLE
rand3487,0.025,0.027,solved,MULTIPLE
rand3488,0.008,0.010,solved,MULTIPLE
rand3489,0.012,0.013,solved,MULTIPLE
rand3490,0.015,0.016,solved,MULTIPLE
rand3491,0.015,0.018,solved,MULTIPLE
rand3492,0.014,0.015,solved,MULTIPLE
rand3493,0.014,0.016,solved,MULTIPLE
rand3494,0.013,0.015,solved,MULTIPLE
rand3495,0.013,0.014,solved,MULTIPLE
rand3496,0.014,0.017,solved,MULTIPLE
rand3497,0.017,0.018,solved,MULTIPLE
rand3498,0.012,0.014,solved,MULTIPLE
rand3499,0.015,0.016,solved,MULTIPLE
rand3500,0.016,0.020,solved,MULTIPLE
rand3501,0.012,0.013,solved,MULTIPLE
rand3502,0.012,0.015,solved,MULTIPLE
rand3503,0.014,0.017,solved,MULTIPLE
rand3504,0.012,0.014,solved,MULTIPLE
rand3505,0.012,0.014,solved,MULTIPLE
rand3506,0.016,0.017,solved,MULTIPLE
rand3507,0.016,0.018,solved,MULTIPLE
rand3508,0.011,0.013,solved,MULTIPLE
rand3509,0.012,0.014,solved,MULTIPLE
rand3510,0.015,0.016,solved,UNIQUE
rand3511,0.020,0.022,solved,MULTIPLE
rand3512,0.012,0.013,solved,MULTIPLE
rand3513,0.011,0.014,solved,MULTIPLE
rand3514,0.011,0.013,solved,MULTIPLE
rand3515,0.012,0.014,solved,MULTIPLE
rand3516,0.014,0.016,solved,MULTIPLE
rand3517,0.011,0.013,solved,MULTIPLE
rand3518,0.012,0.014,solved,MULTIPLE
rand3519,0.015,0.017,solved,MULTIPLE
rand3520,0.013,0.015,solved,MULTIPLE
rand3521,0.013,0.017,solved,MULTIPLE
rand3522,0.015,0.017,solved,MULTIPLE
rand3523,0.014,0.016,solved,MULTIPLE
rand3524,0.014,0.016,solved,MULTIPLE
rand3525,0.011,0.012,solved,MULTIPLE
rand3526,0.013,0.014,solved,MULTIPLE
rand3527,0.012,0.015,solved,MULTIPLE
rand3528,0.009,0.011,solved,MULTIPLE
rand3529,0.012,0.014,solved,MULTIPLE
rand3530,0.014,0.016,solved,MULTIPLE
rand3531,0.017,0.019,solved,MULTIPLE
rand3532,0.014,0.015,solved,MULTIPLE
rand3533,0.012,0.013,solved,MULTIPLE
rand3534,0.018,0.022,solved,MULTIPLE
rand3535,0.083,0.085,solved,MULTIPLE
rand3536,0.012,0.013,solved,MULTIPLE
rand3537,0.013,0.014,solved,MULTIPLE
rand3538,0.035,0.038,solved,MULTIPLE
rand3539,0.017,0.019,solved,MULTIPLE
rand3540,0.010,0.011,solved,MULTIPLE
rand3541,0.017,0.018,solved,MULTIPLE
rand3542,0.038,0.039,solved,MULTIPLE
rand3543,0.013,0.014,solved,MULTIPLE
rand3544,0.014,0.016,solved,MULTIPLE
rand3545,0.012,0.013,solved,MULTIPLE
rand3546,0.029,0.030,solved,MULTIPLE
rand3547,0.017,0.018,solved,MULTIPLE
rand3548,0.013,0.014,solved,MULTIPLE
rand3549,0.012,0.015,solved,MULTIPLE
rand3550,0.013,0.014,solved,UNIQUE
rand3551,0.018,0.019,solved,MULTIPLE
rand3552,0.015,0.016,solved,MULTIPLE
rand3553,0.014,0.015,solved,MULTIPLE
rand3554,0.009,0.010,solved,MULTIPLE
rand3555,0.012,0.013,solved,MULTIPLE
rand3556,0.015,0.016,solved,MULTIPLE
rand3557,0.014,0.018,solved,MULTIPLE
rand3558,0.015,0.017,solved,UNIQUE
rand3559,0.023,0.024,solved,MULTIPLE
rand3560,0.018,0.022,solved,MULTIPLE
rand3561,0.016,0.017,solved,MULTIPLE
rand3562,0.014,0.015,solved,MULTIPLE
rand3563,0.009,0.010,solved,MULTIPLE
rand3564,0.014,0.016,solved,MULTIPLE
rand3565,0.009,0.010,solved,MULTIPLE
rand3566,0.014,0.016,solved,MULTIPLE
rand3567,0.011,0.012,solved,MULTIPLE
rand3568,0.014,0.017,solved,MULTIPLE
rand3569,0.012,0.014,solved,MULTIPLE
rand3570,0.016,0.017,solved,MULTIPLE
rand3571,0.030,0.033,solved,MULTIPLE
rand3572,0.016,0.017,solved,MULTIPLE
rand3573,0.013,0.015,solved,UNIQUE
rand3574,0.014,0.015,solved,MULTIPLE
rand3575,0.016,0.019,solved,MULTIPLE
rand3576,0.012,0.013,solved,MULTIPLE
rand3577,0.010,0.011,solved,MULTIPLE
rand3578,0.011,0.013,solved,MULTIPLE
rand3579,0.013,0.014,solved,MULTIPLE
rand3580,0.012,0.014,solved,MULTIPLE
rand3581,0.009,0.013,solved,MULTIPLE
rand3582,0.018,0.019,solved,MULTIPLE
rand3583,0.015,0.016,solved,MULTIPLE
rand3584,0.022,0.023,solved,MULTIPLE
rand3585,0.011,0.013,solved,MULTIPLE
rand3586,0.014,0.015,solved,MULTIPLE
rand3587,0.018,0.020,solved,MULTIPLE
rand3588,0.011,0.013,solved,MULTIPLE
rand3589,0.027,0.028,solved,MULTIPLE
rand3590,0.013,0.014,solved,MULTIPLE
rand3591,0.012,0.014,solved,MULTIPLE
rand3592,0.022,0.024,solved,MULTIPLE
rand3593,0.027,0.029,solved,MULTIPLE
rand3594,0.017,0.019,solved,MULTIPLE
rand3595,0.012,0.014,solved,MULTIPLE
rand3596,0.019,0.020,solved,MULTIPLE
rand3597,0.015,0.017,solved,MULTIPLE
rand3598,0.011,0.013,solved,MULTIPLE
rand3599,0.012,0.014,solved,MULTIPLE
rand3600,0.017,0.018,solved,MULTIPLE
rand3601,0.014,0.015,solved,MULTIPLE
rand3602,0.013,0.016,solved,MULTIPLE
rand3603,0.016,0.018,solved,MULTIPLE
rand3604,0.015,0.016,solved,MULTIPLE
rand3605,0.019,0.020,solved,MULTIPLE
rand3606,0.010,0.011,solved,MULTIPLE
rand3607,0.010,0.013,solved,MULTIPLE
rand3608,0.021,0.022,solved,MULTIPLE
rand3609,0.008,0.011,solved,UNIQUE
rand3610,0.010,0.011,solved,MULTIPLE
rand3611,0.013,0.013,solved,MULTIPLE
rand3612,0.014,0.016,solved,MULTIPLE
rand3613,0.016,0.017,solved,MULTIPLE
rand3614,0.018,0.019,solved,MULTIPLE
rand3615,0.013,0.014,solved,MULTIPLE
rand3616,0.016,0.018,solved,MULTIPLE
rand3617,0.016,0.017,solved,MULTIPLE
rand3618,0.011,0.013,solved,MULTIPLE
rand3619,0.009,0.010,solved,MULTIPLE
rand3620,0.025,0.026,solved,MULTIPLE
rand3621,0.014,0.015,solved,MULTIPLE
rand3622,0.014,0.015,solved,MULTIPLE
rand3623,0.030,0.034,solved,MULTIPLE
rand3624,0.017,0.019,solved,MULTIPLE
rand3625,0.013,0.015,solved,UNIQUE
rand3626,0.031,0.032,solved,MULTIPLE
rand3627,0.018,0.019,solved,MULTIPLE
rand3628,0.011,0.012,solved,MULTIPLE
rand3629,0.011,0.013,solved,MULTIPLE
rand3630,0.009,0.014,solved,MULTIPLE
rand3631,0.011,0.012,solved,MULTIPLE
rand3632,0.012,0.015,solved,MULTIPLE
rand3633,0.015,0.017,solved,MULTIPLE
rand3634,0.012,0.017,solved,MULTIPLE
rand3635,0.017,0.018,solved,MULTIPLE
rand3636,0.017,0.019,solved,MULTIPLE
rand3637,0.017,0.020,solved,MULTIPLE
rand3638,0.024,0.027,solved,MULTIPLE
rand3639,0.012,0.014,solved,MULTIPLE
rand3640,0.016,0.017,solved,MULTIPLE
rand3641,0.010,0.011,solved,MULTIPLE
rand3642,0.035,0.036,solved,MULTIPLE
rand3643,0.010,0.012,solved,UNIQUE
rand3644,0.012,0.013,solved,MULTIPLE
rand3645,0.012,0.013,solved,MULTIPLE
rand3646,0.009,0.012,solved,MULTIPLE
rand3647,0.015,0.016,solved,MULTIPLE
rand3648,0.014,0.016,solved,MULTIPLE
rand3649,0.013,0.014,solved,MULTIPLE
rand3650,0.012,0.013,solved,MULTIPLE
rand3651,0.014,0.017,solved,MULTIPLE
rand3652,0.009,0.011,solved,MULTIPLE
rand3653,0.012,0.014,solved,MULTIPLE
rand3654,0.011,0.013,solved,MULTIPLE
rand3655,0.012,0.015,solved,MULTIPLE
rand3656,0.016,0.019,solved,MULTIPLE
rand3657,0.009,0.011,solved,MULTIPLE
rand3658,0.017,0.020,solved,MULTIPLE
rand3659,0.014,0.017,solved,MULTIPLE
rand3660,0.013,0.015,solved,MULTIPLE
rand3661,0.017,0.018,solved,MULTIPLE
rand3662,0.014,0.015,solved,MULTIPLE
rand3663,0.018,0.019,solved,MULTIPLE
rand3664,0.012,0.014,solved,MULTIPLE
rand3665,0.014,0.016,solved,MULTIPLE
rand3666,0.014,0.015,solved,MULTIPLE
rand3667,0.040,0.043,solved,MULTIPLE
rand3668,0.013,0.014,solved,MULTIPLE
rand3669,0.014,0.016,solved,MULTIPLE
rand3670,0.010,0.011,solved,MULTIPLE
rand3671,0.018,0.020,solved,MULTIPLE
rand3672,0.013,0.014,solved,MULTIPLE
rand3673,0.010,0.011,solved,MULTIPLE
rand3674,0.012,0.014,solved,MULTIPLE
rand3675,0.011,0.012,solved,MULTIPLE
rand3676,0.017,0.018,solved,MULTIPLE
rand3677,0.013,0.014,solved,MULTIPLE
rand3678,0.013,0.015,solved,MULTIPLE
rand3679,0.019,0.022,solved,MULTIPLE
rand3680,0.014,0.016,solved,MULTIPLE
rand3681,0.601,0.603,solved,MULTIPLE
rand3682,0.025,0.026,solved,MULTIPLE
rand3683,0.014,0.016,solved,MULTIPLE
rand3684,0.014,0.015,solved,MULTIPLE
rand3685,0.015,0.016,solved,MULTIPLE
rand3686,0.012,0.014,solved,MULTIPLE
rand3687,0.009,0.012,solved,MULTIPLE
rand3688,0.012,0.014,solved,MULTIPLE
rand3689,0.018,0.021,solved,MULTIPLE
rand3690,0.015,0.017,solved,MULTIPLE
rand3691,0.011,0.012,solved,MULTIPLE
rand3692,0.043,0.046,solved,MULTIPLE
rand3693,0.021,0.022,solved,MULTIPLE
rand3694,0.013,0.014,solved,MULTIPLE
rand3695,0.017,0.019,solved,MULTIPLE
rand3696,0.015,0.016,solved,MULTIPLE
rand3697,0.012,0.013,solved,MULTIPLE
rand3698,0.012,0.014,solved,MULTIPLE
rand3699,0.011,0.012,solved,MULTIPLE
rand3700,0.013,0.015,solved,MULTIPLE
rand3701,0.013,0.014,solved,MULTIPLE
rand3702,0.013,0.014,solved,MULTIPLE
rand3703,0.013,0.015,solved,MULTIPLE
rand3704,0.013,0.014,solved,MULTIPLE
rand3705,0.020,0.023,solved,MULTIPLE
rand3706,0.013,0.014,solved,MULTIPLE
rand3707,0.011,0.013,solved,MULTIPLE
rand3708,0.014,0.015,solved,MULTIPLE
rand3709,0.022,0.024,solved,MULTIPLE
rand3710,0.014,0.016,solved,MULTIPLE
rand3711,0.013,0.015,solved,MULTIPLE
rand3712,0.011,0.012,solved,MULTIPLE
rand3713,0.013,0.015,solved,MULTIPLE
rand3714,0.017,0.018,solved,MULTIPLE
rand3715,0.013,0.015,solved,MULTIPLE
rand3716,0.015,0.017,solved,MULTIPLE
rand3717,0.014,0.015,solved,MULTIPLE
rand3718,0.016,0.019,solved,MULTIPLE
rand3719,0.018,0.020,solved,MULTIPLE
rand3720,0.014,0.017,solved,MULTIPLE
rand3721,0.020,0.022,solved,MULTIPLE
rand3722,0.011,0.014,solved,MULTIPLE
rand3723,0.018,0.019,solved,MULTIPLE
rand3724,0.017,0.020,solved,MULTIPLE
rand3725,0.011,0.013,solved,MULTIPLE
rand3726,0.010,0.011,solved,MULTIPLE
rand3727,0.012,0.015,solved,MULTIPLE
rand3728,0.010,0.014,solved,MULTIPLE
rand3729,0.015,0.017,solved,MULTIPLE
rand3730,0.012,0.014,solved,MULTIPLE
rand3731,0.017,0.018,solved,MULTIPLE
rand3732,0.015,0.021,solved,MULTIPLE
rand3733,0.014,0.016,solved,MULTIPLE
rand3734,0.014,0.017,solved,MULTIPLE
rand3735,0.015,0.017,solved,MULTIPLE
rand3736,0.009,0.011,solved,MULTIPLE
rand3737,0.009,0.010,solved,MULTIPLE
rand3738,0.009,0.012,solved,MULTIPLE
rand3739,0.014,0.015,solved,MULTIPLE
rand3740,0.015,0.017,solved,MULTIPLE
rand3741,0.015,0.018,solved,MULTIPLE
rand3742,0.014,0.016,solved,MULTIPLE
rand3743,0.018,0.020,solved,MULTIPLE
rand3744,0.017,0.020,solved,MULTIPLE
rand3745,0.010,0.012,solved,MULTIPLE
rand3746,0.017,0.018,solved,MULTIPLE
rand3747,0.012,0.014,solved,MULTIPLE
rand3748,0.016,0.017,solved,MULTIPLE
rand3749,0.012,0.013,solved,MULTIPLE
rand3750,0.015,0.017,solved,MULTIPLE
rand3751,0.011,0.014,solved,MULTIPLE
rand3752,0.015,0.016,solved,MULTIPLE
rand3753,0.012,0.014,solved,MULTIPLE
rand3754,0.012,0.014,solved,MULTIPLE
rand3755,0.013,0.014,solved,MULTIPLE
rand3756,0.017,0.019,solved,MULTIPLE
rand3757,0.009,0.010,solved,MULTIPLE
rand3758,0.013,0.015,solved,MULTIPLE
rand3759,0.022,0.024,solved,MULTIPLE
rand3760,0.018,0.019,solved,MULTIPLE
rand3761,0.045,0.047,solved,MULTIPLE
rand3762,0.023,0.027,solved,MULTIPLE
rand3763,0.011,0.012,solved,MULTIPLE
rand3764,0.013,0.016,solved,MULTIPLE
rand3765,0.013,0.014,solved,MULTIPLE
rand3766,0.015,0.018,solved,MULTIPLE
rand3767,0.017,0.018,solved,MULTIPLE
rand3768,0.013,0.014,solved,MULTIPLE
rand3769,0.014,0.017,solved,MULTIPLE
rand3770,0.013,0.014,solved,MULTIPLE
rand3771,0.009,0.010,solved,MULTIPLE
rand3772,0.008,0.011,solved,MULTIPLE
rand3773,0.012,0.016,solved,MULTIPLE
rand3774,0.013,0.015,solved,MULTIPLE
rand3775,0.019,0.021,solved,MULTIPLE
rand3776,0.015,0.017,solved,MULTIPLE
rand3777,0.017,0.020,solved,MULTIPLE
rand3778,0.019,0.022,solved,MULTIPLE
rand3779,0.014,0.015,solved,MULTIPLE
rand3780,0.014,0.015,solved,MULTIPLE
rand3781,0.012,0.013,solved,MULTIPLE
rand3782,0.013,0.016,solved,MULTIPLE
rand3783,0.010,0.012,solved,MULTIPLE
rand3784,0.014,0.018,solved,MULTIPLE
rand3785,0.010,0.013,solved,MULTIPLE
rand3786,0.017,0.019,solved,MULTIPLE
rand3787,0.015,0.016,solved,MULTIPLE
rand3788,0.022,0.024,solved,MULTIPLE
rand3789,0.018,0.020,solved,MULTIPLE
rand3790,0.010,0.011,solved,MULTIPLE
rand3791,0.018,0.020,solved,MULTIPLE
rand3792,0.012,0.014,solved,MULTIPLE
rand3793,0.011,0.013,solved,MULTIPLE
rand3794,0.013,0.015,solved,MULTIPLE
rand3795,0.012,0.013,solved,MULTIPLE
rand3796,0.013,0.015,solved,MULTIPLE
rand3797,0.011,0.013,solved,MULTIPLE
rand3798,0.014,0.016,solved,MULTIPLE
rand3799,0.023,0.027,solved,MULTIPLE
rand3800,0.013,0.014,solved,MULTIPLE
rand3801,0.014,0.017,solved,MULTIPLE
rand3802,0.012,0.013,solved,MULTIPLE
rand3803,0.012,0.013,solved,MULTIPLE
rand3804,0.011,0.013,solved,MULTIPLE
rand3805,0.011,0.013,solved,MULTIPLE
rand3806,0.014,0.016,solved,MULTIPLE
rand3807,0.015,0.018,solved,MULTIPLE
rand3808,0.013,0.015,solved,MULTIPLE
rand3809,0.017,0.019,solved,MULTIPLE
rand3810,0.017,0.019,solved,UNIQUE
rand3811,0.015,0.017,solved,MULTIPLE
rand3812,0.015,0.019,solved,MULTIPLE
rand3813,0.011,0.013,solved,MULTIPLE
rand3814,0.015,0.017,solved,MULTIPLE
rand3815,0.009,0.010,solved,MULTIPLE
rand3816,0.008,0.009,solved,MULTIPLE
rand3817,0.014,0.017,solved,MULTIPLE
rand3818,0.013,0.016,solved,MULTIPLE
rand3819,0.014,0.016,solved,MULTIPLE
rand3820,0.017,0.021,solved,MULTIPLE
rand3821,0.016,0.018,solved,MULTIPLE
rand3822,0.013,0.014,solved,MULTIPLE
rand3823,0.022,0.023,solved,MULTIPLE
rand3824,0.017,0.020,solved,MULTIPLE
rand3825,0.012,0.013,solved,MULTIPLE
rand3826,0.013,0.014,solved,MULTIPLE
rand3827,0.010,0.012,solved,UNIQUE
rand3828,0.022,0.023,solved,MULTIPLE
rand3829,0.012,0.014,solved,MULTIPLE
rand3830,0.016,0.018,solved,MULTIPLE
rand3831,0.009,0.011,solved,MULTIPLE
rand3832,0.012,0.013,solved,MULTIPLE
rand3833,0.016,0.017,solved,MULTIPLE
rand3834,0.011,0.013,solved,MULTIPLE
rand3835,0.014,0.016,solved,MULTIPLE
rand3836,0.009,0.011,solved,MULTIPLE
rand3837,0.009,0.010,solved,MULTIPLE
rand3838,0.082,0.085,solved,MULTIPLE
rand3839,0.011,0.013,solved,MULTIPLE
rand3840,0.013,0.015,solved,MULTIPLE
rand3841,0.014,0.015,solved,MULTIPLE
rand3842,0.015,0.016,solved,MULTIPLE
rand3843,0.014,0.016,solved,MULTIPLE
rand3844,0.015,0.016,solved,MULTIPLE
rand3845,0.009,0.010,solved,MULTIPLE
rand3846,0.009,0.010,solved,MULTIPLE
rand3847,0.010,0.011,solved,MULTIPLE
rand3848,0.014,0.015,solved,MULTIPLE
rand3849,0.023,0.025,solved,MULTIPLE
rand3850,0.014,0.015,solved,MULTIPLE
rand3851,0.016,0.019,solved,MULTIPLE
rand3852,0.013,0.014,solved,MULTIPLE
rand3853,0.017,0.019,solved,MULTIPLE
rand3854,0.013,0.015,solved,MULTIPLE
rand3855,0.013,0.014,solved,MULTIPLE
rand3856,0.012,0.013,solved,MULTIPLE
rand3857,0.013,0.015,solved,MULTIPLE
rand3858,0.015,0.017,solved,MULTIPLE
rand3859,0.013,0.014,solved,MULTIPLE
rand3860,0.015,0.017,solved,MULTIPLE
rand3861,0.013,0.014,solved,MULTIPLE
rand3862,0.091,0.093,solved,MULTIPLE
rand3863,0.012,0.013,solved,MULTIPLE
rand3864,0.013,0.015,solved,MULTIPLE
rand3865,0.008,0.009,solved,MULTIPLE
rand3866,0.013,0.017,solved,MULTIPLE
rand3867,0.012,0.014,solved,MULTIPLE
rand3868,0.014,0.019,solved,MULTIPLE
rand3869,0.018,0.021,solved,MULTIPLE
rand3870,0.016,0.021,solved,MULTIPLE
rand3871,0.014,0.017,solved,MULTIPLE
rand3872,0.016,0.023,solved,MULTIPLE
rand3873,0.020,0.022,solved,MULTIPLE
rand3874,0.015,0.018,solved,MULTIPLE
rand3875,0.016,0.019,solved,MULTIPLE
rand3876,0.018,0.022,solved,MULTIPLE
rand3877,0.014,0.016,solved,MULTIPLE
rand3878,0.016,0.018,solved,MULTIPLE
rand3879,0.016,0.018,solved,MULTIPLE
rand3880,0.010,0.012,solved,MULTIPLE
rand3881,0.014,0.016,solved,MULTIPLE
rand3882,0.030,0.031,solved,MULTIPLE
rand3883,0.013,0.015,solved,MULTIPLE
rand3884,0.010,0.012,solved,UNIQUE
rand3885,0.014,0.017,solved,MULTIPLE
rand3886,0.015,0.020,solved,MULTIPLE
rand3887,0.013,0.015,solved,MULTIPLE
rand3888,0.018,0.021,solved,MULTIPLE
rand3889,0.012,0.013,solved,MULTIPLE
rand3890,0.015,0.020,solved,MULTIPLE
rand3891,0.012,0.014,solved,MULTIPLE
rand3892,0.010,0.012,solved,MULTIPLE
rand3893,0.013,0.018,solved,MULTIPLE
rand3894,0.018,0.022,solved,MULTIPLE
rand3895,0.016,0.019,solved,MULTIPLE
rand3896,0.016,0.018,solved,MULTIPLE
rand3897,0.019,0.021,solved,MULTIPLE
rand3898,0.029,0.031,solved,MULTIPLE
rand3899,0.015,0.017,solved,MULTIPLE
rand3900,0.015,0.016,solved,MULTIPLE
rand3901,0.017,0.021,solved,MULTIPLE
rand3902,0.099,0.101,solved,MULTIPLE
rand3903,0.017,0.019,solved,MULTIPLE
rand3904,0.025,0.027,solved,MULTIPLE
rand3905,0.014,0.017,solved,MULTIPLE
rand3906,0.018,0.021,solved,MULTIPLE
rand3907,0.016,0.018,solved,MULTIPLE
rand3908,0.015,0.016,solved,MULTIPLE
rand3909,0.012,0.014,solved,MULTIPLE
rand3910,0.012,0.015,solved,MULTIPLE
rand3911,0.012,0.013,solved,MULTIPLE
rand3912,0.026,0.027,solved,MULTIPLE
rand3913,0.020,0.021,solved,MULTIPLE
rand3914,0.014,0.016,solved,MULTIPLE
rand3915,0.016,0.021,solved,UNIQUE
rand3916,0.013,0.014,solved,UNIQUE
rand3917,0.016,0.018,solved,MULTIPLE
rand3918,0.032,0.035,solved,MULTIPLE
rand3919,0.010,0.012,solved,MULTIPLE
rand3920,0.009,0.012,solved,MULTIPLE
rand3921,0.013,0.015,solved,MULTIPLE
rand3922,0.018,0.019,solved,MULTIPLE
rand3923,0.013,0.015,solved,MULTIPLE
rand3924,0.014,0.016,solved,MULTIPLE
rand3925,0.015,0.019,solved,MULTIPLE
rand3926,0.024,0.025,solved,MULTIPLE
rand3927,0.010,0.012,solved,MULTIPLE
rand3928,0.013,0.015,solved,MULTIPLE
rand3929,0.011,0.013,solved,MULTIPLE
rand3930,0.016,0.020,solved,MULTIPLE
rand3931,0.017,0.018,solved,MULTIPLE
rand3932,0.017,0.021,solved,MULTIPLE
rand3933,0.018,0.021,solved,MULTIPLE
rand3934,0.014,0.015,solved,MULTIPLE
rand3935,0.015,0.019,solved,MULTIPLE
rand3936,0.014,0.019,solved,MULTIPLE
rand3937,0.017,0.021,solved,MULTIPLE
rand3938,0.012,0.015,solved,UNIQUE
rand3939,0.015,0.017,solved,MULTIPLE
rand3940,0.029,0.032,solved,MULTIPLE
rand3941,0.016,0.020,solved,MULTIPLE
rand3942,0.018,0.023,solved,MULTIPLE
rand3943,0.016,0.018,solved,MULTIPLE
rand3944,0.016,0.020,solved,MULTIPLE
rand3945,0.016,0.019,solved,MULTIPLE
rand3946,0.015,0.017,solved,MULTIPLE
rand3947,0.022,0.025,solved,MULTIPLE
rand3948,0.013,0.016,solved,MULTIPLE
rand3949,0.024,0.025,solved,MULTIPLE
rand3950,0.017,0.019,solved,MULTIPLE
rand3951,0.055,0.057,solved,MULTIPLE
rand3952,0.012,0.016,solved,MULTIPLE
rand3953,0.013,0.016,solved,MULTIPLE
rand3954,0.015,0.017,solved,MULTIPLE
rand3955,0.014,0.015,solved,MULTIPLE
rand3956,0.014,0.016,solved,MULTIPLE
rand3957,0.015,0.017,solved,MULTIPLE
rand3958,0.015,0.021,solved,MULTIPLE
rand3959,0.013,0.016,solved,MULTIPLE
rand3960,0.016,0.018,solved,MULTIPLE
rand3961,0.015,0.018,solved,MULTIPLE
rand3962,0.014,0.015,solved,MULTIPLE
rand3963,0.013,0.016,solved,MULTIPLE
rand3964,0.015,0.016,solved,MULTIPLE
rand3965,0.016,0.018,solved,MULTIPLE
rand3966,0.023,0.027,solved,MULTIPLE
rand3967,0.026,0.028,solved,MULTIPLE
rand3968,0.013,0.015,solved,MULTIPLE
rand3969,0.014,0.016,solved,MULTIPLE
rand3970,0.014,0.018,solved,MULTIPLE
rand3971,0.015,0.019,solved,MULTIPLE
rand3972,0.016,0.018,solved,MULTIPLE
rand3973,0.014,0.016,solved,UNIQUE
rand3974,0.122,0.124,solved,MULTIPLE
rand3975,0.013,0.015,solved,MULTIPLE
rand3976,0.015,0.020,solved,MULTIPLE
rand3977,0.012,0.015,solved,MULTIPLE
rand3978,0.015,0.018,solved,MULTIPLE
rand3979,0.024,0.027,solved,MULTIPLE
rand3980,0.020,0.024,solved,MULTIPLE
rand3981,0.016,0.018,solved,MULTIPLE
rand3982,0.018,0.020,solved,MULTIPLE
rand3983,0.015,0.018,solved,MULTIPLE
rand3984,0.017,0.018,solved,MULTIPLE
rand3985,0.011,0.012,solved,MULTIPLE
rand3986,0.011,0.016,solved,MULTIPLE
rand3987,0.013,0.017,solved,MULTIPLE
rand3988,0.013,0.016,solved,MULTIPLE
rand3989,0.258,0.260,solved,MULTIPLE
rand3990,0.014,0.019,solved,MULTIPLE
rand3991,0.015,0.018,solved,MULTIPLE
rand3992,0.017,0.023,solved,MULTIPLE
rand3993,0.013,0.015,solved,MULTIPLE
rand3994,0.016,0.018,solved,MULTIPLE
rand3995,0.013,0.015,solved,MULTIPLE
rand3996,0.012,0.015,solved,MULTIPLE
rand3997,0.016,0.018,solved,MULTIPLE
rand3998,0.009,0.011,solved,MULTIPLE
rand3999,0.013,0.015,solved,MULTIPLE
rand4000,0.009,0.011,solved,MULTIPLE
rand4001,0.014,0.017,solved,MULTIPLE
rand4002,0.032,0.035,solved,MULTIPLE
rand4003,0.014,0.015,solved,MULTIPLE
rand4004,0.014,0.015,solved,MULTIPLE
rand4005,0.014,0.016,solved,MULTIPLE
rand4006,0.015,0.018,solved,MULTIPLE
rand4007,0.011,0.014,solved,MULTIPLE
rand4008,0.040,0.042,solved,MULTIPLE
rand4009,0.009,0.012,solved,MULTIPLE
rand4010,0.013,0.016,solved,MULTIPLE
rand4011,0.014,0.017,solved,MULTIPLE
rand4012,0.019,0.023,solved,MULTIPLE
rand4013,0.015,0.016,solved,MULTIPLE
rand4014,0.015,0.018,solved,MULTIPLE
rand4015,0.014,0.016,solved,MULTIPLE
rand4016,0.020,0.022,solved,MULTIPLE
rand4017,0.012,0.013,solved,MULTIPLE
rand4018,0.014,0.017,solved,MULTIPLE
rand4019,0.012,0.016,solved,MULTIPLE
rand4020,0.014,0.017,solved,MULTIPLE
rand4021,0.024,0.026,solved,MULTIPLE
rand4022,0.015,0.020,solved,MULTIPLE
rand4023,0.012,0.018,solved,MULTIPLE
rand4024,0.016,0.018,solved,MULTIPLE
rand4025,0.016,0.019,solved,MULTIPLE
rand4026,0.016,0.020,solved,MULTIPLE
rand4027,0.016,0.018,solved,MULTIPLE
rand4028,0.015,0.017,solved,MULTIPLE
rand4029,0.012,0.014,solved,MULTIPLE
rand4030,0.009,0.011,solved,MULTIPLE
rand4031,0.049,0.051,solved,MULTIPLE
rand4032,0.013,0.016,solved,MULTIPLE
rand4033,0.015,0.017,solved,MULTIPLE
rand4034,0.028,0.030,solved,MULTIPLE
rand4035,0.013,0.015,solved,MULTIPLE
rand4036,0.030,0.033,solved,MULTIPLE
rand4037,0.016,0.017,solved,MULTIPLE
rand4038,0.018,0.019,solved,MULTIPLE
rand4039,0.019,0.021,solved,MULTIPLE
rand4040,0.012,0.013,solved,MULTIPLE
rand4041,0.008,0.011,solved,MULTIPLE
rand4042,0.009,0.015,solved,MULTIPLE
rand4043,0.009,0.011,solved,MULTIPLE
rand4044,0.013,0.017,solved,MULTIPLE
rand4045,0.016,0.017,solved,MULTIPLE
rand4046,0.014,0.017,solved,MULTIPLE
rand4047,0.015,0.019,solved,MULTIPLE
rand4048,0.014,0.016,solved,MULTIPLE
rand4049,0.026,0.029,solved,MULTIPLE
rand4050,0.016,0.020,solved,MULTIPLE
rand4051,0.018,0.020,solved,MULTIPLE
rand4052,0.013,0.014,solved,MULTIPLE
rand4053,0.013,0.015,solved,MULTIPLE
rand4054,0.013,0.015,solved,MULTIPLE
rand4055,0.012,0.015,solved,MULTIPLE
rand4056,0.015,0.018,solved,MULTIPLE
rand4057,0.012,0.015,solved,MULTIPLE
rand4058,0.016,0.018,solved,MULTIPLE
rand4059,0.013,0.015,solved,MULTIPLE
rand4060,0.014,0.016,solved,MULTIPLE
rand4061,0.023,0.027,solved,MULTIPLE
rand4062,0.016,0.018,solved,MULTIPLE
rand4063,0.013,0.015,solved,MULTIPLE
rand4064,0.018,0.021,solved,MULTIPLE
rand4065,0.019,0.021,solved,MULTIPLE
rand4066,0.022,0.024,solved,MULTIPLE
rand4067,0.015,0.017,solved,MULTIPLE
rand4068,0.012,0.015,solved,MULTIPLE
rand4069,0.012,0.015,solved,MULTIPLE
rand4070,0.010,0.013,solved,MULTIPLE
rand4071,0.016,0.018,solved,MULTIPLE
rand4072,0.012,0.014,solved,MULTIPLE
rand4073,0.017,0.022,solved,MULTIPLE
rand4074,0.018,0.020,solved,MULTIPLE
rand4075,0.013,0.017,solved,MULTIPLE
rand4076,0.018,0.020,solved,MULTIPLE
rand4077,0.018,0.025,solved,MULTIPLE
rand4078,0.018,0.021,solved,MULTIPLE
rand4079,0.028,0.030,solved,MULTIPLE
rand4080,0.018,0.020,solved,MULTIPLE
rand4081,0.016,0.017,solved,MULTIPLE
rand4082,0.015,0.018,solved,MULTIPLE
rand4083,0.012,0.015,solved,UNIQUE
rand4084,0.017,0.019,solved,MULTIPLE
rand4085,0.023,0.024,solved,MULTIPLE
rand4086,0.012,0.015,solved,MULTIPLE
rand4087,0.010,0.014,solved,MULTIPLE
rand4088,0.012,0.014,solved,MULTIPLE
rand4089,0.016,0.018,solved,MULTIPLE
rand4090,0.016,0.018,solved,MULTIPLE
rand4091,0.016,0.020,solved,MULTIPLE
rand4092,0.014,0.016,solved,MULTIPLE
rand4093,0.013,0.017,solved,MULTIPLE
rand4094,0.013,0.016,solved,MULTIPLE
rand4095,0.015,0.018,solved,MULTIPLE
rand4096,0.014,0.018,solved,MULTIPLE
rand4097,0.009,0.011,solved,MULTIPLE
rand4098,0.015,0.018,solved,MULTIPLE
rand4099,0.015,0.017,solved,MULTIPLE
rand4100,0.013,0.017,solved,MULTIPLE
rand4101,0.018,0.020,solved,MULTIPLE
rand4102,0.018,0.020,solved,MULTIPLE
rand4103,0.016,0.018,solved,MULTIPLE
rand4104,0.046,0.050,solved,MULTIPLE
rand4105,0.018,0.020,solved,MULTIPLE
rand4106,0.014,0.016,solved,MULTIPLE
rand4107,0.014,0.016,solved,MULTIPLE
rand4108,0.013,0.018,solved,MULTIPLE
rand4109,0.014,0.016,solved,MULTIPLE
rand4110,0.014,0.021,solved,MULTIPLE
rand4111,0.012,0.015,solved,MULTIPLE
rand4112,0.013,0.016,solved,MULTIPLE
rand4113,0.018,0.021,solved,MULTIPLE
rand4114,0.017,0.021,solved,MULTIPLE
rand4115,0.015,0.017,solved,MULTIPLE
rand4116,0.013,0.017,solved,MULTIPLE
rand4117,0.015,0.016,solved,MULTIPLE
rand4118,0.015,0.019,solved,MULTIPLE
rand4119,0.023,0.025,solved,MULTIPLE
rand4120,0.015,0.016,solved,MULTIPLE
rand4121,0.016,0.018,solved,MULTIPLE
rand4122,0.014,0.019,solved,MULTIPLE
rand4123,0.024,0.025,solved,MULTIPLE
rand4124,0.017,0.022,solved,MULTIPLE
rand4125,0.016,0.018,solved,MULTIPLE
rand4126,0.015,0.020,solved,MULTIPLE
rand4127,0.015,0.019,solved,MULTIPLE
rand4128,0.012,0.014,solved,MULTIPLE
rand4129,0.015,0.018,solved,MULTIPLE
rand4130,0.012,0.015,solved,MULTIPLE
rand4131,0.013,0.016,solved,MULTIPLE
rand4132,0.009,0.010,solved,MULTIPLE
rand4133,0.017,0.020,solved,MULTIPLE
rand4134,0.017,0.021,solved,MULTIPLE
rand4135,0.015,0.017,solved,MULTIPLE
rand4136,0.021,0.025,solved,MULTIPLE
rand4137,0.017,0.020,solved,MULTIPLE
rand4138,0.014,0.017,solved,MULTIPLE
rand4139,0.019,0.026,solved,MULTIPLE
rand4140,0.015,0.021,solved,MULTIPLE
rand4141,0.014,0.017,solved,MULTIPLE
rand4142,0.015,0.017,solved,MULTIPLE
rand4143,0.015,0.019,solved,MULTIPLE
rand4144,0.009,0.014,solved,MULTIPLE
rand4145,0.012,0.015,solved,MULTIPLE
rand4146,0.025,0.029,solved,MULTIPLE
rand4147,0.018,0.021,solved,MULTIPLE
rand4148,0.017,0.018,solved,MULTIPLE
rand4149,0.016,0.019,solved,MULTIPLE
rand4150,0.015,0.018,solved,MULTIPLE
rand4151,0.015,0.017,solved,MULTIPLE
rand4152,0.017,0.018,solved,MULTIPLE
rand4153,0.015,0.018,solved,MULTIPLE
rand4154,0.008,0.011,solved,MULTIPLE
rand4155,0.009,0.013,solved,MULTIPLE
rand4156,0.010,0.013,solved,MULTIPLE
rand4157,0.017,0.020,solved,MULTIPLE
rand4158,0.029,0.031,solved,MULTIPLE
rand4159,0.013,0.016,solved,MULTIPLE
rand4160,0.018,0.019,solved,MULTIPLE
rand4161,0.023,0.024,solved,MULTIPLE
rand4162,0.020,0.021,solved,MULTIPLE
rand4163,0.017,0.019,solved,MULTIPLE
rand4164,0.015,0.016,solved,MULTIPLE
rand4165,0.012,0.014,solved,MULTIPLE
rand4166,0.015,0.017,solved,MULTIPLE
rand4167,0.010,0.011,solved,MULTIPLE
rand4168,0.011,0.014,solved,MULTIPLE
rand4169,0.014,0.021,solved,MULTIPLE
rand4170,0.014,0.018,solved,MULTIPLE
rand4171,0.017,0.021,solved,MULTIPLE
rand4172,0.016,0.018,solved,MULTIPLE
rand4173,0.034,0.039,solved,MULTIPLE
rand4174,0.015,0.020,solved,MULTIPLE
rand4175,0.017,0.019,solved,MULTIPLE
rand4176,0.014,0.016,solved,MULTIPLE
rand4177,0.015,0.017,solved,MULTIPLE
rand4178,0.015,0.019,solved,MULTIPLE
rand4179,0.027,0.029,solved,MULTIPLE
rand4180,0.014,0.017,solved,MULTIPLE
rand4181,0.013,0.016,solved,MULTIPLE
rand4182,0.012,0.014,solved,MULTIPLE
rand4183,0.022,0.023,solved,MULTIPLE
rand4184,0.012,0.016,solved,MULTIPLE
rand4185,0.014,0.016,solved,UNIQUE
rand4186,0.014,0.018,solved,MULTIPLE
rand4187,0.013,0.014,solved,MULTIPLE
rand4188,0.047,0.051,solved,MULTIPLE
rand4189,0.015,0.019,solved,MULTIPLE
rand4190,0.019,0.021,solved,MULTIPLE
rand4191,0.013,0.015,solved,MULTIPLE
rand4192,0.020,0.025,solved,MULTIPLE
rand4193,0.018,0.021,solved,MULTIPLE
rand4194,0.014,0.016,solved,MULTIPLE
rand4195,0.014,0.017,solved,MULTIPLE
rand4196,0.014,0.016,solved,MULTIPLE
rand4197,0.013,0.014,solved,MULTIPLE
rand4198,0.015,0.016,solved,MULTIPLE
rand4199,0.015,0.017,solved,MULTIPLE
rand4200,0.019,0.023,solved,MULTIPLE
rand4201,0.014,0.016,solved,MULTIPLE
rand4202,0.014,0.017,solved,MULTIPLE
rand4203,0.012,0.014,solved,MULTIPLE
rand4204,0.020,0.024,solved,MULTIPLE
rand4205,0.014,0.016,solved,MULTIPLE
rand4206,0.011,0.013,solved,UNIQUE
rand4207,0.015,0.019,solved,MULTIPLE
rand4208,0.011,0.014,solved,MULTIPLE
rand4209,0.034,0.037,solved,MULTIPLE
rand4210,0.017,0.022,solved,MULTIPLE
rand4211,0.432,0.435,solved,MULTIPLE
rand4212,0.015,0.017,solved,MULTIPLE
rand4213,0.024,0.029,solved,MULTIPLE
rand4214,0.019,0.021,solved,MULTIPLE
rand4215,0.016,0.018,solved,MULTIPLE
rand4216,0.014,0.017,solved,MULTIPLE
rand4217,0.014,0.017,solved,MULTIPLE
rand4218,0.011,0.013,solved,MULTIPLE
rand4219,0.010,0.012,solved,MULTIPLE
rand4220,0.014,0.016,solved,MULTIPLE
rand4221,0.017,0.019,solved,MULTIPLE
rand4222,0.012,0.016,solved,MULTIPLE
rand4223,0.017,0.019,solved,MULTIPLE
rand4224,0.035,0.040,solved,MULTIPLE
rand4225,0.017,0.022,solved,MULTIPLE
rand4226,0.017,0.018,solved,MULTIPLE
rand4227,0.016,0.017,solved,MULTIPLE
rand4228,0.014,0.016,solved,MULTIPLE
rand4229,0.015,0.017,solved,MULTIPLE
rand4230,0.024,0.025,solved,MULTIPLE
rand4231,0.009,0.010,solved,MULTIPLE
rand4232,0.008,0.011,solved,MULTIPLE
rand4233,0.014,0.016,solved,MULTIPLE
rand4234,0.014,0.017,solved,MULTIPLE
rand4235,0.012,0.015,solved,MULTIPLE
rand4236,0.016,0.019,solved,MULTIPLE
rand4237,0.017,0.018,solved,MULTIPLE
rand4238,0.014,0.018,solved,MULTIPLE
rand4239,0.013,0.015,solved,MULTIPLE
rand4240,0.016,0.018,solved,MULTIPLE
rand4241,0.012,0.014,solved,MULTIPLE
rand4242,0.014,0.016,solved,MULTIPLE
rand4243,0.009,0.011,solved,MULTIPLE
rand4244,0.011,0.014,solved,MULTIPLE
rand4245,0.029,0.032,solved,MULTIPLE
rand4246,0.013,0.015,solved,MULTIPLE
rand4247,0.013,0.014,solved,MULTIPLE
rand4248,0.015,0.019,solved,MULTIPLE
rand4249,0.015,0.017,solved,MULTIPLE
rand4250,0.019,0.021,solved,MULTIPLE
rand4251,0.014,0.015,solved,MULTIPLE
rand4252,0.012,0.016,solved,MULTIPLE
rand4253,0.015,0.016,solved,MULTIPLE
rand4254,0.008,0.009,solved,MULTIPLE
rand4255,0.014,0.015,solved,MULTIPLE
rand4256,0.014,0.016,solved,MULTIPLE
rand4257,0.021,0.023,solved,MULTIPLE
rand4258,0.017,0.019,solved,MULTIPLE
rand4259,0.021,0.024,solved,MULTIPLE
rand4260,0.015,0.020,solved,MULTIPLE
rand4261,0.012,0.013,solved,MULTIPLE
rand4262,0.013,0.014,solved,MULTIPLE
rand4263,0.010,0.013,solved,MULTIPLE
rand4264,0.533,0.537,solved,MULTIPLE
rand4265,0.020,0.022,solved,MULTIPLE
rand4266,0.015,0.016,solved,MULTIPLE
rand4267,0.014,0.017,solved,MULTIPLE
rand4268,0.014,0.016,solved,MULTIPLE
rand4269,0.015,0.018,solved,MULTIPLE
rand4270,0.019,0.023,solved,MULTIPLE
rand4271,0.015,0.017,solved,MULTIPLE
rand4272,0.018,0.022,solved,MULTIPLE
rand4273,0.010,0.013,solved,MULTIPLE
rand4274,0.017,0.019,solved,MULTIPLE
rand4275,0.016,0.017,solved,MULTIPLE
rand4276,0.018,0.019,solved,MULTIPLE
rand4277,0.012,0.014,solved,MULTIPLE
rand4278,0.013,0.015,solved,MULTIPLE
rand4279,0.008,0.010,solved,MULTIPLE
rand4280,0.014,0.017,solved,MULTIPLE
rand4281,0.009,0.011,solved,MULTIPLE
rand4282,0.013,0.015,solved,MULTIPLE
rand4283,0.013,0.017,solved,MULTIPLE
rand4284,0.015,0.019,solved,MULTIPLE
rand4285,0.012,0.014,solved,MULTIPLE
rand4286,0.016,0.019,solved,MULTIPLE
rand4287,0.008,0.009,solved,MULTIPLE
rand4288,0.012,0.013,solved,MULTIPLE
rand4289,0.015,0.016,solved,MULTIPLE
rand4290,0.012,0.013,solved,MULTIPLE
rand4291,0.018,0.019,solved,MULTIPLE
rand4292,0.035,0.037,solved,MULTIPLE
rand4293,0.022,0.023,solved,MULTIPLE
rand4294,0.016,0.017,solved,MULTIPLE
rand4295,0.014,0.016,solved,MULTIPLE
rand4296,0.013,0.014,solved,MULTIPLE
rand4297,0.015,0.016,solved,MULTIPLE
rand4298,0.027,0.030,solved,MULTIPLE
rand4299,0.012,0.014,solved,MULTIPLE
rand4300,0.016,0.019,solved,MULTIPLE
rand4301,0.015,0.016,solved,MULTIPLE
rand4302,0.009,0.010,solved,MULTIPLE
rand4303,0.012,0.015,solved,MULTIPLE
rand4304,0.014,0.015,solved,MULTIPLE
rand4305,0.014,0.015,solved,MULTIPLE
rand4306,0.011,0.014,solved,MULTIPLE
rand4307,0.009,0.011,solved,MULTIPLE
rand4308,0.019,0.020,solved,MULTIPLE
rand4309,0.015,0.018,solved,MULTIPLE
rand4310,0.015,0.018,solved,MULTIPLE
rand4311,0.017,0.019,solved,MULTIPLE
rand4312,0.017,0.020,solved,MULTIPLE
rand4313,0.014,0.015,solved,MULTIPLE
rand4314,0.016,0.017,solved,MULTIPLE
rand4315,0.009,0.011,solved,MULTIPLE
rand4316,0.013,0.014,solved,MULTIPLE
rand4317,0.008,0.010,solved,MULTIPLE
rand4318,0.011,0.012,solved,MULTIPLE
rand4319,0.011,0.013,solved,MULTIPLE
rand4320,0.012,0.014,solved,MULTIPLE
rand4321,0.013,0.016,solved,MULTIPLE
rand4322,0.024,0.026,solved,MULTIPLE
rand4323,0.017,0.019,solved,MULTIPLE
rand4324,0.013,0.015,solved,MULTIPLE
rand4325,0.014,0.016,solved,MULTIPLE
rand4326,0.020,0.021,solved,MULTIPLE
rand4327,0.011,0.013,solved,MULTIPLE
rand4328,0.011,0.012,solved,MULTIPLE
rand4329,0.010,0.011,solved,MULTIPLE
rand4330,0.011,0.013,solved,MULTIPLE
rand4331,0.011,0.013,solved,MULTIPLE
rand4332,0.016,0.018,solved,MULTIPLE
rand4333,0.012,0.013,solved,MULTIPLE
rand4334,0.018,0.020,solved,MULTIPLE
rand4335,0.016,0.018,solved,MULTIPLE
rand4336,0.022,0.024,solved,MULTIPLE
rand4337,0.014,0.015,solved,MULTIPLE
rand4338,0.016,0.017,solved,MULTIPLE
rand4339,0.019,0.021,solved,MULTIPLE
rand4340,0.009,0.010,solved,MULTIPLE
rand4341,0.012,0.013,solved,MULTIPLE
rand4342,0.028,0.030,solved,MULTIPLE
rand4343,0.021,0.022,solved,MULTIPLE
rand4344,0.013,0.014,solved,MULTIPLE
rand4345,0.019,0.021,solved,MULTIPLE
rand4346,0.014,0.016,solved,MULTIPLE
rand4347,0.015,0.018,solved,MULTIPLE
rand4348,0.017,0.018,solved,UNIQUE
rand4349,0.009,0.011,solved,MULTIPLE
rand4350,0.008,0.010,solved,UNIQUE
rand4351,0.010,0.016,solved,MULTIPLE
rand4352,0.015,0.019,solved,MULTIPLE
rand4353,0.017,0.019,solved,MULTIPLE
rand4354,0.016,0.019,solved,MULTIPLE
rand4355,0.017,0.022,solved,MULTIPLE
rand4356,0.017,0.020,solved,MULTIPLE
rand4357,0.013,0.015,solved,MULTIPLE
rand4358,0.017,0.018,solved,MULTIPLE
rand4359,0.014,0.018,solved,MULTIPLE
rand4360,0.014,0.015,solved,MULTIPLE
rand4361,0.014,0.015,solved,MULTIPLE
rand4362,0.015,0.016,solved,MULTIPLE
rand4363,0.013,0.016,solved,MULTIPLE
rand4364,0.013,0.017,solved,MULTIPLE
rand4365,0.011,0.012,solved,MULTIPLE
rand4366,0.014,0.015,solved,MULTIPLE
rand4367,0.012,0.014,solved,MULTIPLE
rand4368,0.014,0.018,solved,MULTIPLE
rand4369,0.010,0.012,solved,MULTIPLE
rand4370,0.022,0.023,solved,MULTIPLE
rand4371,0.011,0.014,solved,MULTIPLE
rand4372,0.014,0.015,solved,MULTIPLE
rand4373,0.025,0.028,solved,MULTIPLE
rand4374,0.016,0.019,solved,MULTIPLE
rand4375,0.016,0.018,solved,MULTIPLE
rand4376,0.015,0.017,solved,MULTIPLE
rand4377,0.013,0.015,solved,UNIQUE
rand4378,0.013,0.014,solved,MULTIPLE
rand4379,0.013,0.014,solved,MULTIPLE
rand4380,0.014,0.020,solved,MULTIPLE
rand4381,0.010,0.014,solved,MULTIPLE
rand4382,0.014,0.015,solved,MULTIPLE
rand4383,0.016,0.018,solved,MULTIPLE
rand4384,0.015,0.019,solved,MULTIPLE
rand4385,0.013,0.015,solved,MULTIPLE
rand4386,0.018,0.020,solved,MULTIPLE
rand4387,0.014,0.016,solved,MULTIPLE
rand4388,0.017,0.020,solved,MULTIPLE
rand4389,0.013,0.016,solved,MULTIPLE
rand4390,0.012,0.014,solved,MULTIPLE
rand4391,0.015,0.017,solved,MULTIPLE
rand4392,0.016,0.018,solved,MULTIPLE
rand4393,0.033,0.036,solved,MULTIPLE
rand4394,0.014,0.016,solved,MULTIPLE
rand4395,0.014,0.015,solved,MULTIPLE
rand4396,0.023,0.026,solved,MULTIPLE
rand4397,0.026,0.029,solved,MULTIPLE
rand4398,0.013,0.014,solved,MULTIPLE
rand4399,0.019,0.021,solved,MULTIPLE
rand4400,0.013,0.015,solved,MULTIPLE
rand4401,0.010,0.012,solved,MULTIPLE
rand4402,0.012,0.014,solved,MULTIPLE
rand4403,0.009,0.010,solved,MULTIPLE
rand4404,0.022,0.024,solved,MULTIPLE
rand4405,0.015,0.017,solved,MULTIPLE
rand4406,0.020,0.022,solved,MULTIPLE
rand4407,0.017,0.019,solved,MULTIPLE
rand4408,0.014,0.016,solved,MULTIPLE
rand4409,0.015,0.018,solved,MULTIPLE
rand4410,0.017,0.020,solved,MULTIPLE
rand4411,0.012,0.013,solved,MULTIPLE
rand4412,0.011,0.016,solved,MULTIPLE
rand4413,0.010,0.015,solved,MULTIPLE
rand4414,0.016,0.019,solved,MULTIPLE
rand4415,0.019,0.021,solved,MULTIPLE
rand4416,0.031,0.034,solved,MULTIPLE
rand4417,0.017,0.019,solved,MULTIPLE
rand4418,0.016,0.019,solved,MULTIPLE
rand4419,0.014,0.018,solved,MULTIPLE
rand4420,0.017,0.020,solved,MULTIPLE
rand4421,0.016,0.017,solved,MULTIPLE
rand4422,0.009,0.010,solved,MULTIPLE
rand4423,0.013,0.014,solved,MULTIPLE
rand4424,0.012,0.017,solved,MULTIPLE
rand4425,0.016,0.018,solved,MULTIPLE
rand4426,0.018,0.020,solved,MULTIPLE
rand4427,0.072,0.075,solved,MULTIPLE
rand4428,0.014,0.016,solved,MULTIPLE
rand4429,0.017,0.018,solved,MULTIPLE
rand4430,0.022,0.024,solved,MULTIPLE
rand4431,0.017,0.018,solved,MULTIPLE
rand4432,0.012,0.014,solved,MULTIPLE
rand4433,0.014,0.016,solved,MULTIPLE
rand4434,0.014,0.016,solved,MULTIPLE
rand4435,0.013,0.015,solved,MULTIPLE
rand4436,0.015,0.017,solved,MULTIPLE
rand4437,0.012,0.014,solved,MULTIPLE
rand4438,0.010,0.012,solved,MULTIPLE
rand4439,0.009,0.011,solved,MULTIPLE
rand4440,0.009,0.010,solved,MULTIPLE
rand4441,0.013,0.018,solved,MULTIPLE
rand4442,0.057,0.059,solved,MULTIPLE
rand4443,0.011,0.012,solved,MULTIPLE
rand4444,0.014,0.016,solved,MULTIPLE
rand4445,0.037,0.040,solved,MULTIPLE
rand4446,0.016,0.020,solved,MULTIPLE
rand4447,0.016,0.024,solved,MULTIPLE
rand4448,0.019,0.020,solved,MULTIPLE
rand4449,0.013,0.015,solved,MULTIPLE
rand4450,0.013,0.016,solved,MULTIPLE
rand4451,0.013,0.015,solved,MULTIPLE
rand4452,0.015,0.017,solved,MULTIPLE
rand4453,0.013,0.014,solved,MULTIPLE
rand4454,0.013,0.017,solved,MULTIPLE
rand4455,0.012,0.014,solved,MULTIPLE
rand4456,0.014,0.017,solved,MULTIPLE
rand4457,0.011,0.013,solved,MULTIPLE
rand4458,0.019,0.023,solved,MULTIPLE
rand4459,0.013,0.019,solved,MULTIPLE
rand4460,0.060,0.065,solved,MULTIPLE
rand4461,0.013,0.015,solved,MULTIPLE
rand4462,0.013,0.015,solved,MULTIPLE
rand4463,0.017,0.019,solved,MULTIPLE
rand4464,0.013,0.016,solved,MULTIPLE
rand4465,0.013,0.015,solved,MULTIPLE
rand4466,0.014,0.016,solved,MULTIPLE
rand4467,0.016,0.020,solved,MULTIPLE
rand4468,0.038,0.039,solved,MULTIPLE
rand4469,0.012,0.014,solved,MULTIPLE
rand4470,0.012,0.014,solved,MULTIPLE
rand4471,0.010,0.014,solved,MULTIPLE
rand4472,0.012,0.015,solved,MULTIPLE
rand4473,0.012,0.013,solved,UNIQUE
rand4474,0.013,0.015,solved,MULTIPLE
rand4475,0.011,0.013,solved,MULTIPLE
rand4476,0.015,0.016,solved,MULTIPLE
rand4477,0.016,0.019,solved,MULTIPLE
rand4478,0.017,0.019,solved,MULTIPLE
rand4479,0.011,0.014,solved,MULTIPLE
rand4480,0.012,0.014,solved,MULTIPLE
rand4481,0.014,0.017,solved,MULTIPLE
rand4482,0.011,0.013,solved,MULTIPLE
rand4483,0.020,0.023,solved,MULTIPLE
rand4484,0.016,0.019,solved,MULTIPLE
rand4485,0.014,0.017,solved,MULTIPLE
rand4486,0.016,0.019,solved,MULTIPLE
rand4487,0.014,0.017,solved,MULTIPLE
rand4488,0.018,0.019,solved,MULTIPLE
rand4489,0.015,0.017,solved,MULTIPLE
rand4490,0.015,0.018,solved,MULTIPLE
rand4491,0.014,0.016,solved,MULTIPLE
rand4492,0.015,0.018,solved,MULTIPLE
rand4493,0.018,0.021,solved,MULTIPLE
rand4494,0.016,0.019,solved,MULTIPLE
rand4495,0.013,0.016,solved,MULTIPLE
rand4496,0.015,0.018,solved,MULTIPLE
rand4497,0.026,0.030,solved,MULTIPLE
rand4498,0.014,0.020,solved,MULTIPLE
rand4499,0.016,0.021,solved,MULTIPLE
rand4500,0.015,0.017,solved,MULTIPLE
rand4501,0.014,0.016,solved,MULTIPLE
rand4502,0.015,0.018,solved,MULTIPLE
rand4503,0.029,0.032,solved,MULTIPLE
rand4504,0.018,0.020,solved,MULTIPLE
rand4505,0.015,0.018,solved,MULTIPLE
rand4506,0.017,0.020,solved,MULTIPLE
rand4507,0.020,0.022,solved,MULTIPLE
rand4508,0.017,0.020,solved,MULTIPLE
rand4509,0.022,0.024,solved,MULTIPLE
rand4510,0.017,0.019,solved,UNIQUE
rand4511,0.018,0.020,solved,MULTIPLE
rand4512,0.016,0.018,solved,MULTIPLE
rand4513,0.018,0.021,solved,MULTIPLE
rand4514,0.013,0.017,solved,MULTIPLE
rand4515,0.013,0.015,solved,MULTIPLE
rand4516,0.013,0.016,solved,MULTIPLE
rand4517,0.009,0.010,solved,MULTIPLE
rand4518,0.012,0.016,solved,MULTIPLE
rand4519,0.017,0.019,solved,MULTIPLE
rand4520,0.016,0.020,solved,MULTIPLE
rand4521,0.017,0.018,solved,MULTIPLE
rand4522,0.025,0.029,solved,MULTIPLE
rand4523,0.021,0.027,solved,MULTIPLE
rand4524,0.017,0.019,solved,MULTIPLE
rand4525,0.018,0.021,solved,MULTIPLE
rand4526,0.017,0.018,solved,MULTIPLE
rand4527,0.024,0.027,solved,MULTIPLE
rand4528,0.024,0.025,solved,MULTIPLE
rand4529,0.014,0.018,solved,MULTIPLE
rand4530,0.013,0.015,solved,MULTIPLE
rand4531,0.031,0.035,solved,MULTIPLE
rand4532,0.013,0.016,solved,MULTIPLE
rand4533,0.014,0.020,solved,MULTIPLE
rand4534,0.018,0.020,solved,MULTIPLE
rand4535,0.015,0.018,solved,MULTIPLE
rand4536,0.016,0.018,solved,MULTIPLE
rand4537,0.014,0.018,solved,MULTIPLE
rand4538,0.016,0.019,solved,MULTIPLE
rand4539,0.012,0.014,solved,MULTIPLE
rand4540,0.013,0.014,solved,MULTIPLE
rand4541,0.008,0.010,solved,MULTIPLE
rand4542,0.015,0.019,solved,MULTIPLE
rand4543,0.014,0.017,solved,MULTIPLE
rand4544,0.017,0.021,solved,MULTIPLE
rand4545,0.018,0.020,solved,MULTIPLE
rand4546,0.014,0.017,solved,MULTIPLE
rand4547,0.015,0.017,solved,MULTIPLE
rand4548,0.019,0.023,solved,MULTIPLE
rand4549,0.016,0.019,solved,MULTIPLE
rand4550,0.074,0.076,solved,MULTIPLE
rand4551,0.019,0.021,solved,MULTIPLE
rand4552,0.012,0.015,solved,MULTIPLE
rand4553,0.017,0.019,solved,MULTIPLE
rand4554,0.020,0.021,solved,MULTIPLE
rand4555,0.014,0.018,solved,MULTIPLE
rand4556,0.016,0.018,solved,MULTIPLE
rand4557,0.015,0.018,solved,MULTIPLE
rand4558,0.016,0.018,solved,MULTIPLE
rand4559,0.015,0.018,solved,MULTIPLE
rand4560,0.012,0.013,solved,MULTIPLE
rand4561,0.012,0.015,solved,MULTIPLE
rand4562,0.013,0.016,solved,MULTIPLE
rand4563,0.011,0.012,solved,MULTIPLE
rand4564,0.011,0.014,solved,UNIQUE
rand4565,0.024,0.027,solved,MULTIPLE
rand4566,0.012,0.017,solved,MULTIPLE
rand4567,0.012,0.014,solved,MULTIPLE
rand4568,0.033,0.037,solved,MULTIPLE
rand4569,0.012,0.013,solved,MULTIPLE
rand4570,0.012,0.014,solved,MULTIPLE
rand4571,0.016,0.018,solved,MULTIPLE
rand4572,0.013,0.015,solved,MULTIPLE
rand4573,0.054,0.056,solved,MULTIPLE
rand4574,0.012,0.013,solved,MULTIPLE
rand4575,0.014,0.017,solved,MULTIPLE
rand4576,0.016,0.018,solved,MULTIPLE
rand4577,0.016,0.021,solved,MULTIPLE
rand4578,0.013,0.014,solved,MULTIPLE
rand4579,0.016,0.020,solved,MULTIPLE
rand4580,0.013,0.015,solved,MULTIPLE
rand4581,0.022,0.024,solved,MULTIPLE
rand4582,0.012,0.014,solved,MULTIPLE
rand4583,0.015,0.017,solved,MULTIPLE
rand4584,0.016,0.018,solved,MULTIPLE
rand4585,0.014,0.018,solved,MULTIPLE
rand4586,0.013,0.015,solved,MULTIPLE
rand4587,0.017,0.020,solved,MULTIPLE
rand4588,0.013,0.016,solved,MULTIPLE
rand4589,0.010,0.013,solved,MULTIPLE
rand4590,0.014,0.017,solved,MULTIPLE
rand4591,0.019,0.024,solved,MULTIPLE
rand4592,0.017,0.019,solved,MULTIPLE
rand4593,0.013,0.018,solved,MULTIPLE
rand4594,0.018,0.022,solved,MULTIPLE
rand4595,1.091,1.095,solved,MULTIPLE
rand4596,0.016,0.017,solved,MULTIPLE
rand4597,0.017,0.021,solved,MULTIPLE
rand4598,0.015,0.018,solved,MULTIPLE
rand4599,0.015,0.017,solved,MULTIPLE
rand4600,0.017,0.019,solved,MULTIPLE
rand4601,0.013,0.015,solved,MULTIPLE
rand4602,0.017,0.019,solved,MULTIPLE
rand4603,0.015,0.017,solved,MULTIPLE
rand4604,0.012,0.013,solved,MULTIPLE
rand4605,0.009,0.011,solved,MULTIPLE
rand4606,0.012,0.014,solved,MULTIPLE
rand4607,0.012,0.013,solved,MULTIPLE
rand4608,0.013,0.015,solved,MULTIPLE
rand4609,0.012,0.013,solved,MULTIPLE
rand4610,0.022,0.025,solved,MULTIPLE
rand4611,0.014,0.017,solved,MULTIPLE
rand4612,0.021,0.025,solved,MULTIPLE
rand4613,0.018,0.019,solved,MULTIPLE
rand4614,0.015,0.018,solved,MULTIPLE
rand4615,0.016,0.018,solved,MULTIPLE
rand4616,0.015,0.018,solved,MULTIPLE
rand4617,0.009,0.011,solved,MULTIPLE
rand4618,0.019,0.020,solved,MULTIPLE
rand4619,0.012,0.014,solved,MULTIPLE
rand4620,0.013,0.015,solved,UNIQUE
rand4621,0.016,0.018,solved,MULTIPLE
rand4622,0.016,0.021,solved,MULTIPLE
rand4623,0.025,0.028,solved,MULTIPLE
rand4624,0.023,0.026,solved,MULTIPLE
rand4625,0.013,0.015,solved,MULTIPLE
rand4626,0.011,0.012,solved,MULTIPLE
rand4627,0.013,0.015,solved,MULTIPLE
rand4628,0.020,0.021,solved,MULTIPLE
rand4629,0.012,0.013,solved,MULTIPLE
rand4630,0.014,0.016,solved,MULTIPLE
rand4631,0.014,0.015,solved,MULTIPLE
rand4632,0.012,0.014,solved,MULTIPLE
rand4633,0.011,0.015,solved,MULTIPLE
rand4634,0.017,0.020,solved,MULTIPLE
rand4635,0.013,0.014,solved,MULTIPLE
rand4636,0.013,0.015,solved,MULTIPLE
rand4637,0.017,0.021,solved,MULTIPLE
rand4638,0.014,0.015,solved,MULTIPLE
rand4639,0.012,0.015,solved,MULTIPLE
rand4640,0.020,0.021,solved,MULTIPLE
rand4641,0.024,0.026,solved,MULTIPLE
rand4642,0.014,0.017,solved,MULTIPLE
rand4643,0.018,0.020,solved,MULTIPLE
rand4644,0.012,0.015,solved,MULTIPLE
rand4645,0.015,0.018,solved,MULTIPLE
rand4646,0.011,0.013,solved,MULTIPLE
rand4647,0.010,0.011,solved,MULTIPLE
rand4648,0.009,0.010,solved,MULTIPLE
rand4649,0.017,0.019,solved,MULTIPLE
rand4650,0.013,0.014,solved,MULTIPLE
rand4651,0.014,0.016,solved,MULTIPLE
rand4652,0.016,0.021,solved,MULTIPLE
rand4653,0.017,0.021,solved,MULTIPLE
rand4654,0.017,0.023,solved,MULTIPLE
rand4655,1.519,1.522,solved,MULTIPLE
rand4656,0.016,0.017,solved,MULTIPLE
rand4657,0.013,0.015,solved,MULTIPLE
rand4658,0.014,0.016,solved,MULTIPLE
rand4659,0.012,0.014,solved,MULTIPLE
rand4660,0.015,0.017,solved,MULTIPLE
rand4661,0.010,0.013,solved,MULTIPLE
rand4662,0.020,0.021,solved,MULTIPLE
rand4663,0.008,0.011,solved,MULTIPLE
rand4664,0.015,0.016,solved,MULTIPLE
rand4665,0.016,0.019,solved,MULTIPLE
rand4666,0.011,0.014,solved,MULTIPLE
rand4667,0.016,0.018,solved,MULTIPLE
rand4668,0.031,0.032,solved,MULTIPLE
rand4669,0.014,0.015,solved,MULTIPLE
rand4670,0.013,0.015,solved,MULTIPLE
rand4671,0.019,0.020,solved,MULTIPLE
rand4672,0.017,0.018,solved,MULTIPLE
rand4673,0.014,0.015,solved,MULTIPLE
rand4674,0.012,0.014,solved,MULTIPLE
rand4675,0.015,0.016,solved,MULTIPLE
rand4676,0.015,0.016,solved,MULTIPLE
rand4677,0.019,0.020,solved,MULTIPLE
rand4678,0.018,0.020,solved,MULTIPLE
rand4679,0.021,0.023,solved,MULTIPLE
rand4680,0.023,0.026,solved,MULTIPLE
rand4681,0.028,0.030,solved,MULTIPLE
rand4682,0.010,0.011,solved,MULTIPLE
rand4683,0.009,0.011,solved,MULTIPLE
rand4684,0.008,0.009,solved,MULTIPLE
rand4685,0.012,0.014,solved,MULTIPLE
rand4686,0.009,0.011,solved,MULTIPLE
rand4687,0.016,0.017,solved,MULTIPLE
rand4688,0.017,0.021,solved,MULTIPLE
rand4689,0.014,0.015,solved,MULTIPLE
rand4690,0.013,0.016,solved,MULTIPLE
rand4691,0.017,0.020,solved,MULTIPLE
rand4692,0.015,0.017,solved,MULTIPLE
rand4693,0.013,0.017,solved,MULTIPLE
rand4694,0.013,0.014,solved,MULTIPLE
rand4695,0.011,0.013,solved,MULTIPLE
rand4696,0.011,0.013,solved,MULTIPLE
rand4697,0.015,0.017,solved,MULTIPLE
rand4698,0.012,0.016,solved,MULTIPLE
rand4699,0.015,0.016,solved,MULTIPLE
rand4700,0.016,0.020,solved,MULTIPLE
rand4701,0.013,0.017,solved,MULTIPLE
rand4702,0.012,0.015,solved,UNIQUE
rand4703,0.019,0.021,solved,MULTIPLE
rand4704,0.012,0.013,solved,MULTIPLE
rand4705,0.013,0.015,solved,MULTIPLE
rand4706,0.013,0.015,solved,MULTIPLE
rand4707,0.010,0.013,solved,MULTIPLE
rand4708,0.014,0.016,solved,MULTIPLE
rand4709,0.013,0.015,solved,MULTIPLE
rand4710,0.012,0.014,solved,MULTIPLE
rand4711,0.017,0.019,solved,MULTIPLE
rand4712,0.016,0.019,solved,MULTIPLE
rand4713,0.017,0.020,solved,MULTIPLE
rand4714,0.010,0.011,solved,MULTIPLE
rand4715,0.016,0.018,solved,MULTIPLE
rand4716,0.011,0.012,solved,MULTIPLE
rand4717,0.018,0.019,solved,MULTIPLE
rand4718,0.030,0.032,solved,MULTIPLE
rand4719,0.014,0.016,solved,MULTIPLE
rand4720,0.016,0.017,solved,MULTIPLE
rand4721,0.015,0.018,solved,MULTIPLE
rand4722,0.013,0.015,solved,MULTIPLE
rand4723,0.010,0.011,solved,MULTIPLE
rand4724,0.010,0.011,solved,MULTIPLE
rand4725,0.014,0.017,solved,MULTIPLE
rand4726,0.014,0.018,solved,MULTIPLE
rand4727,0.018,0.020,solved,MULTIPLE
rand4728,0.017,0.019,solved,MULTIPLE
rand4729,0.016,0.019,solved,MULTIPLE
rand4730,0.017,0.019,solved,MULTIPLE
rand4731,0.014,0.016,solved,MULTIPLE
rand4732,0.012,0.013,solved,MULTIPLE
rand4733,0.010,0.013,solved,MULTIPLE
rand4734,0.011,0.012,solved,MULTIPLE
rand4735,0.008,0.010,solved,MULTIPLE
rand4736,0.011,0.016,solved,MULTIPLE
rand4737,0.009,0.011,solved,MULTIPLE
rand4738,0.015,0.016,solved,MULTIPLE
rand4739,0.015,0.016,solved,MULTIPLE
rand4740,0.016,0.017,solved,MULTIPLE
rand4741,0.021,0.022,solved,MULTIPLE
rand4742,0.015,0.016,solved,MULTIPLE
rand4743,0.014,0.017,solved,MULTIPLE
rand4744,0.011,0.012,solved,MULTIPLE
rand4745,0.012,0.013,solved,MULTIPLE
rand4746,0.009,0.010,solved,UNIQUE
rand4747,0.009,0.011,solved,MULTIPLE
rand4748,0.013,0.015,solved,MULTIPLE
rand4749,0.013,0.016,solved,MULTIPLE
rand4750,0.015,0.017,solved,MULTIPLE
rand4751,0.023,0.026,solved,MULTIPLE
rand4752,0.017,0.018,solved,MULTIPLE
rand4753,0.017,0.020,solved,MULTIPLE
rand4754,0.012,0.013,solved,MULTIPLE
rand4755,0.014,0.016,solved,MULTIPLE
rand4756,0.025,0.026,solved,MULTIPLE
rand4757,0.013,0.014,solved,MULTIPLE
rand4758,0.016,0.017,solved,MULTIPLE
rand4759,0.017,0.018,solved,MULTIPLE
rand4760,0.014,0.015,solved,MULTIPLE
rand4761,0.014,0.017,solved,MULTIPLE
rand4762,0.012,0.013,solved,MULTIPLE
rand4763,0.022,0.023,solved,MULTIPLE
rand4764,0.013,0.014,solved,MULTIPLE
rand4765,0.018,0.020,solved,MULTIPLE
rand4766,0.035,0.037,solved,MULTIPLE
rand4767,0.014,0.016,solved,MULTIPLE
rand4768,0.013,0.014,solved,MULTIPLE
rand4769,0.014,0.016,solved,MULTIPLE
rand4770,0.012,0.013,solved,MULTIPLE
rand4771,0.036,0.038,solved,MULTIPLE
rand4772,0.013,0.014,solved,UNIQUE
rand4773,0.015,0.016,solved,MULTIPLE
rand4774,0.011,0.014,solved,MULTIPLE
rand4775,0.118,0.120,solved,MULTIPLE
rand4776,0.011,0.013,solved,MULTIPLE
rand4777,0.010,0.011,solved,UNIQUE
rand4778,0.013,0.014,solved,MULTIPLE
rand4779,0.009,0.010,solved,MULTIPLE
rand4780,0.012,0.013,solved,MULTIPLE
rand4781,0.020,0.021,solved,MULTIPLE
rand4782,0.014,0.015,solved,MULTIPLE
rand4783,0.018,0.022,solved,MULTIPLE
rand4784,0.013,0.014,solved,MULTIPLE
rand4785,0.011,0.012,solved,MULTIPLE
rand4786,0.014,0.015,solved,MULTIPLE
rand4787,0.736,0.738,solved,MULTIPLE
rand4788,0.013,0.014,solved,MULTIPLE
rand4789,0.022,0.023,solved,MULTIPLE
rand4790,0.012,0.013,solved,MULTIPLE
rand4791,0.010,0.012,solved,UNIQUE
rand4792,0.015,0.015,solved,MULTIPLE
rand4793,0.013,0.015,solved,MULTIPLE
rand4794,0.012,0.014,solved,MULTIPLE
rand4795,0.018,0.019,solved,MULTIPLE
rand4796,0.023,0.024,solved,MULTIPLE
rand4797,0.013,0.014,solved,MULTIPLE
rand4798,0.014,0.015,solved,MULTIPLE
rand4799,0.011,0.012,solved,MULTIPLE
rand4800,0.014,0.015,solved,MULTIPLE
rand4801,0.014,0.015,solved,MULTIPLE
rand4802,0.011,0.012,solved,MULTIPLE
rand4803,0.012,0.013,solved,MULTIPLE
rand4804,0.013,0.014,solved,MULTIPLE
rand4805,0.011,0.013,solved,MULTIPLE
rand4806,0.012,0.014,solved,MULTIPLE
rand4807,0.023,0.024,solved,MULTIPLE
rand4808,0.013,0.014,solved,MULTIPLE
rand4809,0.012,0.014,solved,MULTIPLE
rand4810,0.012,0.013,solved,MULTIPLE
rand4811,0.013,0.014,solved,MULTIPLE
rand4812,0.012,0.013,solved,MULTIPLE
rand4813,0.012,0.013,solved,MULTIPLE
rand4814,0.016,0.016,solved,MULTIPLE
rand4815,0.013,0.015,solved,MULTIPLE
rand4816,0.015,0.016,solved,MULTIPLE
rand4817,0.015,0.016,solved,MULTIPLE
rand4818,0.015,0.016,solved,MULTIPLE
rand4819,0.011,0.013,solved,MULTIPLE
rand4820,0.014,0.016,solved,MULTIPLE
rand4821,0.008,0.010,solved,MULTIPLE
rand4822,0.012,0.013,solved,MULTIPLE
rand4823,0.009,0.010,solved,MULTIPLE
rand4824,0.011,0.012,solved,MULTIPLE
rand4825,0.012,0.013,solved,MULTIPLE
rand4826,0.009,0.010,solved,MULTIPLE
rand4827,0.012,0.014,solved,MULTIPLE
rand4828,0.013,0.014,solved,MULTIPLE
rand4829,0.517,0.518,solved,MULTIPLE
rand4830,0.012,0.013,solved,MULTIPLE
rand4831,0.015,0.017,solved,MULTIPLE
rand4832,0.013,0.014,solved,MULTIPLE
rand4833,0.014,0.015,solved,MULTIPLE
rand4834,0.011,0.013,solved,MULTIPLE
rand4835,0.013,0.014,solved,MULTIPLE
rand4836,0.012,0.013,solved,MULTIPLE
rand4837,0.018,0.019,solved,MULTIPLE
rand4838,0.013,0.014,solved,MULTIPLE
rand4839,0.018,0.019,solved,MULTIPLE
rand4840,0.011,0.012,solved,MULTIPLE
rand4841,0.009,0.012,solved,MULTIPLE
rand4842,0.012,0.013,solved,MULTIPLE
rand4843,0.012,0.013,solved,MULTIPLE
rand4844,0.009,0.010,solved,MULTIPLE
rand4845,0.012,0.013,solved,MULTIPLE
rand4846,0.013,0.014,solved,MULTIPLE
rand4847,0.009,0.011,solved,MULTIPLE
rand4848,0.012,0.015,solved,MULTIPLE
rand4849,0.012,0.013,solved,MULTIPLE
rand4850,0.020,0.021,solved,MULTIPLE
rand4851,0.013,0.013,solved,MULTIPLE
rand4852,0.020,0.022,solved,MULTIPLE
rand4853,0.012,0.015,solved,MULTIPLE
rand4854,0.012,0.014,solved,MULTIPLE
rand4855,0.018,0.019,solved,MULTIPLE
rand4856,0.012,0.013,solved,MULTIPLE
rand4857,0.017,0.018,solved,MULTIPLE
rand4858,0.012,0.013,solved,MULTIPLE
rand4859,0.012,0.013,solved,MULTIPLE
rand4860,0.010,0.012,solved,MULTIPLE
rand4861,0.013,0.014,solved,MULTIPLE
rand4862,0.010,0.011,solved,MULTIPLE
rand4863,0.014,0.015,solved,MULTIPLE
rand4864,0.012,0.014,solved,MULTIPLE
rand4865,0.015,0.016,solved,MULTIPLE
rand4866,0.013,0.014,solved,MULTIPLE
rand4867,0.015,0.016,solved,MULTIPLE
rand4868,0.012,0.013,solved,MULTIPLE
rand4869,0.013,0.015,solved,MULTIPLE
rand4870,0.011,0.013,solved,MULTIPLE
rand4871,0.009,0.011,solved,MULTIPLE
rand4872,0.009,0.011,solved,UNIQUE
rand4873,0.011,0.012,solved,MULTIPLE
rand4874,0.016,0.017,solved,MULTIPLE
rand4875,0.018,0.020,solved,MULTIPLE
rand4876,0.014,0.015,solved,MULTIPLE
rand4877,0.011,0.012,solved,MULTIPLE
rand4878,0.008,0.009,solved,MULTIPLE
rand4879,0.012,0.013,solved,MULTIPLE
rand4880,0.012,0.013,solved,MULTIPLE
rand4881,0.013,0.015,solved,MULTIPLE
rand4882,0.014,0.015,solved,MULTIPLE
rand4883,0.012,0.013,solved,MULTIPLE
rand4884,0.014,0.015,solved,MULTIPLE
rand4885,0.011,0.012,solved,MULTIPLE
rand4886,0.015,0.015,solved,MULTIPLE
rand4887,0.013,0.015,solved,MULTIPLE
rand4888,0.013,0.014,solved,MULTIPLE
rand4889,0.011,0.012,solved,UNIQUE
rand4890,0.011,0.012,solved,MULTIPLE
rand4891,0.010,0.012,solved,MULTIPLE
rand4892,0.014,0.015,solved,MULTIPLE
rand4893,0.009,0.010,solved,MULTIPLE
rand4894,0.017,0.018,solved,MULTIPLE
rand4895,0.011,0.012,solved,UNIQUE
rand4896,0.013,0.014,solved,MULTIPLE
rand4897,0.013,0.014,solved,MULTIPLE
rand4898,0.012,0.013,solved,MULTIPLE
rand4899,0.013,0.014,solved,MULTIPLE
rand4900,0.014,0.015,solved,MULTIPLE
rand4901,0.014,0.014,solved,MULTIPLE
rand4902,0.011,0.014,solved,MULTIPLE
rand4903,0.015,0.015,solved,MULTIPLE
rand4904,0.012,0.014,solved,MULTIPLE
rand4905,0.012,0.013,solved,MULTIPLE
rand4906,0.022,0.024,solved,MULTIPLE
rand4907,0.010,0.011,solved,MULTIPLE
rand4908,0.013,0.015,solved,MULTIPLE
rand4909,0.015,0.017,solved,MULTIPLE
rand4910,0.016,0.017,solved,MULTIPLE
rand4911,0.009,0.010,solved,MULTIPLE
rand4912,0.032,0.033,solved,MULTIPLE
rand4913,0.016,0.017,solved,MULTIPLE
rand4914,0.012,0.014,solved,MULTIPLE
rand4915,0.014,0.016,solved,MULTIPLE
rand4916,0.011,0.012,solved,MULTIPLE
rand4917,0.008,0.011,solved,MULTIPLE
rand4918,0.011,0.013,solved,MULTIPLE
rand4919,0.013,0.015,solved,MULTIPLE
rand4920,0.013,0.015,solved,MULTIPLE
rand4921,0.012,0.014,solved,MULTIPLE
rand4922,0.011,0.012,solved,MULTIPLE
rand4923,0.011,0.014,solved,MULTIPLE
rand4924,0.010,0.012,solved,MULTIPLE
rand4925,0.016,0.017,solved,MULTIPLE
rand4926,0.024,0.025,solved,MULTIPLE
rand4927,0.015,0.017,solved,MULTIPLE
rand4928,0.019,0.020,solved,MULTIPLE
rand4929,0.012,0.013,solved,UNIQUE
rand4930,0.037,0.039,solved,MULTIPLE
rand4931,0.012,0.013,solved,MULTIPLE
rand4932,0.028,0.029,solved,MULTIPLE
rand4933,0.009,0.010,solved,MULTIPLE
rand4934,0.010,0.011,solved,MULTIPLE
rand4935,0.014,0.015,solved,MULTIPLE
rand4936,0.015,0.016,solved,MULTIPLE
rand4937,0.012,0.015,solved,MULTIPLE
rand4938,0.015,0.016,solved,MULTIPLE
rand4939,0.011,0.013,solved,MULTIPLE
rand4940,0.016,0.017,solved,MULTIPLE
rand4941,0.013,0.015,solved,MULTIPLE
rand4942,0.016,0.018,solved,MULTIPLE
rand4943,0.013,0.015,solved,MULTIPLE
rand4944,0.021,0.022,solved,MULTIPLE
rand4945,0.009,0.010,solved,MULTIPLE
rand4946,0.013,0.015,solved,MULTIPLE
rand4947,0.021,0.024,solved,MULTIPLE
rand4948,0.014,0.015,solved,MULTIPLE
rand4949,0.012,0.014,solved,MULTIPLE
rand4950,0.012,0.013,solved,MULTIPLE
rand4951,0.012,0.014,solved,MULTIPLE
rand4952,0.012,0.013,solved,MULTIPLE
rand4953,0.013,0.015,solved,MULTIPLE
rand4954,0.009,0.010,solved,MULTIPLE
rand4955,0.013,0.014,solved,MULTIPLE
rand4956,0.012,0.014,solved,MULTIPLE
rand4957,0.011,0.012,solved,MULTIPLE
rand4958,0.013,0.014,solved,MULTIPLE
rand4959,0.012,0.013,solved,MULTIPLE
rand4960,0.013,0.014,solved,MULTIPLE
rand4961,0.012,0.014,solved,MULTIPLE
rand4962,0.013,0.014,solved,MULTIPLE
rand4963,0.010,0.012,solved,MULTIPLE
rand4964,0.014,0.015,solved,MULTIPLE
rand4965,0.022,0.023,solved,MULTIPLE
rand4966,0.013,0.015,solved,MULTIPLE
rand4967,0.012,0.013,solved,MULTIPLE
rand4968,0.015,0.016,solved,MULTIPLE
rand4969,0.013,0.015,solved,MULTIPLE
rand4970,0.011,0.012,solved,MULTIPLE
rand4971,0.014,0.017,solved,MULTIPLE
rand4972,0.013,0.015,solved,MULTIPLE
rand4973,0.010,0.011,solved,MULTIPLE
rand4974,0.016,0.018,solved,MULTIPLE
rand4975,0.012,0.013,solved,MULTIPLE
rand4976,0.015,0.017,solved,MULTIPLE
rand4977,0.012,0.013,solved,MULTIPLE
rand4978,0.015,0.016,solved,MULTIPLE
rand4979,0.014,0.015,solved,MULTIPLE
rand4980,0.014,0.017,solved,MULTIPLE
rand4981,0.010,0.011,solved,MULTIPLE
rand4982,0.009,0.011,solved,MULTIPLE
rand4983,0.024,0.025,solved,MULTIPLE
rand4984,0.008,0.009,solved,MULTIPLE
rand4985,0.012,0.014,solved,MULTIPLE
rand4986,0.015,0.019,solved,MULTIPLE
rand4987,0.014,0.015,solved,MULTIPLE
rand4988,0.014,0.015,solved,MULTIPLE
rand4989,0.016,0.017,solved,MULTIPLE
rand4990,0.011,0.012,solved,MULTIPLE
rand4991,0.028,0.029,solved,MULTIPLE
rand4992,0.013,0.016,solved,MULTIPLE
rand4993,0.009,0.012,solved,MULTIPLE
rand4994,0.013,0.014,solved,MULTIPLE
rand4995,1.340,1.344,solved,MULTIPLE
rand4996,0.018,0.021,solved,MULTIPLE
rand4997,0.019,0.021,solved,MULTIPLE
rand4998,0.020,0.021,solved,MULTIPLE
rand4999,0.013,0.014,solved,MULTIPLE
rand5000,0.011,0.012,solved,MULTIPLE
