set,puzzle,nonosolve_s,lalafrogkk_s
icga2016,1,0.005511,0.000645
icga2016,2,0.004378,0.000714
icga2016,3,0.001423,0.000528
icga2016,4,0.001771,0.003088
icga2016,5,0.001346,0.000444
icga2016,6,0.001544,0.000719
icga2016,7,0.001895,0.000922
icga2016,8,0.001660,0.001901
icga2016,9,0.001805,0.001722
icga2016,10,0.001739,0.002907
icga2016,11,0.002549,0.002750
icga2016,12,0.001410,0.001143
icga2016,13,0.001409,0.000570
icga2016,14,0.001519,0.001165
icga2016,15,0.002168,0.001746
icga2016,16,0.001378,0.000447
icga2016,17,0.001757,0.003868
icga2016,18,0.001682,0.000968
icga2016,19,0.001547,0.000944
icga2016,20,0.001519,0.001549
icga2016,21,0.003809,0.010942
icga2016,22,0.001877,0.001911
icga2016,23,0.002418,0.003998
icga2016,24,0.002975,0.004359
icga2016,25,0.001956,0.002686
icga2016,26,0.001929,0.001278
icga2016,27,0.002109,0.002811
icga2016,28,0.001708,0.001502
icga2016,29,0.001898,0.001570
icga2016,30,0.001407,0.000895
icga2016,31,0.001608,0.001164
icga2016,32,0.001803,0.001983
icga2016,33,0.001466,0.001123
icga2016,34,0.002199,0.003070
icga2016,35,0.001861,0.003080
icga2016,36,0.001717,0.000996
icga2016,37,0.001505,0.001235
icga2016,38,0.001837,0.002289
icga2016,39,0.001916,0.002501
icga2016,40,0.002438,0.002973
icga2016,41,0.002240,0.002786
icga2016,42,0.001499,0.001449
icga2016,43,0.001472,0.000876
icga2016,44,0.001580,0.001203
icga2016,45,0.002047,0.002715
icga2016,46,0.001912,0.002034
icga2016,47,0.001296,0.000431
icga2016,48,0.004327,0.008010
icga2016,49,0.001918,0.001285
icga2016,50,0.001485,0.002032
icga2016,51,0.001461,0.001378
icga2016,52,0.001642,0.002118
icga2016,53,0.001366,0.000436
icga2016,54,0.002151,0.004215
icga2016,55,0.002720,0.004048
icga2016,56,0.001525,0.000795
icga2016,57,0.001966,0.001664
icga2016,58,0.001831,0.001244
icga2016,59,0.001445,0.000465
icga2016,60,0.003048,0.004487
icga2016,61,0.001466,0.001112
icga2016,62,0.001585,0.000650
icga2016,63,0.004715,0.014710
icga2016,64,0.001894,0.001159
icga2016,65,0.001601,0.000437
icga2016,66,0.001467,0.000943
icga2016,67,0.001607,0.003175
icga2016,68,0.002203,0.001989
icga2016,69,0.002108,0.002714
icga2016,70,0.002525,0.003551
icga2016,71,0.001893,0.001946
icga2016,72,0.001493,0.000724
icga2016,73,0.002384,0.002591
icga2016,74,0.001843,0.002581
icga2016,75,0.001761,0.001669
icga2016,76,0.002697,0.004376
icga2016,77,0.002004,0.001851
icga2016,78,0.001549,0.002588
icga2016,79,0.001918,0.001105
icga2016,80,0.001625,0.000897
icga2016,81,0.003272,0.005467
icga2016,82,0.002784,0.005515
icga2016,83,0.001811,0.002011
icga2016,84,0.001676,0.001593
icga2016,85,0.002457,0.003640
icga2016,86,0.001967,0.002847
icga2016,87,0.001749,0.001157
icga2016,88,0.001636,0.003287
icga2016,89,0.001431,0.002510
icga2016,90,0.001874,0.003156
icga2016,91,0.001813,0.001161
icga2016,92,0.001826,0.002173
icga2016,93,0.001927,0.003160
icga2016,94,0.001713,0.000985
icga2016,95,0.001910,0.004077
icga2016,96,0.001815,0.004085
icga2016,97,0.002080,0.003625
icga2016,98,0.002386,0.002999
icga2016,99,0.002542,0.004180
icga2016,100,0.003400,0.004084
icga2016,101,0.001431,0.000659
icga2016,102,0.001685,0.001815
icga2016,103,0.001890,0.004051
icga2016,104,0.001577,0.000990
icga2016,105,0.002406,0.003256
icga2016,106,0.001705,0.001164
icga2016,107,0.001894,0.002831
icga2016,108,0.002395,0.002655
icga2016,109,0.001946,0.001028
icga2016,110,0.001499,0.000827
icga2016,111,0.001949,0.002824
icga2016,112,0.001842,0.001509
icga2016,113,0.001785,0.002823
icga2016,114,0.002183,0.002741
icga2016,115,0.002335,0.002829
icga2016,116,0.001559,0.002251
icga2016,117,0.001595,0.001890
icga2016,118,0.003560,0.006691
icga2016,119,0.002280,0.003718
icga2016,120,0.001778,0.002622
icga2016,121,0.002274,0.004466
icga2016,122,0.001618,0.001077
icga2016,123,0.002109,0.001695
icga2016,124,0.002972,0.005213
icga2016,125,0.001820,0.002706
icga2016,126,0.002693,0.004867
icga2016,127,0.001757,0.002355
icga2016,128,0.001714,0.002667
icga2016,129,0.002588,0.004409
icga2016,130,0.001720,0.001284
icga2016,131,0.002392,0.002156
icga2016,132,0.001778,0.001512
icga2016,133,0.002156,0.002619
icga2016,134,0.001999,0.002889
icga2016,135,0.002621,0.003252
icga2016,136,0.001701,0.001366
icga2016,137,0.001375,0.000662
icga2016,138,0.001571,0.002427
icga2016,139,0.001932,0.002241
icga2016,140,0.002124,0.005624
icga2016,141,0.002378,0.005512
icga2016,142,0.003160,0.008213
icga2016,143,0.002030,0.004166
icga2016,144,0.001491,0.001264
icga2016,145,0.003992,0.012228
icga2016,146,0.001397,0.001698
icga2016,147,0.001785,0.003125
icga2016,148,0.001497,0.001248
icga2016,149,0.001925,0.001756
icga2016,150,0.001730,0.001207
icga2016,151,0.002062,0.004562
icga2016,152,0.003359,0.007521
icga2016,153,0.002194,0.002062
icga2016,154,0.003073,0.005667
icga2016,155,0.001627,0.004021
icga2016,156,0.003211,0.005583
icga2016,157,0.003196,0.004550
icga2016,158,0.004157,0.009294
icga2016,159,0.003585,0.007598
icga2016,160,0.003744,0.006169
icga2016,161,0.002580,0.004001
icga2016,162,0.002056,0.002882
icga2016,163,0.002194,0.003107
icga2016,164,0.001542,0.002005
icga2016,165,0.001911,0.002977
icga2016,166,0.001791,0.002133
icga2016,167,0.002198,0.005487
icga2016,168,0.001751,0.002050
icga2016,169,0.004713,0.010416
icga2016,170,0.002895,0.003359
icga2016,171,0.002254,0.002513
icga2016,172,0.001607,0.000899
icga2016,173,0.002737,0.007801
icga2016,174,0.004043,0.010766
icga2016,175,0.002935,0.005854
icga2016,176,0.002578,0.003898
icga2016,177,0.004366,0.009762
icga2016,178,0.001582,0.003560
icga2016,179,0.003253,0.005635
icga2016,180,0.001795,0.001893
icga2016,181,0.001888,0.001162
icga2016,182,0.001860,0.002227
icga2016,183,0.001767,0.001304
icga2016,184,0.002918,0.005750
icga2016,185,0.003321,0.006029
icga2016,186,0.001809,0.001211
icga2016,187,0.002367,0.005559
icga2016,188,0.005174,0.019800
icga2016,189,0.008205,0.031511
icga2016,190,0.002151,0.003634
icga2016,191,0.004467,0.013401
icga2016,192,0.003185,0.006630
icga2016,193,0.002774,0.003513
icga2016,194,0.002202,0.003702
icga2016,195,0.004923,0.013119
icga2016,196,0.005567,0.014310
icga2016,197,0.002372,0.004555
icga2016,198,0.003154,0.007623
icga2016,199,0.003178,0.008736
icga2016,200,0.003220,0.007014
icga2016,201,0.002390,0.005707
icga2016,202,0.005455,0.014490
icga2016,203,0.009208,0.010435
icga2016,204,0.022862,0.020139
icga2016,205,0.002626,0.006028
icga2016,206,0.001930,0.002691
icga2016,207,0.004520,0.010777
icga2016,208,0.002885,0.006579
icga2016,209,0.002384,0.002540
icga2016,210,0.002534,0.004639
icga2016,211,0.002692,0.005379
icga2016,212,0.004609,0.010666
icga2016,213,0.002636,0.003057
icga2016,214,0.004038,0.010996
icga2016,215,0.003978,0.009773
icga2016,216,0.002058,0.002754
icga2016,217,0.002432,0.003925
icga2016,218,0.002913,0.006901
icga2016,219,0.007344,0.021987
icga2016,220,0.002525,0.003270
icga2016,221,0.001743,0.001801
icga2016,222,0.001518,0.001976
icga2016,223,0.003426,0.007370
icga2016,224,0.003906,0.007632
icga2016,225,0.008562,0.024043
icga2016,226,0.002538,0.003825
icga2016,227,0.003856,0.006917
icga2016,228,0.011397,0.019335
icga2016,229,0.002921,0.002871
icga2016,230,0.008221,0.019659
icga2016,231,0.004724,0.007878
icga2016,232,0.002403,0.002874
icga2016,233,0.003671,0.010377
icga2016,234,0.004211,0.009834
icga2016,235,0.003635,0.007424
icga2016,236,0.002303,0.003199
icga2016,237,0.003674,0.009770
icga2016,238,0.002664,0.004957
icga2016,239,0.003210,0.018345
icga2016,240,0.002993,0.007087
icga2016,241,0.005420,0.011181
icga2016,242,0.002646,0.004857
icga2016,243,0.003477,0.007408
icga2016,244,0.004255,0.008788
icga2016,245,0.002060,0.002352
icga2016,246,0.003456,0.006921
icga2016,247,0.002492,0.002989
icga2016,248,0.006382,0.016553
icga2016,249,0.003249,0.005136
icga2016,250,0.002801,0.003590
icga2016,251,0.005583,0.058947
icga2016,252,0.007399,0.025095
icga2016,253,0.007893,0.018164
icga2016,254,0.005622,0.114508
icga2016,255,0.003262,0.009613
icga2016,256,0.002695,0.004820
icga2016,257,0.002515,0.004302
icga2016,258,0.006840,0.019019
icga2016,259,0.007814,0.020104
icga2016,260,0.004650,0.011499
icga2016,261,0.010227,0.015466
icga2016,262,0.003142,0.006583
icga2016,263,0.004364,0.011142
icga2016,264,0.005310,0.009445
icga2016,265,0.006405,0.013043
icga2016,266,0.004229,0.006627
icga2016,267,0.004803,0.012435
icga2016,268,0.005041,0.015776
icga2016,269,0.002253,0.004458
icga2016,270,0.008134,0.026238
icga2016,271,0.007217,0.019059
icga2016,272,0.007026,0.018763
icga2016,273,0.005335,0.011919
icga2016,274,0.007934,0.104288
icga2016,275,0.010402,0.009172
icga2016,276,0.010030,0.026123
icga2016,277,0.004251,0.009020
icga2016,278,0.004724,0.010286
icga2016,279,0.034460,0.090751
icga2016,280,0.007516,0.022062
icga2016,281,0.020403,0.043075
icga2016,282,0.005098,0.010892
icga2016,283,0.010183,0.023698
icga2016,284,0.003214,0.006864
icga2016,285,0.002991,0.007405
icga2016,286,0.004111,0.010495
icga2016,287,0.005500,0.011388
icga2016,288,0.019405,0.028133
icga2016,289,0.005807,0.016774
icga2016,290,0.005067,0.011866
icga2016,291,0.004394,0.007975
icga2016,292,0.003198,0.014010
icga2016,293,0.055439,0.143538
icga2016,294,0.011563,0.018203
icga2016,295,0.016353,0.036124
icga2016,296,0.020580,0.025236
icga2016,297,0.011477,0.022389
icga2016,298,0.002708,0.002741
icga2016,299,0.004208,0.020273
icga2016,300,0.002679,0.003413
icga2016,301,0.004676,0.010419
icga2016,302,0.009091,0.019583
icga2016,303,0.006169,0.015450
icga2016,304,0.003015,0.005735
icga2016,305,0.005603,0.007222
icga2016,306,0.034556,0.120596
icga2016,307,0.003748,0.005951
icga2016,308,0.063929,0.061811
icga2016,309,0.007847,0.015158
icga2016,310,0.003788,0.008284
icga2016,311,0.003879,0.008432
icga2016,312,0.403210,0.254538
icga2016,313,0.003350,0.004348
icga2016,314,0.002155,0.005534
icga2016,315,0.017591,0.026552
icga2016,316,0.004400,0.010241
icga2016,317,0.007386,0.031395
icga2016,318,0.008385,0.027411
icga2016,319,0.003697,0.009954
icga2016,320,0.054399,0.020834
icga2016,321,0.007764,0.016000
icga2016,322,0.006250,0.013254
icga2016,323,0.040963,1.631917
icga2016,324,0.007704,0.019373
icga2016,325,0.008132,0.059839
icga2016,326,0.037666,0.283568
icga2016,327,0.038545,0.165524
icga2016,328,0.010930,0.034776
icga2016,329,0.010478,0.021923
icga2016,330,0.020892,0.018383
icga2016,331,0.005825,0.010635
icga2016,332,0.004230,0.008464
icga2016,333,0.009893,0.017559
icga2016,334,0.046775,0.097204
icga2016,335,0.007006,0.009433
icga2016,336,0.015296,0.017611
icga2016,337,0.004285,0.012110
icga2016,338,0.006331,0.213797
icga2016,339,0.002400,0.004138
icga2016,340,0.002920,0.007232
icga2016,341,0.002799,0.007502
icga2016,342,0.004683,0.010929
icga2016,343,0.010544,0.031271
icga2016,344,0.002616,0.006939
icga2016,345,0.006727,0.009713
icga2016,346,0.004569,0.011496
icga2016,347,0.004215,0.009652
icga2016,348,0.006688,0.015928
icga2016,349,0.010345,0.014393
icga2016,350,0.005787,0.013330
icga2016,351,0.003115,0.004689
icga2016,352,0.002650,0.003865
icga2016,353,0.010261,0.031912
icga2016,354,0.007848,0.022805
icga2016,355,0.002577,0.005029
icga2016,356,0.098248,0.096329
icga2016,357,0.004932,0.009230
icga2016,358,0.105463,0.051406
icga2016,359,0.005772,0.044635
icga2016,360,0.013865,0.045897
icga2016,361,1.325908,0.339735
icga2016,362,0.006464,0.015625
icga2016,363,0.007250,0.013962
icga2016,364,0.006433,0.025053
icga2016,365,0.003606,0.008673
icga2016,366,0.006712,0.046221
icga2016,367,0.003829,0.009193
icga2016,368,0.012307,0.036884
icga2016,369,0.026348,0.044896
icga2016,370,0.005238,0.016199
icga2016,371,0.012164,0.083728
icga2016,372,0.105468,0.099002
icga2016,373,0.023103,0.050375
icga2016,374,0.014006,0.039918
icga2016,375,0.009844,0.061008
icga2016,376,0.007098,0.019783
icga2016,377,0.004178,0.007413
icga2016,378,0.004045,0.010394
icga2016,379,0.003619,0.006279
icga2016,380,0.035316,0.017245
icga2016,381,0.011356,0.101495
icga2016,382,0.011071,0.018448
icga2016,383,0.051861,0.142945
icga2016,384,0.003962,0.008947
icga2016,385,0.336826,0.595099
icga2016,386,0.013764,0.168424
icga2016,387,1.209355,0.827139
icga2016,388,0.040824,0.048346
icga2016,389,0.009595,0.020019
icga2016,390,0.026912,0.372490
icga2016,391,0.008479,0.021199
icga2016,392,0.316829,0.432257
icga2016,393,0.081364,0.088401
icga2016,394,0.007941,0.026076
icga2016,395,1.972148,1.323410
icga2016,396,0.011508,0.009665
icga2016,397,0.014102,0.040506
icga2016,398,0.004545,0.019061
icga2016,399,0.133779,0.158684
icga2016,400,0.005648,0.021142
icga2016,401,0.012376,0.012348
icga2016,402,0.013571,0.009993
icga2016,403,0.019177,0.104885
icga2016,404,0.283230,2.480655
icga2016,405,0.014436,0.021696
icga2016,406,0.006836,0.020907
icga2016,407,0.010765,0.024270
icga2016,408,0.011446,0.057376
icga2016,409,0.066492,0.318961
icga2016,410,0.862582,0.351997
icga2016,411,0.049715,0.151860
icga2016,412,0.011644,0.030579
icga2016,413,0.009524,0.009561
icga2016,414,0.005953,0.042206
icga2016,415,0.007677,0.062360
icga2016,416,0.009571,0.175928
icga2016,417,0.009301,0.058543
icga2016,418,2.273282,1.830585
icga2016,419,0.044275,0.211613
icga2016,420,0.010539,0.019334
icga2016,421,0.012339,0.018106
icga2016,422,0.011479,0.114071
icga2016,423,0.009297,0.037121
icga2016,424,0.006329,0.016118
icga2016,425,0.019780,0.083458
icga2016,426,0.342478,0.895973
icga2016,427,0.004226,0.008973
icga2016,428,0.032739,0.073371
icga2016,429,0.263829,3.156679
icga2016,430,0.011905,0.023741
icga2016,431,0.007064,0.023683
icga2016,432,0.004632,0.013767
icga2016,433,0.007469,0.131529
icga2016,434,0.053966,0.121216
icga2016,435,0.007234,0.098798
icga2016,436,0.477955,0.560602
icga2016,437,0.050874,0.034329
icga2016,438,0.006916,0.013814
icga2016,439,0.038199,0.028716
icga2016,440,0.008687,0.067662
icga2016,441,0.007848,0.020078
icga2016,442,0.035275,0.217812
icga2016,443,0.004751,0.013224
icga2016,444,0.008906,0.027580
icga2016,445,1.791707,2.875258
icga2016,446,0.010414,0.102281
icga2016,447,0.004440,0.020135
icga2016,448,0.012149,0.030680
icga2016,449,0.006724,0.020780
icga2016,450,0.009569,0.037095
icga2016,451,0.112602,0.090157
icga2016,452,0.052774,0.018454
icga2016,453,0.006087,0.014373
icga2016,454,0.021061,0.060723
icga2016,455,0.007325,0.014478
icga2016,456,1.954085,0.916524
icga2016,457,0.016430,0.033264
icga2016,458,0.063228,0.238993
icga2016,459,0.004470,0.011215
icga2016,460,0.036443,0.139560
icga2016,461,0.110297,0.220486
icga2016,462,0.040817,0.037786
icga2016,463,0.019098,0.019900
icga2016,464,0.547255,0.150796
icga2016,465,0.011297,0.026286
icga2016,466,0.019438,0.016078
icga2016,467,0.161406,0.194864
icga2016,468,1.065693,0.945186
icga2016,469,0.012834,0.120246
icga2016,470,0.016775,0.021383
icga2016,471,0.202406,0.558172
icga2016,472,3.023905,0.515018
icga2016,473,0.034619,0.133031
icga2016,474,0.005002,0.011789
icga2016,475,0.009849,0.028049
icga2016,476,0.021150,0.024770
icga2016,477,0.019849,0.187007
icga2016,478,0.007527,0.014036
icga2016,479,0.010744,0.027499
icga2016,480,0.016802,0.046078
icga2016,481,0.006716,0.021722
icga2016,482,1.745925,60.309899
icga2016,483,0.007100,0.014034
icga2016,484,0.051641,0.106682
icga2016,485,0.011823,0.038090
icga2016,486,1.273172,0.763340
icga2016,487,0.108772,0.035307
icga2016,488,0.146106,0.208869
icga2016,489,0.006139,0.015864
icga2016,490,0.011079,0.049975
icga2016,491,1.239973,0.631134
icga2016,492,0.024657,0.033154
icga2016,493,0.010018,0.300633
icga2016,494,0.095211,0.081071
icga2016,495,0.034861,0.056653
icga2016,496,0.006205,2.688952
icga2016,497,0.091154,0.174611
icga2016,498,0.032046,0.116971
icga2016,499,0.009464,0.046787
icga2016,500,0.014661,0.025645
icga2016,501,0.006566,0.014104
icga2016,502,0.051103,0.215322
icga2016,503,0.054157,0.031018
icga2016,504,0.048432,0.072543
icga2016,505,0.091787,0.028063
icga2016,506,0.034154,0.146122
icga2016,507,0.043451,0.040801
icga2016,508,0.153490,0.194182
icga2016,509,0.125912,0.181587
icga2016,510,0.011576,0.016989
icga2016,511,0.332585,0.966082
icga2016,512,0.132894,11.367179
icga2016,513,0.015046,0.547754
icga2016,514,0.018769,0.097604
icga2016,515,2.694028,2.987131
icga2016,516,0.035101,0.152485
icga2016,517,0.016860,0.045919
icga2016,518,0.005215,0.017740
icga2016,519,0.065214,0.223181
icga2016,520,0.007917,0.022468
icga2016,521,0.087127,0.091876
icga2016,522,0.007700,0.018234
icga2016,523,0.077843,0.100635
icga2016,524,0.072148,0.076422
icga2016,525,0.183692,0.728849
icga2016,526,0.045994,0.033284
icga2016,527,0.449813,1.973361
icga2016,528,0.637204,4.724246
icga2016,529,0.017266,2.494101
icga2016,530,0.010163,0.086805
icga2016,531,0.838531,3.722726
icga2016,532,0.018582,0.330671
icga2016,533,0.008204,0.025265
icga2016,534,0.007687,0.035524
icga2016,535,0.008703,0.191186
icga2016,536,0.263948,0.655785
icga2016,537,1.225978,0.766512
icga2016,538,0.014263,0.041360
icga2016,539,1.163932,1.661963
icga2016,540,0.146861,1.795133
icga2016,541,0.011532,0.017027
icga2016,542,0.018807,0.036071
icga2016,543,0.007134,0.043637
icga2016,544,0.096148,0.054670
icga2016,545,0.033541,0.031785
icga2016,546,0.013763,0.115361
icga2016,547,0.005666,0.037565
icga2016,548,0.032543,0.808391
icga2016,549,1.298935,3.021409
icga2016,550,0.039358,0.035777
icga2016,551,0.171819,0.584368
icga2016,552,0.031491,0.052743
icga2016,553,0.014465,0.027604
icga2016,554,0.473516,1.922367
icga2016,555,0.008795,0.100139
icga2016,556,0.309531,8.402269
icga2016,557,0.006320,0.012839
icga2016,558,1.814000,9.549293
icga2016,559,0.035455,0.017597
icga2016,560,0.099760,0.086059
icga2016,561,0.008041,0.025812
icga2016,562,0.016502,0.015790
icga2016,563,0.062647,0.092781
icga2016,564,1.455396,1.857867
icga2016,565,0.128097,0.141166
icga2016,566,0.107395,0.053372
icga2016,567,0.095208,0.038891
icga2016,568,0.053255,0.038725
icga2016,569,0.132855,0.502503
icga2016,570,0.012502,0.019145
icga2016,571,0.042789,0.121947
icga2016,572,0.060260,2.370549
icga2016,573,0.009933,0.032610
icga2016,574,2.276116,1.456745
icga2016,575,0.591149,0.471347
icga2016,576,0.034929,0.021517
icga2016,577,0.008287,0.025625
icga2016,578,0.018077,0.037460
icga2016,579,0.772530,1.067026
icga2016,580,0.186345,16.432797
icga2016,581,0.039513,0.098183
icga2016,582,0.082528,0.076404
icga2016,583,0.100525,0.063011
icga2016,584,0.008122,0.018581
icga2016,585,0.341088,2.801147
icga2016,586,0.006816,0.021823
icga2016,587,0.006812,2.577459
icga2016,588,0.011700,0.096621
icga2016,589,0.009823,0.024787
icga2016,590,0.018163,0.022165
icga2016,591,0.019135,0.243011
icga2016,592,0.026852,0.405959
icga2016,593,0.007275,0.024310
icga2016,594,0.022201,0.074353
icga2016,595,0.010754,0.023183
icga2016,596,0.599155,1.398678
icga2016,597,0.508520,1.854856
icga2016,598,0.122928,0.304908
icga2016,599,0.008998,0.065197
icga2016,600,5.163667,8.400728
icga2016,601,0.690552,2.812810
icga2016,602,0.218657,0.456837
icga2016,603,0.019210,0.042929
icga2016,604,0.025488,0.062170
icga2016,605,0.125691,0.265118
icga2016,606,0.014619,0.018886
icga2016,607,0.171412,0.217643
icga2016,608,0.547468,0.787268
icga2016,609,0.006832,0.031546
icga2016,610,3.823054,0.410258
icga2016,611,0.009906,0.033568
icga2016,612,0.030086,0.415734
icga2016,613,0.074191,0.230867
icga2016,614,0.267883,0.176909
icga2016,615,0.009572,0.022229
icga2016,616,0.023868,0.239438
icga2016,617,0.018075,0.024788
icga2016,618,0.009718,0.213708
icga2016,619,0.016980,0.326049
icga2016,620,0.010717,5.579395
icga2016,621,0.089089,0.040696
icga2016,622,0.007996,0.024629
icga2016,623,0.008300,0.036910
icga2016,624,0.039651,0.027835
icga2016,625,0.036857,0.349537
icga2016,626,0.185832,0.320018
icga2016,627,0.011160,0.036997
icga2016,628,0.007915,0.024455
icga2016,629,0.026704,0.444690
icga2016,630,0.005332,0.020049
icga2016,631,0.046483,28.983769
icga2016,632,0.065803,0.012902
icga2016,633,0.056017,0.518709
icga2016,634,0.088711,0.102778
icga2016,635,0.012764,0.062231
icga2016,636,0.007747,0.017125
icga2016,637,0.093079,4.330824
icga2016,638,0.033244,0.845749
icga2016,639,0.057574,3.417111
icga2016,640,1.139374,0.590143
icga2016,641,0.159072,0.209783
icga2016,642,0.081752,0.985573
icga2016,643,0.018596,0.043573
icga2016,644,0.033747,0.194606
icga2016,645,0.019126,0.037984
icga2016,646,1.509012,7.729158
icga2016,647,0.018729,0.034416
icga2016,648,0.018355,0.034490
icga2016,649,0.070879,0.041733
icga2016,650,0.011461,0.339354
icga2016,651,0.013431,0.670586
icga2016,652,0.108757,0.060324
icga2016,653,0.009742,0.048855
icga2016,654,0.405899,0.299578
icga2016,655,0.008622,0.023520
icga2016,656,0.007096,0.031984
icga2016,657,1.751746,16.392080
icga2016,658,0.007330,0.110738
icga2016,659,0.022797,0.073445
icga2016,660,0.024369,0.234927
icga2016,661,0.014956,0.022637
icga2016,662,0.031497,0.042652
icga2016,663,0.102199,0.148637
icga2016,664,0.081484,0.088205
icga2016,665,0.007835,0.026310
icga2016,666,0.063482,0.116292
icga2016,667,0.083547,0.537851
icga2016,668,0.015325,0.308431
icga2016,669,0.080159,0.027030
icga2016,670,0.006663,0.019411
icga2016,671,0.017132,0.051411
icga2016,672,0.068272,0.045452
icga2016,673,0.076281,0.059197
icga2016,674,6.040748,22.665564
icga2016,675,0.181179,1.587412
icga2016,676,0.006549,0.016211
icga2016,677,0.006586,0.029146
icga2016,678,0.010532,0.047342
icga2016,679,0.009857,0.095961
icga2016,680,1.781546,1.769810
icga2016,681,0.063564,0.020177
icga2016,682,0.017979,0.077462
icga2016,683,0.053827,0.710768
icga2016,684,0.008106,0.023469
icga2016,685,0.013532,0.049704
icga2016,686,0.128723,0.953480
icga2016,687,0.115234,0.071140
icga2016,688,0.016983,0.304126
icga2016,689,0.031199,0.022980
icga2016,690,0.009315,0.029092
icga2016,691,0.062514,0.260669
icga2016,692,0.023394,0.191556
icga2016,693,0.066202,0.025216
icga2016,694,0.009890,0.039397
icga2016,695,0.034455,0.055488
icga2016,696,0.105491,0.083394
icga2016,697,3.782020,7.898463
icga2016,698,0.072094,2.723176
icga2016,699,0.010971,0.055460
icga2016,700,0.098962,0.034710
icga2016,701,0.138970,0.104340
icga2016,702,0.008920,0.019988
icga2016,703,0.084457,0.046905
icga2016,704,0.018220,0.053985
icga2016,705,0.009133,21.350924
icga2016,706,0.082989,0.025630
icga2016,707,0.016657,0.025492
icga2016,708,0.353732,0.448734
icga2016,709,0.008304,0.034615
icga2016,710,0.044773,0.897177
icga2016,711,0.009086,0.190362
icga2016,712,0.111704,0.146662
icga2016,713,0.135645,0.333682
icga2016,714,0.013097,0.029013
icga2016,715,0.120731,0.137703
icga2016,716,0.218931,0.814682
icga2016,717,0.013505,0.045675
icga2016,718,0.007966,0.023834
icga2016,719,0.066007,0.354035
icga2016,720,0.008877,0.023340
icga2016,721,0.028023,0.055733
icga2016,722,0.006759,0.401300
icga2016,723,0.027889,0.057946
icga2016,724,0.006162,0.024706
icga2016,725,0.036710,0.040762
icga2016,726,0.009037,0.029283
icga2016,727,0.100923,0.142055
icga2016,728,0.008394,0.044109
icga2016,729,0.021491,0.023504
icga2016,730,0.095120,0.185323
icga2016,731,0.022262,0.024181
icga2016,732,0.062390,0.065516
icga2016,733,0.007072,0.593263
icga2016,734,0.419419,0.476542
icga2016,735,0.036379,0.033484
icga2016,736,0.087848,0.329519
icga2016,737,0.052933,0.034511
icga2016,738,0.042891,0.022774
icga2016,739,1.837957,0.381498
icga2016,740,0.072992,0.028845
icga2016,741,0.009244,0.022199
icga2016,742,0.082625,0.025984
icga2016,743,0.076418,0.029554
icga2016,744,0.084804,0.046492
icga2016,745,0.011142,0.127974
icga2016,746,0.023583,0.036748
icga2016,747,0.041957,0.026323
icga2016,748,0.013546,0.122762
icga2016,749,0.681875,1.468309
icga2016,750,0.422191,0.585845
icga2016,751,0.572733,1.855224
icga2016,752,0.064098,0.029543
icga2016,753,0.012625,0.025428
icga2016,754,0.006447,0.127158
icga2016,755,0.028027,0.487507
icga2016,756,0.005831,2.319132
icga2016,757,0.090490,0.027727
icga2016,758,0.211081,0.020975
icga2016,759,0.024855,0.037015
icga2016,760,0.012501,0.067643
icga2016,761,0.007992,0.154667
icga2016,762,0.136211,0.726597
icga2016,763,0.010627,0.071132
icga2016,764,0.011431,0.026347
icga2016,765,0.058274,1.370151
icga2016,766,0.012381,0.026678
icga2016,767,0.014681,0.118522
icga2016,768,0.008913,0.020936
icga2016,769,0.060005,0.055035
icga2016,770,0.322122,0.214825
icga2016,771,0.091175,0.074628
icga2016,772,0.014150,0.079060
icga2016,773,0.065141,0.238262
icga2016,774,0.010541,0.060134
icga2016,775,0.020100,0.139978
icga2016,776,0.009159,0.037198
icga2016,777,0.007712,0.453607
icga2016,778,0.008164,0.197285
icga2016,779,0.028084,0.179030
icga2016,780,0.008848,0.251696
icga2016,781,0.226459,0.443806
icga2016,782,0.008377,0.368130
icga2016,783,0.012570,0.020478
icga2016,784,0.006444,0.026763
icga2016,785,0.009175,0.349203
icga2016,786,0.010171,0.030286
icga2016,787,0.019615,0.021521
icga2016,788,0.008611,0.192506
icga2016,789,0.039646,0.031605
icga2016,790,0.635538,29.160447
icga2016,791,0.017459,0.033272
icga2016,792,0.005868,0.032685
icga2016,793,0.023776,0.027674
icga2016,794,0.009100,0.035018
icga2016,795,0.008445,0.027008
icga2016,796,0.362774,2.270358
icga2016,797,0.007768,0.037940
icga2016,798,0.090454,0.141532
icga2016,799,0.007786,0.019250
icga2016,800,0.045324,0.082504
icga2016,801,0.009030,0.133925
icga2016,802,0.008852,0.041233
icga2016,803,0.007135,0.019347
icga2016,804,0.102385,0.059944
icga2016,805,0.013510,0.030602
icga2016,806,0.006900,0.034716
icga2016,807,0.021478,0.026312
icga2016,808,0.018793,0.151781
icga2016,809,0.066551,0.052627
icga2016,810,0.075802,0.044804
icga2016,811,0.023206,0.025269
icga2016,812,0.045679,0.081096
icga2016,813,0.008479,0.042134
icga2016,814,0.077205,0.028308
icga2016,815,0.050700,0.023533
icga2016,816,0.010559,0.024311
icga2016,817,1.783149,28.650868
icga2016,818,0.117762,1.846053
icga2016,819,0.078474,0.034915
icga2016,820,0.051440,0.029560
icga2016,821,0.007217,0.118089
icga2016,822,0.014003,0.079710
icga2016,823,0.040843,0.225671
icga2016,824,0.010522,0.103321
icga2016,825,0.082621,0.073427
icga2016,826,0.069116,0.028983
icga2016,827,0.237591,1.974998
icga2016,828,0.009285,0.057110
icga2016,829,0.008138,0.059031
icga2016,830,0.036368,0.296724
icga2016,831,0.007607,0.201738
icga2016,832,0.031069,0.661829
icga2016,833,0.095768,0.041251
icga2016,834,0.011322,0.038880
icga2016,835,2.400659,0.397088
icga2016,836,0.011989,0.076811
icga2016,837,0.015869,0.044144
icga2016,838,0.038491,0.815450
icga2016,839,1.964104,0.650383
icga2016,840,0.020899,0.064367
icga2016,841,0.008884,0.031589
icga2016,842,0.041259,0.028462
icga2016,843,0.062267,0.084618
icga2016,844,0.009543,0.038178
icga2016,845,0.014066,0.017260
icga2016,846,0.023261,0.029005
icga2016,847,0.037205,0.015124
icga2016,848,0.081661,0.212261
icga2016,849,0.082733,0.036383
icga2016,850,0.006489,0.017342
icga2016,851,0.008570,0.187768
icga2016,852,0.007937,0.024330
icga2016,853,0.026020,0.030561
icga2016,854,0.009034,0.033654
icga2016,855,0.008041,0.025161
icga2016,856,0.421511,0.922396
icga2016,857,0.007031,0.019232
icga2016,858,0.012423,0.050351
icga2016,859,0.010683,0.211514
icga2016,860,0.005168,0.022720
icga2016,861,0.008268,2.122032
icga2016,862,0.018046,0.289169
icga2016,863,0.008865,0.028209
icga2016,864,0.029262,0.022496
icga2016,865,0.010190,0.136757
icga2016,866,0.008432,0.029800
icga2016,867,0.006718,0.084349
icga2016,868,0.011792,0.097965
icga2016,869,0.263477,0.260164
icga2016,870,0.016885,8.535700
icga2016,871,0.013573,0.025833
icga2016,872,0.013585,0.040823
icga2016,873,0.007843,0.027975
icga2016,874,0.007919,0.070916
icga2016,875,0.012211,0.028960
icga2016,876,0.039686,0.042863
icga2016,877,0.010319,0.028372
icga2016,878,0.048619,0.561826
icga2016,879,0.018461,0.018687
icga2016,880,0.065221,0.136525
icga2016,881,0.021536,0.031266
icga2016,882,0.024727,0.030973
icga2016,883,0.009085,0.046063
icga2016,884,0.084244,0.082650
icga2016,885,0.007663,0.046372
icga2016,886,0.007764,0.671488
icga2016,887,0.006075,0.025099
icga2016,888,0.008211,0.027041
icga2016,889,0.011464,0.043453
icga2016,890,0.006630,0.015514
icga2016,891,0.013485,0.746588
icga2016,892,0.029716,0.033885
icga2016,893,0.007494,0.021866
icga2016,894,0.006981,0.021862
icga2016,895,0.008228,0.026413
icga2016,896,0.038212,0.045698
icga2016,897,0.033782,0.025818
icga2016,898,0.015642,0.039537
icga2016,899,0.035090,0.023789
icga2016,900,0.053835,0.044554
icga2016,901,0.009595,0.028170
icga2016,902,0.009220,0.024533
icga2016,903,0.060068,0.076388
icga2016,904,0.019712,0.023423
icga2016,905,0.006781,0.033780
icga2016,906,0.018769,1.637014
icga2016,907,0.053168,0.035237
icga2016,908,0.006220,0.016142
icga2016,909,0.007605,0.025102
icga2016,910,0.010236,0.027056
icga2016,911,0.008019,0.025791
icga2016,912,0.051312,0.024738
icga2016,913,0.007470,0.023078
icga2016,914,0.007608,0.032179
icga2016,915,0.007791,0.019202
icga2016,916,0.064175,0.042864
icga2016,917,0.017781,0.020028
icga2016,918,0.010693,0.019625
icga2016,919,0.007350,2.217886
icga2016,920,0.032173,0.022082
icga2016,921,0.015631,0.052543
icga2016,922,0.006169,0.036981
icga2016,923,0.011770,0.030630
icga2016,924,0.008541,0.021817
icga2016,925,0.038526,0.086322
icga2016,926,0.055970,0.024736
icga2016,927,0.008814,0.022083
icga2016,928,0.006865,0.235018
icga2016,929,0.157049,2.967125
icga2016,930,0.011828,0.036529
icga2016,931,0.008205,0.019267
icga2016,932,0.008356,0.018936
icga2016,933,0.011946,0.023457
icga2016,934,0.006937,0.023916
icga2016,935,0.006641,0.042784
icga2016,936,0.007608,0.015779
icga2016,937,0.009113,0.021763
icga2016,938,0.056455,0.030165
icga2016,939,0.023759,0.119779
icga2016,940,0.029599,0.516828
icga2016,941,0.007953,0.041593
icga2016,942,0.064509,0.021952
icga2016,943,0.007539,0.020510
icga2016,944,0.007624,0.029166
icga2016,945,0.098522,0.134521
icga2016,946,0.111028,0.025747
icga2016,947,0.037318,1.661033
icga2016,948,0.009146,0.024398
icga2016,949,0.008083,0.023710
icga2016,950,0.061654,0.024821
icga2016,951,0.007953,0.026838
icga2016,952,0.008260,0.038151
icga2016,953,0.065131,0.021928
icga2016,954,0.012806,0.025684
icga2016,955,0.037190,0.032178
icga2016,956,0.009189,0.031450
icga2016,957,0.008617,0.041105
icga2016,958,0.026066,0.030553
icga2016,959,0.011213,0.043031
icga2016,960,0.007204,0.016936
icga2016,961,0.023896,0.208759
icga2016,962,0.007602,0.027096
icga2016,963,0.006538,0.037680
icga2016,964,0.030596,0.783581
icga2016,965,0.049877,0.031874
icga2016,966,0.018861,0.020241
icga2016,967,0.007050,0.022981
icga2016,968,0.007407,0.019759
icga2016,969,0.064994,0.026442
icga2016,970,0.009220,0.050506
icga2016,971,0.009702,0.024627
icga2016,972,0.007989,0.021811
icga2016,973,0.066356,0.029326
icga2016,974,0.015371,0.021666
icga2016,975,0.061038,0.019754
icga2016,976,0.011145,0.899104
icga2016,977,0.007973,0.024678
icga2016,978,0.014635,0.038341
icga2016,979,0.006563,0.020146
icga2016,980,0.008382,0.027663
icga2016,981,0.009165,0.063447
icga2016,982,0.007223,0.027259
icga2016,983,0.012044,0.021816
icga2016,984,0.013197,247.412704
icga2016,985,0.031230,0.025336
icga2016,986,0.015588,0.056292
icga2016,987,0.007868,0.024257
icga2016,988,0.011680,0.040611
icga2016,989,0.008684,0.020708
icga2016,990,0.155178,0.436891
icga2016,991,0.009899,0.165720
icga2016,992,0.100125,0.166294
icga2016,993,0.057547,0.051900
icga2016,994,0.129005,0.101032
icga2016,995,0.007714,0.031542
icga2016,996,0.008762,0.037392
icga2016,997,0.048945,0.021467
icga2016,998,0.009580,0.071433
icga2016,999,0.006827,0.790167
icga2016,1000,0.036964,0.029175
icga2017,1,0.005654,0.000977
icga2017,2,0.004427,0.000846
icga2017,3,0.001535,0.001287
icga2017,4,0.001621,0.001794
icga2017,5,0.002098,0.001921
icga2017,6,0.001473,0.000940
icga2017,7,0.001554,0.000864
icga2017,8,0.001690,0.001252
icga2017,9,0.001806,0.001693
icga2017,10,0.001670,0.000913
icga2017,11,0.001828,0.003261
icga2017,12,0.001497,0.000981
icga2017,13,0.001415,0.000690
icga2017,14,0.001772,0.001313
icga2017,15,0.001327,0.000383
icga2017,16,0.001989,0.000841
icga2017,17,0.001457,0.001061
icga2017,18,0.001672,0.000709
icga2017,19,0.001605,0.000982
icga2017,20,0.001407,0.001245
icga2017,21,0.001368,0.001235
icga2017,22,0.002543,0.005623
icga2017,23,0.001652,0.000956
icga2017,24,0.001382,0.000499
icga2017,25,0.002714,0.001915
icga2017,26,0.001485,0.000984
icga2017,27,0.001934,0.003418
icga2017,28,0.001637,0.001550
icga2017,29,0.001484,0.000815
icga2017,30,0.001911,0.001572
icga2017,31,0.001959,0.001606
icga2017,32,0.001442,0.000494
icga2017,33,0.001703,0.001748
icga2017,34,0.001612,0.001256
icga2017,35,0.001321,0.000353
icga2017,36,0.001840,0.001090
icga2017,37,0.002085,0.002419
icga2017,38,0.001882,0.003612
icga2017,39,0.001721,0.002625
icga2017,40,0.002271,0.003055
icga2017,41,0.001995,0.004128
icga2017,42,0.001841,0.001724
icga2017,43,0.002073,0.001704
icga2017,44,0.001491,0.001300
icga2017,45,0.001619,0.002071
icga2017,46,0.001747,0.002280
icga2017,47,0.001684,0.001406
icga2017,48,0.001363,0.000428
icga2017,49,0.001577,0.000602
icga2017,50,0.002657,0.003943
icga2017,51,0.001606,0.001578
icga2017,52,0.001614,0.001217
icga2017,53,0.001880,0.002246
icga2017,54,0.001665,0.000904
icga2017,55,0.001351,0.000666
icga2017,56,0.001621,0.001548
icga2017,57,0.001966,0.001657
icga2017,58,0.001689,0.002031
icga2017,59,0.002509,0.002746
icga2017,60,0.001744,0.002167
icga2017,61,0.001774,0.000907
icga2017,62,0.001627,0.001079
icga2017,63,0.001770,0.002669
icga2017,64,0.001779,0.002152
icga2017,65,0.001761,0.002640
icga2017,66,0.001704,0.002878
icga2017,67,0.001402,0.000474
icga2017,68,0.001491,0.001057
icga2017,69,0.001536,0.001465
icga2017,70,0.001588,0.000711
icga2017,71,0.001274,0.000434
icga2017,72,0.001773,0.001726
icga2017,73,0.001730,0.001186
icga2017,74,0.001597,0.001160
icga2017,75,0.001348,0.000379
icga2017,76,0.001940,0.001470
icga2017,77,0.001317,0.000896
icga2017,78,0.001405,0.001258
icga2017,79,0.002360,0.004386
icga2017,80,0.001824,0.001860
icga2017,81,0.001820,0.000654
icga2017,82,0.002045,0.004216
icga2017,83,0.002092,0.002026
icga2017,84,0.002386,0.003600
icga2017,85,0.001707,0.001106
icga2017,86,0.001492,0.000967
icga2017,87,0.002539,0.003717
icga2017,88,0.001860,0.001376
icga2017,89,0.002291,0.002476
icga2017,90,0.002245,0.002357
icga2017,91,0.001698,0.002315
icga2017,92,0.001375,0.000894
icga2017,93,0.001851,0.002610
icga2017,94,0.002116,0.001989
icga2017,95,0.001477,0.000721
icga2017,96,0.002190,0.002390
icga2017,97,0.002055,0.003257
icga2017,98,0.002285,0.005736
icga2017,99,0.001662,0.001107
icga2017,100,0.001608,0.002104
icga2017,101,0.002020,0.002670
icga2017,102,0.001929,0.002079
icga2017,103,0.002310,0.001556
icga2017,104,0.002301,0.004481
icga2017,105,0.001633,0.001186
icga2017,106,0.002668,0.005094
icga2017,107,0.003635,0.007821
icga2017,108,0.001441,0.000663
icga2017,109,0.002102,0.004082
icga2017,110,0.003003,0.005961
icga2017,111,0.002074,0.003441
icga2017,112,0.002067,0.001487
icga2017,113,0.001987,0.004360
icga2017,114,0.001953,0.002307
icga2017,115,0.002166,0.003994
icga2017,116,0.001679,0.001981
icga2017,117,0.002970,0.005364
icga2017,118,0.001829,0.001108
icga2017,119,0.002236,0.004239
icga2017,120,0.002011,0.001925
icga2017,121,0.001641,0.000977
icga2017,122,0.001857,0.001279
icga2017,123,0.002249,0.002198
icga2017,124,0.001955,0.001617
icga2017,125,0.002203,0.005643
icga2017,126,0.001911,0.002620
icga2017,127,0.003510,0.006279
icga2017,128,0.002089,0.001567
icga2017,129,0.002260,0.004931
icga2017,130,0.002873,0.005207
icga2017,131,0.004025,0.006595
icga2017,132,0.002838,0.005450
icga2017,133,0.001649,0.001104
icga2017,134,0.002595,0.003154
icga2017,135,0.002686,0.004989
icga2017,136,0.001832,0.002943
icga2017,137,0.002846,0.004862
icga2017,138,0.001746,0.001421
icga2017,139,0.001890,0.002497
icga2017,140,0.002176,0.004561
icga2017,141,0.001545,0.002956
icga2017,142,0.001912,0.001492
icga2017,143,0.002204,0.002309
icga2017,144,0.002040,0.003451
icga2017,145,0.002185,0.005442
icga2017,146,0.002287,0.001948
icga2017,147,0.002543,0.003908
icga2017,148,0.002544,0.002452
icga2017,149,0.002017,0.002283
icga2017,150,0.002522,0.002734
icga2017,151,0.002578,0.003360
icga2017,152,0.001884,0.002379
icga2017,153,0.002728,0.006767
icga2017,154,0.002330,0.002611
icga2017,155,0.002278,0.002384
icga2017,156,0.008610,0.017308
icga2017,157,0.003017,0.005811
icga2017,158,0.001817,0.002309
icga2017,159,0.002990,0.004440
icga2017,160,0.002856,0.003829
icga2017,161,0.002152,0.003672
icga2017,162,0.001609,0.003512
icga2017,163,0.001713,0.002459
icga2017,164,0.002559,0.006125
icga2017,165,0.003586,0.007197
icga2017,166,0.002703,0.003577
icga2017,167,0.003201,0.009170
icga2017,168,0.001682,0.001456
icga2017,169,0.008514,0.011261
icga2017,170,0.002194,0.005138
icga2017,171,0.002316,0.002816
icga2017,172,0.002464,0.004907
icga2017,173,0.001906,0.004010
icga2017,174,0.002376,0.005177
icga2017,175,0.003006,0.004269
icga2017,176,0.003109,0.005068
icga2017,177,0.001448,0.001019
icga2017,178,0.001804,0.005199
icga2017,179,0.001908,0.004359
icga2017,180,0.002126,0.005672
icga2017,181,0.002001,0.004382
icga2017,182,0.002145,0.003544
icga2017,183,0.002902,0.007094
icga2017,184,0.002164,0.004420
icga2017,185,0.002399,0.004197
icga2017,186,0.001927,0.001625
icga2017,187,0.002375,0.003957
icga2017,188,0.001835,0.001634
icga2017,189,0.002333,0.005230
icga2017,190,0.001805,0.000818
icga2017,191,0.002676,0.004851
icga2017,192,0.002028,0.002227
icga2017,193,0.001538,0.001666
icga2017,194,0.002547,0.003895
icga2017,195,0.010841,0.018003
icga2017,196,0.002987,0.005210
icga2017,197,0.003327,0.010655
icga2017,198,0.001990,0.004219
icga2017,199,0.001578,0.001667
icga2017,200,0.002029,0.001620
icga2017,201,0.001625,0.000914
icga2017,202,0.003574,0.010493
icga2017,203,0.004708,0.013156
icga2017,204,0.003295,0.007669
icga2017,205,0.002471,0.005444
icga2017,206,0.005032,0.014688
icga2017,207,0.002805,0.006099
icga2017,208,0.003398,0.006374
icga2017,209,0.005175,0.023439
icga2017,210,0.002730,0.004761
icga2017,211,0.004503,0.015081
icga2017,212,0.008045,0.022189
icga2017,213,0.002475,0.006510
icga2017,214,0.002837,0.006362
icga2017,215,0.004326,0.010835
icga2017,216,0.001970,0.005381
icga2017,217,0.010090,0.010464
icga2017,218,0.003019,0.004898
icga2017,219,0.008513,0.013451
icga2017,220,0.002586,0.004997
icga2017,221,0.001744,0.001577
icga2017,222,0.001840,0.002767
icga2017,223,0.001892,0.005902
icga2017,224,0.001938,0.001973
icga2017,225,0.007808,0.013999
icga2017,226,0.003211,0.006884
icga2017,227,0.003887,0.021004
icga2017,228,0.003491,0.008307
icga2017,229,0.003568,0.007988
icga2017,230,0.002683,0.006524
icga2017,231,0.002008,0.002159
icga2017,232,0.002704,0.005215
icga2017,233,0.003471,0.007015
icga2017,234,0.010234,0.015345
icga2017,235,0.004272,0.012398
icga2017,236,0.002317,0.003010
icga2017,237,0.003418,0.006913
icga2017,238,0.005762,0.015417
icga2017,239,0.004086,0.009043
icga2017,240,0.002084,0.005197
icga2017,241,0.003676,0.012539
icga2017,242,0.004253,0.009583
icga2017,243,0.005923,0.010452
icga2017,244,0.001943,0.002871
icga2017,245,0.005914,0.017277
icga2017,246,0.002379,0.005275
icga2017,247,0.003921,0.010743
icga2017,248,0.003656,0.006324
icga2017,249,0.003798,0.007478
icga2017,250,0.006515,0.021053
icga2017,251,0.017756,0.025597
icga2017,252,0.002905,0.004980
icga2017,253,0.008136,0.015876
icga2017,254,0.003789,0.021742
icga2017,255,0.002008,0.001591
icga2017,256,0.003268,0.004105
icga2017,257,0.004052,0.007863
icga2017,258,0.003821,0.010900
icga2017,259,0.002799,0.005415
icga2017,260,0.002922,0.004818
icga2017,261,0.020838,0.088169
icga2017,262,0.004169,0.006828
icga2017,263,0.004113,0.008572
icga2017,264,0.003083,0.006261
icga2017,265,0.002866,0.004139
icga2017,266,0.002711,0.005028
icga2017,267,0.005599,0.014307
icga2017,268,0.003323,0.006476
icga2017,269,0.004181,0.006509
icga2017,270,0.003549,0.007887
icga2017,271,0.005532,0.012501
icga2017,272,0.002559,0.004555
icga2017,273,0.003279,0.008588
icga2017,274,0.002957,0.005761
icga2017,275,0.005501,0.013303
icga2017,276,0.003927,0.007478
icga2017,277,0.003286,0.006625
icga2017,278,0.004274,0.013629
icga2017,279,0.003581,0.006918
icga2017,280,0.002043,0.002621
icga2017,281,0.006751,0.055115
icga2017,282,0.003821,0.008996
icga2017,283,0.001897,0.004082
icga2017,284,0.004206,0.008438
icga2017,285,0.004139,0.009639
icga2017,286,0.003775,0.022632
icga2017,287,0.007470,0.021623
icga2017,288,0.004845,0.009206
icga2017,289,0.006324,0.022756
icga2017,290,0.012444,0.016299
icga2017,291,0.008959,0.025274
icga2017,292,0.005552,0.015970
icga2017,293,0.005440,0.010448
icga2017,294,0.002606,0.007779
icga2017,295,0.003737,0.009911
icga2017,296,0.006732,0.021910
icga2017,297,0.003620,0.006466
icga2017,298,0.016604,0.048829
icga2017,299,0.004246,0.006308
icga2017,300,0.002585,0.004827
icga2017,301,0.021682,0.016376
icga2017,302,0.004029,0.006505
icga2017,303,0.004734,0.009098
icga2017,304,0.004838,0.013139
icga2017,305,0.004216,0.009408
icga2017,306,0.008541,0.018707
icga2017,307,0.008147,0.026275
icga2017,308,0.004100,0.008764
icga2017,309,0.021861,0.038954
icga2017,310,0.015788,0.050129
icga2017,311,0.003821,0.005481
icga2017,312,0.005248,0.019719
icga2017,313,0.007287,0.020348
icga2017,314,0.003039,0.005906
icga2017,315,0.004329,0.012850
icga2017,316,0.008840,0.015702
icga2017,317,0.004617,0.012588
icga2017,318,0.039448,0.175128
icga2017,319,0.004793,0.011509
icga2017,320,0.013948,0.023968
icga2017,321,0.006206,0.015670
icga2017,322,0.012501,0.073083
icga2017,323,0.012912,0.367967
icga2017,324,0.003636,0.006508
icga2017,325,0.004643,0.009241
icga2017,326,0.005107,0.019553
icga2017,327,0.002754,0.004515
icga2017,328,0.013909,0.055211
icga2017,329,0.014958,0.045146
icga2017,330,0.003248,0.005539
icga2017,331,0.017219,0.023945
icga2017,332,0.021480,0.031092
icga2017,333,0.010163,0.056699
icga2017,334,0.023735,0.035360
icga2017,335,0.004719,0.009357
icga2017,336,0.003986,0.009397
icga2017,337,0.005736,0.022081
icga2017,338,0.003630,0.006533
icga2017,339,0.004971,0.010673
icga2017,340,0.003946,0.009000
icga2017,341,0.033400,0.055063
icga2017,342,0.007917,0.013225
icga2017,343,0.003300,0.007627
icga2017,344,0.007130,0.013456
icga2017,345,0.003371,0.006424
icga2017,346,0.003821,0.011027
icga2017,347,0.014677,0.016494
icga2017,348,0.651769,0.308511
icga2017,349,0.010271,0.022705
icga2017,350,0.005116,0.010019
icga2017,351,0.003429,0.009083
icga2017,352,0.003084,0.007198
icga2017,353,0.013151,0.018956
icga2017,354,0.004709,0.009546
icga2017,355,0.006317,0.020152
icga2017,356,0.005372,0.017638
icga2017,357,0.003559,0.020048
icga2017,358,0.006798,0.026468
icga2017,359,0.006082,0.026717
icga2017,360,0.010735,0.017001
icga2017,361,0.022620,0.023794
icga2017,362,0.033204,0.338435
icga2017,363,0.008774,0.067924
icga2017,364,0.006115,0.015168
icga2017,365,0.667957,1.792876
icga2017,366,0.022657,0.024253
icga2017,367,0.003338,0.009075
icga2017,368,0.019037,0.087186
icga2017,369,0.007372,0.025216
icga2017,370,0.014234,0.022061
icga2017,371,0.003613,0.007148
icga2017,372,0.009041,0.014801
icga2017,373,0.006883,0.021970
icga2017,374,0.028905,0.020653
icga2017,375,0.024140,0.040965
icga2017,376,0.011620,0.037660
icga2017,377,0.044328,0.029521
icga2017,378,0.011901,0.081197
icga2017,379,0.004469,0.011545
icga2017,380,0.011962,0.019745
icga2017,381,0.011437,0.021566
icga2017,382,0.046983,0.568667
icga2017,383,0.008651,0.022986
icga2017,384,0.007250,0.043969
icga2017,385,0.026602,0.031684
icga2017,386,0.012451,0.032176
icga2017,387,0.005509,0.013762
icga2017,388,0.002415,0.003727
icga2017,389,0.042645,0.499092
icga2017,390,0.431098,0.447484
icga2017,391,0.010893,0.012787
icga2017,392,0.003936,0.012251
icga2017,393,0.005882,0.016158
icga2017,394,0.043676,0.063097
icga2017,395,0.067669,0.067100
icga2017,396,0.010350,0.023582
icga2017,397,0.009162,0.029096
icga2017,398,0.014144,0.013094
icga2017,399,0.141269,0.146602
icga2017,400,0.013786,0.019697
icga2017,401,0.005001,0.013864
icga2017,402,0.012127,0.033388
icga2017,403,0.004958,0.011725
icga2017,404,0.004150,0.008231
icga2017,405,0.011390,0.022092
icga2017,406,0.006611,0.029573
icga2017,407,0.005563,0.026312
icga2017,408,0.111003,0.124251
icga2017,409,0.012402,0.024658
icga2017,410,0.007589,0.032185
icga2017,411,0.006246,0.020721
icga2017,412,0.013784,0.031788
icga2017,413,0.021390,0.048483
icga2017,414,0.012005,0.107172
icga2017,415,0.007319,0.021876
icga2017,416,0.019646,0.039939
icga2017,417,0.027008,0.048733
icga2017,418,0.012105,0.056672
icga2017,419,0.008709,0.035381
icga2017,420,0.017982,0.055067
icga2017,421,0.005262,0.009662
icga2017,422,0.287351,0.350830
icga2017,423,0.009529,0.024555
icga2017,424,0.039125,0.028586
icga2017,425,0.007451,0.025888
icga2017,426,0.008859,0.024541
icga2017,427,0.011826,0.057462
icga2017,428,0.154647,0.110543
icga2017,429,0.054351,0.658878
icga2017,430,1.228716,1.030585
icga2017,431,0.026594,0.021051
icga2017,432,0.131481,0.204336
icga2017,433,1.559735,8.485922
icga2017,434,0.008902,0.018252
icga2017,435,0.035258,0.049462
icga2017,436,0.022824,0.076165
icga2017,437,0.009766,0.164791
icga2017,438,0.008087,0.015132
icga2017,439,0.271565,0.328997
icga2017,440,0.006329,0.027723
icga2017,441,0.035346,0.010017
icga2017,442,0.299856,0.897486
icga2017,443,0.008880,0.022778
icga2017,444,1.200353,5.699084
icga2017,445,0.007515,0.026515
icga2017,446,0.008384,0.021741
icga2017,447,0.034481,0.121964
icga2017,448,0.053079,0.011003
icga2017,449,0.326400,0.881732
icga2017,450,0.032791,1.615159
icga2017,451,0.398568,0.456684
icga2017,452,0.052138,0.020553
icga2017,453,0.003284,0.005545
icga2017,454,0.016225,0.033687
icga2017,455,0.027261,0.016344
icga2017,456,0.607580,0.369038
icga2017,457,0.021653,0.017104
icga2017,458,0.016074,0.145112
icga2017,459,0.012882,1.919256
icga2017,460,0.017920,0.151102
icga2017,461,0.073437,0.573367
icga2017,462,0.057169,0.040411
icga2017,463,0.103776,0.089966
icga2017,464,0.012312,0.026379
icga2017,465,0.190887,0.848371
icga2017,466,0.017848,0.040365
icga2017,467,0.050888,0.086251
icga2017,468,0.074611,0.065062
icga2017,469,0.010207,0.031032
icga2017,470,0.012904,0.032060
icga2017,471,0.009867,0.041682
icga2017,472,0.500149,0.308326
icga2017,473,0.078421,0.063111
icga2017,474,0.131073,0.173884
icga2017,475,0.149096,0.166224
icga2017,476,0.108131,0.093016
icga2017,477,0.008729,0.034358
icga2017,478,0.013388,0.042917
icga2017,479,0.044681,0.048957
icga2017,480,0.038032,0.089241
icga2017,481,2.817092,0.655417
icga2017,482,0.050356,0.022000
icga2017,483,0.009523,0.023048
icga2017,484,0.012232,0.029757
icga2017,485,0.106847,0.112012
icga2017,486,0.127292,0.223186
icga2017,487,0.008334,0.014766
icga2017,488,0.008689,0.044479
icga2017,489,0.008631,0.031292
icga2017,490,0.014861,0.063745
icga2017,491,0.065965,0.064297
icga2017,492,0.012703,0.056221
icga2017,493,0.483666,0.263310
icga2017,494,0.012346,5.422969
icga2017,495,1.841774,9.978988
icga2017,496,0.015345,0.020655
icga2017,497,0.082372,0.079367
icga2017,498,0.017453,0.048048
icga2017,499,1.345390,1.561437
icga2017,500,0.009969,0.024212
icga2017,501,1.374170,1.869305
icga2017,502,0.196498,0.467176
icga2017,503,0.067366,0.029523
icga2017,504,0.012379,0.064613
icga2017,505,0.007786,0.018474
icga2017,506,0.419803,2.694501
icga2017,507,0.005224,0.018307
icga2017,508,0.011300,0.062415
icga2017,509,0.065376,0.078159
icga2017,510,0.201033,0.059486
icga2017,511,0.012106,0.133650
icga2017,512,0.008726,0.062024
icga2017,513,0.010339,0.544452
icga2017,514,0.056924,0.119570
icga2017,515,0.297318,0.836579
icga2017,516,0.041427,0.015422
icga2017,517,0.006624,0.037980
icga2017,518,0.098079,0.059182
icga2017,519,0.102749,0.062009
icga2017,520,0.042004,0.215372
icga2017,521,0.085840,0.062538
icga2017,522,0.301570,0.264552
icga2017,523,0.027876,0.068292
icga2017,524,0.016867,0.387310
icga2017,525,0.273206,1.658036
icga2017,526,0.042376,0.027869
icga2017,527,0.066339,0.069139
icga2017,528,0.031648,0.018303
icga2017,529,0.009226,0.023980
icga2017,530,0.011240,0.193215
icga2017,531,0.328320,0.208938
icga2017,532,0.005080,0.026725
icga2017,533,0.028157,0.232120
icga2017,534,0.085499,0.052662
icga2017,535,0.173023,0.729738
icga2017,536,0.025261,0.034014
icga2017,537,0.009381,0.137998
icga2017,538,0.092782,0.080767
icga2017,539,0.112515,0.043733
icga2017,540,3.513908,3.231332
icga2017,541,0.684889,1.118805
icga2017,542,0.073828,0.041937
icga2017,543,0.008238,0.017145
icga2017,544,0.146646,0.279669
icga2017,545,2.712868,4.124197
icga2017,546,0.263224,0.776030
icga2017,547,2.078301,0.232768
icga2017,548,0.036588,0.228549
icga2017,549,0.016643,0.031678
icga2017,550,0.012294,0.167751
icga2017,551,0.015500,2.032215
icga2017,552,0.006469,0.018602
icga2017,553,0.168274,0.203982
icga2017,554,0.017286,0.036126
icga2017,555,0.110295,0.119375
icga2017,556,0.033324,0.065042
icga2017,557,0.377103,0.628775
icga2017,558,0.066352,8.277031
icga2017,559,0.010179,0.040350
icga2017,560,0.117115,0.073913
icga2017,561,0.212826,0.272123
icga2017,562,0.011033,0.036444
icga2017,563,0.009279,0.056569
icga2017,564,0.017133,0.124049
icga2017,565,0.005221,0.021105
icga2017,566,0.023644,0.086263
icga2017,567,0.604185,1.092468
icga2017,568,1.756956,0.642464
icga2017,569,0.009652,0.072264
icga2017,570,0.013375,0.134350
icga2017,571,0.021555,0.083050
icga2017,572,0.016709,0.039298
icga2017,573,0.008476,0.028226
icga2017,574,0.758755,0.859640
icga2017,575,0.044323,0.103587
icga2017,576,0.022339,0.099138
icga2017,577,0.753454,2.865199
icga2017,578,0.009115,0.350620
icga2017,579,0.026366,0.097867
icga2017,580,0.038213,0.023459
icga2017,581,0.015963,0.033793
icga2017,582,0.114915,0.036643
icga2017,583,0.049399,0.020698
icga2017,584,0.054757,1.264201
icga2017,585,0.055141,0.194592
icga2017,586,0.282483,0.831487
icga2017,587,0.006663,0.042501
icga2017,588,0.007683,0.022028
icga2017,589,0.013756,0.101624
icga2017,590,0.234236,0.601536
icga2017,591,0.012352,0.136699
icga2017,592,0.026055,0.102671
icga2017,593,0.052000,1.098938
icga2017,594,1.692462,0.351795
icga2017,595,0.085544,0.074053
icga2017,596,0.007388,0.018066
icga2017,597,0.014693,0.597359
icga2017,598,1.377099,0.325413
icga2017,599,0.011470,0.124953
icga2017,600,0.057374,0.106051
icga2017,601,0.160339,3.183215
icga2017,602,0.473008,2.812408
icga2017,603,0.139955,0.174450
icga2017,604,1.251199,2.813743
icga2017,605,1.667009,2.469980
icga2017,606,0.021487,0.235220
icga2017,607,0.144527,1.797184
icga2017,608,0.007180,0.030889
icga2017,609,0.360893,0.207948
icga2017,610,0.009211,0.026650
icga2017,611,1.291556,55.475662
icga2017,612,0.016655,9.040931
icga2017,613,0.320269,0.452244
icga2017,614,1.281872,2.052266
icga2017,615,0.008531,0.057305
icga2017,616,0.014936,0.101661
icga2017,617,0.012014,0.028334
icga2017,618,0.007589,0.018334
icga2017,619,0.007008,0.024566
icga2017,620,0.006705,0.038298
icga2017,621,0.145698,0.226988
icga2017,622,1.292912,0.827858
icga2017,623,0.759074,0.656456
icga2017,624,0.009081,0.236612
icga2017,625,0.068105,0.613032
icga2017,626,0.693365,0.079937
icga2017,627,0.612882,0.279756
icga2017,628,0.006230,0.019180
icga2017,629,0.056280,0.255171
icga2017,630,0.103012,0.036916
icga2017,631,4.944006,40.114567
icga2017,632,0.018468,0.044302
icga2017,633,0.007394,0.053934
icga2017,634,0.012071,0.219620
icga2017,635,0.014911,1.162893
icga2017,636,0.071660,0.102767
icga2017,637,0.086114,0.213778
icga2017,638,0.009761,0.194979
icga2017,639,0.025248,0.276430
icga2017,640,0.007462,0.049639
icga2017,641,1.710951,1.150004
icga2017,642,0.012110,0.090143
icga2017,643,0.011516,0.025620
icga2017,644,0.005860,0.122205
icga2017,645,0.063157,0.035599
icga2017,646,1.018276,0.285888
icga2017,647,0.058359,0.675494
icga2017,648,0.083139,0.026749
icga2017,649,0.284669,0.927759
icga2017,650,0.073561,0.052873
icga2017,651,0.008860,0.038622
icga2017,652,0.022629,0.089676
icga2017,653,0.082361,0.092459
icga2017,654,0.029844,0.646309
icga2017,655,0.009597,0.058707
icga2017,656,0.012587,0.081049
icga2017,657,0.124485,0.092240
icga2017,658,0.039608,0.027244
icga2017,659,0.036274,0.527568
icga2017,660,0.025208,0.023333
icga2017,661,0.248300,0.571209
icga2017,662,0.006912,0.021664
icga2017,663,1.330662,1.378778
icga2017,664,0.450680,0.164946
icga2017,665,0.027786,0.356017
icga2017,666,0.008699,0.039573
icga2017,667,0.010981,0.024031
icga2017,668,0.076937,0.034792
icga2017,669,0.685151,0.796319
icga2017,670,0.213144,8.186208
icga2017,671,0.009605,0.110023
icga2017,672,0.018993,0.025970
icga2017,673,2.891640,3.529220
icga2017,674,0.092663,0.035374
icga2017,675,0.950967,2.216597
icga2017,676,0.031399,0.113611
icga2017,677,0.162413,0.248790
icga2017,678,0.017151,0.054403
icga2017,679,0.095061,0.319670
icga2017,680,0.026668,3.090291
icga2017,681,0.017105,0.025003
icga2017,682,0.007880,0.040771
icga2017,683,0.056127,0.190434
icga2017,684,1.856252,0.652542
icga2017,685,0.081573,0.025490
icga2017,686,0.009662,0.018752
icga2017,687,0.021221,0.073591
icga2017,688,0.376519,0.478378
icga2017,689,0.010119,0.025831
icga2017,690,1.108563,6.254845
icga2017,691,0.012391,0.076845
icga2017,692,0.007697,0.027511
icga2017,693,0.056200,0.141154
icga2017,694,0.006971,0.026914
icga2017,695,0.016096,0.438924
icga2017,696,0.013994,0.235700
icga2017,697,0.233694,0.167615
icga2017,698,0.647145,0.614387
icga2017,699,0.006973,0.018936
icga2017,700,0.104351,0.221160
icga2017,701,0.044455,0.025281
icga2017,702,0.074094,0.024687
icga2017,703,0.008091,0.020801
icga2017,704,0.522722,1.605030
icga2017,705,0.011342,0.028147
icga2017,706,0.018961,0.073394
icga2017,707,0.013029,0.091640
icga2017,708,0.283883,0.400041
icga2017,709,2.280837,1.644673
icga2017,710,0.351486,3.372942
icga2017,711,0.055646,0.020467
icga2017,712,0.007461,0.262338
icga2017,713,0.343504,0.253275
icga2017,714,0.056254,0.036776
icga2017,715,0.639990,0.308172
icga2017,716,0.064027,0.039589
icga2017,717,0.288227,0.261094
icga2017,718,0.094081,0.052641
icga2017,719,0.036940,0.095417
icga2017,720,0.020883,0.028902
icga2017,721,0.016057,0.066678
icga2017,722,2.747809,6.116064
icga2017,723,0.015730,0.055480
icga2017,724,0.037737,0.106717
icga2017,725,0.030790,2.178503
icga2017,726,0.007979,0.092655
icga2017,727,0.016917,0.063460
icga2017,728,0.007043,0.016614
icga2017,729,0.110848,0.118227
icga2017,730,0.019981,0.048928
icga2017,731,0.055970,0.031434
icga2017,732,0.009743,0.029095
icga2017,733,0.204396,3.919694
icga2017,734,0.030467,0.199668
icga2017,735,0.126916,0.606013
icga2017,736,0.017247,0.047055
icga2017,737,0.035406,0.878353
icga2017,738,0.037024,0.025475
icga2017,739,0.447674,10.424701
icga2017,740,0.008084,0.022912
icga2017,741,0.140792,0.134501
icga2017,742,0.008294,0.081639
icga2017,743,0.027289,0.019746
icga2017,744,0.013493,0.025303
icga2017,745,0.145497,57.120698
icga2017,746,0.063117,0.150953
icga2017,747,0.010444,0.050308
icga2017,748,0.006862,0.024396
icga2017,749,0.017363,2.092589
icga2017,750,0.127988,0.162865
icga2017,751,1.758009,3.530251
icga2017,752,0.097655,0.193917
icga2017,753,0.018908,0.060062
icga2017,754,0.172343,2.445971
icga2017,755,0.017016,30.883415
icga2017,756,0.013287,0.166649
icga2017,757,0.074852,0.020542
icga2017,758,0.009161,0.050345
icga2017,759,0.045432,0.207672
icga2017,760,0.046315,0.018686
icga2017,761,0.009611,0.024983
icga2017,762,0.009019,0.025693
icga2017,763,0.007902,0.025282
icga2017,764,0.011518,0.031115
icga2017,765,0.071078,0.354584
icga2017,766,0.008066,0.065844
icga2017,767,0.075216,0.040722
icga2017,768,0.697366,12.035060
icga2017,769,1.734801,0.431066
icga2017,770,0.008508,0.028611
icga2017,771,0.031586,0.126139
icga2017,772,0.067894,0.195312
icga2017,773,0.007762,0.079602
icga2017,774,0.012454,0.113640
icga2017,775,0.008474,0.028739
icga2017,776,0.018499,0.028166
icga2017,777,0.127911,0.136063
icga2017,778,0.012656,0.132619
icga2017,779,0.011584,0.057654
icga2017,780,0.019426,1.251683
icga2017,781,0.025299,0.077768
icga2017,782,0.018357,0.036502
icga2017,783,0.092614,0.085968
icga2017,784,0.018120,0.202201
icga2017,785,0.097748,0.121641
icga2017,786,0.032011,4.941655
icga2017,787,0.035558,0.155148
icga2017,788,0.023789,0.042717
icga2017,789,1.310341,18.065279
icga2017,790,0.192576,3.502046
icga2017,791,0.038804,0.035896
icga2017,792,0.008007,0.838088
icga2017,793,0.283312,0.371346
icga2017,794,0.026603,0.046862
icga2017,795,0.044250,0.029633
icga2017,796,0.028258,0.022819
icga2017,797,0.026577,0.396333
icga2017,798,0.008125,0.022719
icga2017,799,0.008119,0.023756
icga2017,800,0.089887,0.080951
icga2017,801,0.010417,0.028904
icga2017,802,0.009373,0.030873
icga2017,803,0.015696,0.081380
icga2017,804,0.014783,0.026101
icga2017,805,0.006772,0.022953
icga2017,806,0.008869,0.049166
icga2017,807,0.058117,0.029867
icga2017,808,0.049411,0.105815
icga2017,809,0.006995,0.019168
icga2017,810,0.024381,0.108454
icga2017,811,0.129715,0.063009
icga2017,812,0.097470,0.126761
icga2017,813,0.012013,0.047577
icga2017,814,0.031407,0.773844
icga2017,815,0.007813,0.039424
icga2017,816,0.036015,0.265118
icga2017,817,0.008607,0.094976
icga2017,818,0.022314,0.101288
icga2017,819,0.026780,0.026721
icga2017,820,0.048105,0.198657
icga2017,821,0.007867,0.026877
icga2017,822,0.019012,0.042294
icga2017,823,0.005840,0.052492
icga2017,824,0.035548,0.039511
icga2017,825,0.014695,0.104681
icga2017,826,0.009867,0.021280
icga2017,827,0.468126,1.904220
icga2017,828,0.012692,0.021863
icga2017,829,0.008208,0.072566
icga2017,830,0.008780,0.021418
icga2017,831,0.007848,0.033846
icga2017,832,0.072439,0.030420
icga2017,833,0.006822,0.019517
icga2017,834,0.264005,0.446655
icga2017,835,0.008686,0.026152
icga2017,836,0.094496,0.061948
icga2017,837,0.060232,0.728345
icga2017,838,0.323503,0.326698
icga2017,839,0.034613,3.859513
icga2017,840,0.101487,0.125268
icga2017,841,0.010519,1.196095
icga2017,842,0.038971,0.022989
icga2017,843,0.008882,0.043631
icga2017,844,0.006644,0.054193
icga2017,845,0.042306,0.116487
icga2017,846,0.010540,0.026450
icga2017,847,0.024666,0.355699
icga2017,848,0.270724,0.403188
icga2017,849,0.008167,0.019764
icga2017,850,0.007608,0.076491
icga2017,851,0.149748,4.857131
icga2017,852,0.132710,0.790342
icga2017,853,0.007958,0.038096
icga2017,854,0.125325,0.156973
icga2017,855,0.085534,0.094153
icga2017,856,0.006929,0.023701
icga2017,857,0.007185,0.024144
icga2017,858,0.010126,0.065918
icga2017,859,0.118088,5.805101
icga2017,860,0.016419,0.402955
icga2017,861,0.033248,0.069926
icga2017,862,0.006244,0.023472
icga2017,863,0.013594,1.901100
icga2017,864,0.007674,0.018405
icga2017,865,0.011842,0.020509
icga2017,866,0.248647,2.317273
icga2017,867,0.016405,0.209090
icga2017,868,0.132282,0.071917
icga2017,869,0.042981,0.071071
icga2017,870,0.019629,0.059712
icga2017,871,0.007125,0.026596
icga2017,872,0.025049,0.024893
icga2017,873,0.013759,0.042715
icga2017,874,0.008798,0.024802
icga2017,875,0.011937,0.109049
icga2017,876,0.024990,0.063896
icga2017,877,0.011224,0.082594
icga2017,878,0.007073,0.104897
icga2017,879,0.020852,0.024000
icga2017,880,0.041285,0.040183
icga2017,881,0.009152,0.021958
icga2017,882,0.011628,0.024012
icga2017,883,0.007307,0.043041
icga2017,884,0.007107,0.145640
icga2017,885,0.007147,0.026282
icga2017,886,0.007990,0.023919
icga2017,887,0.006161,0.034312
icga2017,888,0.054522,0.117753
icga2017,889,0.057662,0.024540
icga2017,890,0.130871,0.162782
icga2017,891,0.045218,0.266405
icga2017,892,0.007090,0.028608
icga2017,893,0.013853,0.197861
icga2017,894,0.007639,0.031850
icga2017,895,0.012726,0.030530
icga2017,896,0.026037,0.072535
icga2017,897,0.011755,0.023670
icga2017,898,0.019450,0.077724
icga2017,899,0.062219,0.018595
icga2017,900,0.015656,0.076289
icga2017,901,0.082378,0.079058
icga2017,902,0.026877,0.095171
icga2017,903,0.007365,0.023646
icga2017,904,0.011524,0.028432
icga2017,905,0.400962,2.484119
icga2017,906,0.039656,0.042060
icga2017,907,0.018329,0.034302
icga2017,908,0.008767,0.023251
icga2017,909,0.209071,0.168944
icga2017,910,0.008383,0.021183
icga2017,911,0.010444,0.024237
icga2017,912,0.005048,0.039925
icga2017,913,0.007198,0.034552
icga2017,914,0.061966,0.019798
icga2017,915,0.010066,0.050652
icga2017,916,0.033496,0.068504
icga2017,917,0.582039,0.535827
icga2017,918,0.075211,0.059920
icga2017,919,0.029918,0.031277
icga2017,920,0.046615,0.027539
icga2017,921,0.007944,0.026152
icga2017,922,0.008315,0.070422
icga2017,923,0.095047,0.347438
icga2017,924,0.010713,0.143845
icga2017,925,0.505943,0.210006
icga2017,926,0.016047,0.255706
icga2017,927,0.058552,0.061119
icga2017,928,0.014531,0.049462
icga2017,929,0.019616,0.022336
icga2017,930,0.022247,0.062373
icga2017,931,0.009464,0.023942
icga2017,932,0.008657,0.023578
icga2017,933,0.008047,0.079292
icga2017,934,0.008431,0.016902
icga2017,935,0.032277,0.030108
icga2017,936,0.010254,0.053765
icga2017,937,0.009547,0.025235
icga2017,938,0.015054,0.023731
icga2017,939,0.007278,0.082387
icga2017,940,0.056943,0.035246
icga2017,941,0.152080,0.362354
icga2017,942,0.026139,0.027333
icga2017,943,0.007996,0.021825
icga2017,944,0.062794,0.046151
icga2017,945,0.007086,0.033656
icga2017,946,0.044227,0.023560
icga2017,947,0.014252,
icga2017,948,0.059377,
icga2017,949,0.028727,
icga2017,950,0.063410,
icga2017,951,0.007973,
icga2017,952,0.012038,
icga2017,953,0.008827,
icga2017,954,0.009480,
icga2017,955,0.011330,
icga2017,956,0.016281,
icga2017,957,0.015055,
icga2017,958,0.032228,
icga2017,959,0.009203,
icga2017,960,0.009035,
icga2017,961,0.008677,
icga2017,962,0.044259,
icga2017,963,0.015113,
icga2017,964,0.023214,
icga2017,965,0.012982,
icga2017,966,0.006540,
icga2017,967,0.007638,
icga2017,968,0.009708,
icga2017,969,0.006939,
icga2017,970,0.008033,
icga2017,971,0.005886,
icga2017,972,0.007209,
icga2017,973,0.020494,
icga2017,974,0.010678,
icga2017,975,0.013159,
icga2017,976,0.052299,
icga2017,977,0.026486,
icga2017,978,0.009629,
icga2017,979,0.020730,
icga2017,980,0.043081,
icga2017,981,0.024305,
icga2017,982,0.011353,
icga2017,983,0.008214,
icga2017,984,0.007511,
icga2017,985,0.006679,
icga2017,986,0.007634,
icga2017,987,0.007221,
icga2017,988,0.018046,
icga2017,989,2.081964,
icga2017,990,0.011646,
icga2017,991,0.007484,
icga2017,992,0.009495,
icga2017,993,0.023575,
icga2017,994,0.008022,
icga2017,995,0.007064,
icga2017,996,0.009642,
icga2017,997,0.007262,
icga2017,998,0.016819,
icga2017,999,0.007280,
icga2017,1000,0.019324,
icga2018,1,0.005187,0.000621
icga2018,2,0.005191,0.003244
icga2018,3,0.001259,0.000377
icga2018,4,0.001682,0.001080
icga2018,5,0.001568,0.001169
icga2018,6,0.001332,0.000601
icga2018,7,0.001418,0.000988
icga2018,8,0.001232,0.000352
icga2018,9,0.001797,0.001327
icga2018,10,0.001256,0.000355
icga2018,11,0.001467,0.000724
icga2018,12,0.001991,0.002625
icga2018,13,0.001290,0.000435
icga2018,14,0.001376,0.000576
icga2018,15,0.002109,0.002766
icga2018,16,0.001478,0.000580
icga2018,17,0.001497,0.001143
icga2018,18,0.001962,0.002566
icga2018,19,0.001624,0.000830
icga2018,20,0.001288,0.000562
icga2018,21,0.001762,0.000857
icga2018,22,0.001465,0.002258
icga2018,23,0.001458,0.000932
icga2018,24,0.002032,0.001138
icga2018,25,0.001714,0.000536
icga2018,26,0.001357,0.001102
icga2018,27,0.001459,0.001012
icga2018,28,0.001392,0.000639
icga2018,29,0.001958,0.003285
icga2018,30,0.001321,0.001700
icga2018,31,0.001631,0.001972
icga2018,32,0.001269,0.000462
icga2018,33,0.002088,0.001621
icga2018,34,0.001478,0.001847
icga2018,35,0.001478,0.001652
icga2018,36,0.001413,0.000796
icga2018,37,0.001334,0.001322
icga2018,38,0.002070,0.001309
icga2018,39,0.001318,0.000989
icga2018,40,0.002851,0.002794
icga2018,41,0.001987,0.003562
icga2018,42,0.001360,0.000718
icga2018,43,0.001563,0.001112
icga2018,44,0.001471,0.001378
icga2018,45,0.001735,0.001351
icga2018,46,0.001834,0.001249
icga2018,47,0.001982,0.003359
icga2018,48,0.002750,0.011780
icga2018,49,0.001681,0.002252
icga2018,50,0.001866,0.001662
icga2018,51,0.002090,0.002678
icga2018,52,0.002381,0.006318
icga2018,53,0.002230,0.002628
icga2018,54,0.001892,0.001685
icga2018,55,0.001843,0.003131
icga2018,56,0.001379,0.001556
icga2018,57,0.001455,0.000842
icga2018,58,0.001336,0.000955
icga2018,59,0.001381,0.000990
icga2018,60,0.001621,0.002043
icga2018,61,0.001509,0.000711
icga2018,62,0.002776,0.004598
icga2018,63,0.001579,0.002202
icga2018,64,0.001412,0.000784
icga2018,65,0.001778,0.002816
icga2018,66,0.002216,0.004137
icga2018,67,0.001789,0.001680
icga2018,68,0.001423,0.000974
icga2018,69,0.002050,0.003215
icga2018,70,0.001632,0.001095
icga2018,71,0.001818,0.001007
icga2018,72,0.001330,0.001581
icga2018,73,0.001371,0.000894
icga2018,74,0.001726,0.000900
icga2018,75,0.001974,0.000927
icga2018,76,0.002174,0.001734
icga2018,77,0.001852,0.003638
icga2018,78,0.001418,0.001373
icga2018,79,0.002048,0.002854
icga2018,80,0.002223,0.003075
icga2018,81,0.002531,0.005080
icga2018,82,0.002847,0.003814
icga2018,83,0.001734,0.001071
icga2018,84,0.002550,0.006029
icga2018,85,0.001833,0.002971
icga2018,86,0.001884,0.001427
icga2018,87,0.001867,0.001324
icga2018,88,0.004250,0.007135
icga2018,89,0.001334,0.001855
icga2018,90,0.001491,0.001805
icga2018,91,0.002488,0.003914
icga2018,92,0.001476,0.002251
icga2018,93,0.002175,0.002922
icga2018,94,0.001825,0.002802
icga2018,95,0.002181,0.002441
icga2018,96,0.001369,0.002630
icga2018,97,0.002136,0.003274
icga2018,98,0.001902,0.002388
icga2018,99,0.001783,0.002796
icga2018,100,0.001287,0.000509
icga2018,101,0.001674,0.001936
icga2018,102,0.001377,0.001245
icga2018,103,0.001359,0.000973
icga2018,104,0.001768,0.001253
icga2018,105,0.001794,0.001156
icga2018,106,0.001729,0.002086
icga2018,107,0.001765,0.001807
icga2018,108,0.001435,0.000988
icga2018,109,0.001616,0.002698
icga2018,110,0.001689,0.004321
icga2018,111,0.001493,0.001549
icga2018,112,0.001493,0.001830
icga2018,113,0.002293,0.003341
icga2018,114,0.002130,0.002319
icga2018,115,0.002335,0.005295
icga2018,116,0.002728,0.005783
icga2018,117,0.002573,0.004638
icga2018,118,0.001554,0.000880
icga2018,119,0.003161,0.006672
icga2018,120,0.003879,0.010105
icga2018,121,0.002367,0.004649
icga2018,122,0.001912,0.004341
icga2018,123,0.003991,0.007936
icga2018,124,0.001711,0.003388
icga2018,125,0.002138,0.003479
icga2018,126,0.001707,0.003251
icga2018,127,0.003598,0.006223
icga2018,128,0.002576,0.004913
icga2018,129,0.001584,0.000638
icga2018,130,0.002351,0.002902
icga2018,131,0.002258,0.002083
icga2018,132,0.002419,0.003291
icga2018,133,0.002640,0.006993
icga2018,134,0.002023,0.003705
icga2018,135,0.001976,0.002674
icga2018,136,0.003579,0.015997
icga2018,137,0.002149,0.002137
icga2018,138,0.002933,0.007784
icga2018,139,0.001606,0.002327
icga2018,140,0.005491,0.015409
icga2018,141,0.001963,0.002677
icga2018,142,0.002276,0.003467
icga2018,143,0.001962,0.001556
icga2018,144,0.001760,0.004016
icga2018,145,0.001767,0.002798
icga2018,146,0.002666,0.006694
icga2018,147,0.001685,0.001490
icga2018,148,0.003805,0.008149
icga2018,149,0.003337,0.007635
icga2018,150,0.001667,0.005520
icga2018,151,0.006632,0.011288
icga2018,152,0.001682,0.003223
icga2018,153,0.002557,0.004064
icga2018,154,0.002157,0.001751
icga2018,155,0.001911,0.004910
icga2018,156,0.010767,0.029631
icga2018,157,0.001968,0.002213
icga2018,158,0.002448,0.004512
icga2018,159,0.002005,0.001631
icga2018,160,0.003933,0.009020
icga2018,161,0.001582,0.001844
icga2018,162,0.002878,0.005580
icga2018,163,0.001989,0.004813
icga2018,164,0.002759,0.004923
icga2018,165,0.002657,0.003034
icga2018,166,0.003992,0.008802
icga2018,167,0.002768,0.004957
icga2018,168,0.001570,0.001356
icga2018,169,0.001902,0.001769
icga2018,170,0.001551,0.001325
icga2018,171,0.004219,0.010091
icga2018,172,0.003600,0.005989
icga2018,173,0.003947,0.009357
icga2018,174,0.001907,0.002377
icga2018,175,0.003779,0.009239
icga2018,176,0.005539,0.020502
icga2018,177,0.006506,0.010693
icga2018,178,0.001752,0.001853
icga2018,179,0.002082,0.002737
icga2018,180,0.002000,0.003580
icga2018,181,0.002204,0.002802
icga2018,182,0.002182,0.003463
icga2018,183,0.002336,0.002964
icga2018,184,0.002217,0.003725
icga2018,185,0.001730,0.002216
icga2018,186,0.001977,0.003174
icga2018,187,0.002534,0.006648
icga2018,188,0.002415,0.002636
icga2018,189,0.002351,0.005920
icga2018,190,0.003273,0.007711
icga2018,191,0.002289,0.002869
icga2018,192,0.008812,0.009038
icga2018,193,0.003714,0.009430
icga2018,194,0.002636,0.003842
icga2018,195,0.002364,0.002485
icga2018,196,0.003443,0.008076
icga2018,197,0.001486,0.002489
icga2018,198,0.002333,0.003821
icga2018,199,0.002262,0.003212
icga2018,200,0.002274,0.003266
icga2018,201,0.002522,0.006220
icga2018,202,0.001928,0.002639
icga2018,203,0.005811,0.015858
icga2018,204,0.004322,0.008836
icga2018,205,0.003930,0.009765
icga2018,206,0.001946,0.002431
icga2018,207,0.002386,0.003879
icga2018,208,0.003372,0.008590
icga2018,209,0.002125,0.001534
icga2018,210,0.001623,0.003633
icga2018,211,0.007563,0.024194
icga2018,212,0.005690,0.025126
icga2018,213,0.003319,0.004746
icga2018,214,0.003053,0.005755
icga2018,215,0.002018,0.002842
icga2018,216,0.003717,0.003292
icga2018,217,0.004430,0.008779
icga2018,218,0.005871,0.017170
icga2018,219,0.017910,0.052438
icga2018,220,0.003808,0.007764
icga2018,221,0.001770,0.004819
icga2018,222,0.003486,0.012037
icga2018,223,0.002826,0.005512
icga2018,224,0.002560,0.005241
icga2018,225,0.002919,0.010353
icga2018,226,0.002352,0.003827
icga2018,227,0.002029,0.002090
icga2018,228,0.003072,0.006830
icga2018,229,0.004668,0.010519
icga2018,230,0.002438,0.005996
icga2018,231,0.009401,0.019800
icga2018,232,0.003520,0.007046
icga2018,233,0.016925,0.057677
icga2018,234,0.004448,0.011746
icga2018,235,0.002159,0.001723
icga2018,236,0.004831,0.009687
icga2018,237,0.005861,0.011243
icga2018,238,0.012544,0.023210
icga2018,239,0.004647,0.013192
icga2018,240,0.002044,0.004540
icga2018,241,0.003088,0.008266
icga2018,242,0.003750,0.008753
icga2018,243,0.002867,0.006635
icga2018,244,0.002772,0.006988
icga2018,245,0.003558,0.009763
icga2018,246,0.003678,0.010343
icga2018,247,0.004121,0.012706
icga2018,248,0.004070,0.016164
icga2018,249,0.002741,0.005639
icga2018,250,0.004114,0.009461
icga2018,251,0.002164,0.003052
icga2018,252,0.010429,0.018667
icga2018,253,0.006515,0.010637
icga2018,254,0.002530,0.002972
icga2018,255,0.004877,0.009539
icga2018,256,0.005991,0.008224
icga2018,257,0.003546,0.005583
icga2018,258,0.003054,0.003332
icga2018,259,0.002341,0.005990
icga2018,260,0.003866,0.009440
icga2018,261,0.007019,0.009204
icga2018,262,0.003251,0.004848
icga2018,263,0.003469,0.010263
icga2018,264,0.021946,0.023694
icga2018,265,0.005834,0.009409
icga2018,266,0.005917,0.011530
icga2018,267,0.004741,0.011557
icga2018,268,0.005507,0.029698
icga2018,269,0.004150,0.010146
icga2018,270,0.006698,0.015202
icga2018,271,0.004987,0.007263
icga2018,272,0.003687,0.007474
icga2018,273,0.005591,0.014529
icga2018,274,0.005807,0.012830
icga2018,275,0.007017,0.016971
icga2018,276,0.019544,0.034096
icga2018,277,0.002548,0.001685
icga2018,278,0.003742,0.011032
icga2018,279,0.008172,0.020763
icga2018,280,0.007700,0.024208
icga2018,281,0.002608,0.004245
icga2018,282,0.004112,0.011711
icga2018,283,0.005224,0.012347
icga2018,284,0.005285,0.029827
icga2018,285,0.002441,0.004637
icga2018,286,0.003029,0.006132
icga2018,287,0.006396,0.013491
icga2018,288,0.005283,0.014303
icga2018,289,0.005336,0.026736
icga2018,290,0.004258,0.015450
icga2018,291,0.003766,0.006086
icga2018,292,0.002345,0.005626
icga2018,293,0.003547,0.005747
icga2018,294,0.003113,0.008466
icga2018,295,0.006270,0.007900
icga2018,296,0.008813,0.018115
icga2018,297,0.005352,0.015057
icga2018,298,0.005691,0.013304
icga2018,299,0.005192,0.015762
icga2018,300,0.016159,0.031182
icga2018,301,0.004816,0.014654
icga2018,302,0.001850,0.003974
icga2018,303,0.005268,0.012097
icga2018,304,0.005576,0.014920
icga2018,305,0.002848,0.005097
icga2018,306,0.006790,0.012892
icga2018,307,0.007063,0.023156
icga2018,308,0.005963,0.114970
icga2018,309,0.030932,0.037214
icga2018,310,0.005594,0.015585
icga2018,311,0.005467,0.012699
icga2018,312,0.024411,0.019955
icga2018,313,0.008216,0.018905
icga2018,314,0.006423,0.073445
icga2018,315,0.010241,0.018282
icga2018,316,0.007224,0.035916
icga2018,317,0.011901,0.073136
icga2018,318,0.004661,0.010299
icga2018,319,0.005027,0.014665
icga2018,320,0.044836,0.149837
icga2018,321,0.004102,0.008248
icga2018,322,0.007211,0.032719
icga2018,323,0.003577,0.006867
icga2018,324,0.010218,0.024237
icga2018,325,0.005840,0.017508
icga2018,326,0.007267,0.025591
icga2018,327,0.004314,0.012590
icga2018,328,0.007902,0.031354
icga2018,329,0.004606,0.007783
icga2018,330,0.003800,0.011655
icga2018,331,0.005191,0.011212
icga2018,332,0.004585,0.011673
icga2018,333,0.005084,0.013542
icga2018,334,0.006983,0.019772
icga2018,335,0.011552,0.096793
icga2018,336,0.006958,0.022713
icga2018,337,0.003857,0.006716
icga2018,338,0.009192,0.016872
icga2018,339,0.009123,0.021606
icga2018,340,0.002576,0.003219
icga2018,341,0.005876,0.011048
icga2018,342,0.006277,0.015496
icga2018,343,0.004625,0.011091
icga2018,344,0.040320,0.079177
icga2018,345,0.019067,0.022582
icga2018,346,0.240658,0.518631
icga2018,347,0.007039,0.012617
icga2018,348,0.008936,0.030587
icga2018,349,0.033219,0.056725
icga2018,350,0.011722,0.026593
icga2018,351,0.014557,0.165567
icga2018,352,0.005265,0.012100
icga2018,353,0.016700,0.031406
icga2018,354,0.005157,0.023867
icga2018,355,0.074374,0.071929
icga2018,356,0.018381,0.013199
icga2018,357,0.006395,0.023083
icga2018,358,0.005282,0.010394
icga2018,359,0.070108,0.225827
icga2018,360,0.004035,0.008988
icga2018,361,0.005858,0.013159
icga2018,362,0.006333,0.026749
icga2018,363,0.067646,0.051049
icga2018,364,0.359789,0.327598
icga2018,365,0.014827,0.021786
icga2018,366,0.004531,0.025021
icga2018,367,0.010185,0.117513
icga2018,368,0.053758,0.084533
icga2018,369,0.020990,0.026590
icga2018,370,0.010926,0.011902
icga2018,371,0.021817,0.034698
icga2018,372,0.007603,0.021687
icga2018,373,0.004633,0.008910
icga2018,374,0.029900,0.102537
icga2018,375,0.003989,0.010756
icga2018,376,0.012850,0.017012
icga2018,377,0.004563,0.021641
icga2018,378,0.014893,0.032315
icga2018,379,0.014842,0.014101
icga2018,380,0.074579,0.158084
icga2018,381,0.009452,0.025815
icga2018,382,0.036898,0.127883
icga2018,383,0.023233,0.024361
icga2018,384,1.216987,0.540906
icga2018,385,0.027572,0.029383
icga2018,386,0.010337,0.033366
icga2018,387,0.008601,0.019786
icga2018,388,0.003504,0.007099
icga2018,389,0.008332,0.033800
icga2018,390,0.004434,0.009665
icga2018,391,0.010738,0.025605
icga2018,392,0.006766,0.016170
icga2018,393,0.005325,0.011562
icga2018,394,0.006241,0.020672
icga2018,395,0.015893,0.014881
icga2018,396,0.006253,0.035510
icga2018,397,0.008149,0.026514
icga2018,398,0.010673,0.043961
icga2018,399,0.015555,0.028470
icga2018,400,0.011852,0.025082
icga2018,401,0.010798,0.029504
icga2018,402,0.022304,0.028183
icga2018,403,0.006276,0.019557
icga2018,404,0.025814,0.108440
icga2018,405,0.006977,0.013112
icga2018,406,0.005316,0.013936
icga2018,407,0.007187,0.097672
icga2018,408,0.004816,0.011819
icga2018,409,0.006106,0.014059
icga2018,410,0.009074,0.034144
icga2018,411,0.117449,0.170264
icga2018,412,0.005041,0.013607
icga2018,413,0.008827,0.022209
icga2018,414,0.011522,0.043251
icga2018,415,0.017721,0.023128
icga2018,416,0.014463,0.045105
icga2018,417,0.046267,0.033934
icga2018,418,0.005856,0.010887
icga2018,419,0.055918,0.015742
icga2018,420,0.401366,3.838861
icga2018,421,0.036098,0.082015
icga2018,422,0.024121,0.024904
icga2018,423,0.069187,0.022859
icga2018,424,0.115620,0.066329
icga2018,425,0.022912,0.016638
icga2018,426,0.008234,0.022389
icga2018,427,0.046943,0.054756
icga2018,428,0.128318,0.118800
icga2018,429,0.083037,0.063093
icga2018,430,0.067457,0.053532
icga2018,431,0.006564,0.032067
icga2018,432,0.031648,0.053369
icga2018,433,0.006214,0.014169
icga2018,434,0.003145,0.006088
icga2018,435,0.085141,0.069122
icga2018,436,0.007898,0.016451
icga2018,437,0.010039,0.025677
icga2018,438,0.195393,1.812322
icga2018,439,1.170137,0.259234
icga2018,440,0.573198,4.790545
icga2018,441,0.084091,0.041378
icga2018,442,0.122538,0.168991
icga2018,443,0.038228,0.032830
icga2018,444,0.009580,0.027784
icga2018,445,0.005931,0.014758
icga2018,446,0.016258,0.019747
icga2018,447,0.029427,0.019293
icga2018,448,0.009033,0.034467
icga2018,449,0.009720,0.024498
icga2018,450,0.079512,0.114576
icga2018,451,0.013439,0.029317
icga2018,452,0.078926,0.024631
icga2018,453,0.005624,0.013547
icga2018,454,0.006152,0.020415
icga2018,455,0.010226,0.019828
icga2018,456,0.028750,0.053214
icga2018,457,0.074599,0.040517
icga2018,458,0.010884,0.086188
icga2018,459,0.077056,0.125732
icga2018,460,0.007130,0.011990
icga2018,461,0.029165,0.049437
icga2018,462,0.060635,0.014410
icga2018,463,0.131901,0.742188
icga2018,464,0.084041,0.061981
icga2018,465,0.006276,0.023256
icga2018,466,0.071175,0.017189
icga2018,467,0.007305,0.035460
icga2018,468,1.670019,1.853474
icga2018,469,0.033847,0.063303
icga2018,470,0.256288,0.283797
icga2018,471,0.032366,0.208065
icga2018,472,0.101082,0.130709
icga2018,473,0.740879,9.351549
icga2018,474,0.115393,0.076256
icga2018,475,1.163737,14.724382
icga2018,476,0.028734,0.158448
icga2018,477,0.048674,0.151036
icga2018,478,0.010345,0.047264
icga2018,479,0.019064,0.049118
icga2018,480,0.008136,0.032195
icga2018,481,0.008498,0.029877
icga2018,482,0.066398,0.089452
icga2018,483,0.067715,0.040164
icga2018,484,0.007447,0.212873
icga2018,485,0.193733,0.304297
icga2018,486,0.185538,0.286297
icga2018,487,0.006871,0.117950
icga2018,488,0.069136,0.141993
icga2018,489,0.015120,0.030519
icga2018,490,0.677519,1.257318
icga2018,491,0.125271,0.117491
icga2018,492,0.022544,0.026551
icga2018,493,0.025692,0.072795
icga2018,494,0.344217,1.389984
icga2018,495,0.266311,0.842642
icga2018,496,1.200720,0.353728
icga2018,497,0.010406,0.067947
icga2018,498,0.029193,0.023842
icga2018,499,0.973275,0.578274
icga2018,500,0.037870,0.111500
icga2018,501,0.032611,0.028673
icga2018,502,0.075084,0.576231
icga2018,503,0.004310,0.016577
icga2018,504,0.006540,0.025649
icga2018,505,0.008843,0.067672
icga2018,506,0.030530,0.027445
icga2018,507,0.034337,1.145451
icga2018,508,0.088193,0.550165
icga2018,509,0.006890,0.014357
icga2018,510,0.031418,0.107280
icga2018,511,0.142028,0.033711
icga2018,512,0.019192,0.029398
icga2018,513,1.842970,6.993711
icga2018,514,1.868704,11.812723
icga2018,515,0.023335,0.157647
icga2018,516,0.302768,0.287379
icga2018,517,0.009631,0.020377
icga2018,518,0.014773,0.277527
icga2018,519,0.673299,4.038744
icga2018,520,0.099853,0.047310
icga2018,521,0.056576,0.084839
icga2018,522,0.015224,0.179977
icga2018,523,0.007030,0.040953
icga2018,524,0.034654,0.025615
icga2018,525,0.201333,0.773874
icga2018,526,0.340054,11.382004
icga2018,527,0.081685,0.489321
icga2018,528,0.250478,4.827494
icga2018,529,0.009608,0.030967
icga2018,530,0.035578,0.297989
icga2018,531,0.354121,0.585484
icga2018,532,0.116370,1.260342
icga2018,533,0.063210,0.034082
icga2018,534,0.023299,0.770966
icga2018,535,0.056622,0.251681
icga2018,536,0.247074,1.080671
icga2018,537,0.526199,0.978568
icga2018,538,0.008438,0.025066
icga2018,539,0.065165,0.026176
icga2018,540,0.016341,0.208239
icga2018,541,0.552015,1.855547
icga2018,542,0.022896,0.039217
icga2018,543,0.004999,0.009595
icga2018,544,0.368772,0.672717
icga2018,545,0.178917,0.245522
icga2018,546,0.090306,0.033170
icga2018,547,0.090910,0.538383
icga2018,548,0.010141,1.011279
icga2018,549,0.014373,0.236116
icga2018,550,0.053856,0.038865
icga2018,551,0.068341,0.586421
icga2018,552,2.040804,12.185995
icga2018,553,0.008873,0.030526
icga2018,554,0.598208,2.235187
icga2018,555,0.193725,1.151134
icga2018,556,0.531989,1.620403
icga2018,557,0.123302,0.070959
icga2018,558,2.760092,2.674625
icga2018,559,0.017968,0.043904
icga2018,560,0.089481,0.079765
icga2018,561,0.007845,0.017000
icga2018,562,0.042344,0.209161
icga2018,563,0.449632,0.537774
icga2018,564,0.009847,0.019915
icga2018,565,0.013346,0.046112
icga2018,566,0.799372,11.096883
icga2018,567,0.018559,0.208399
icga2018,568,1.905225,0.069735
icga2018,569,0.092033,0.035183
icga2018,570,3.877274,17.370318
icga2018,571,0.015679,0.199904
icga2018,572,0.463453,0.433984
icga2018,573,2.601864,241.940281
icga2018,574,1.903363,6.093350
icga2018,575,0.038636,0.484378
icga2018,576,0.074920,0.027908
icga2018,577,0.097111,0.071333
icga2018,578,0.023578,0.567602
icga2018,579,0.006672,0.208504
icga2018,580,0.009589,0.067899
icga2018,581,0.068539,0.155035
icga2018,582,0.358565,0.289874
icga2018,583,0.034699,0.112171
icga2018,584,1.788937,6.969984
icga2018,585,0.095433,0.130285
icga2018,586,0.092063,0.029356
icga2018,587,0.218789,1.378288
icga2018,588,0.073828,0.224105
icga2018,589,2.722121,4.771042
icga2018,590,1.842260,5.368921
icga2018,591,0.023554,0.019638
icga2018,592,0.031733,0.234016
icga2018,593,2.729150,3.710872
icga2018,594,1.897073,0.767263
icga2018,595,0.008306,0.028069
icga2018,596,0.014279,0.029870
icga2018,597,0.020146,0.025740
icga2018,598,0.058815,0.018291
icga2018,599,1.831855,0.393947
icga2018,600,0.700485,1.946354
icga2018,601,0.573244,1.144145
icga2018,602,0.058157,0.054657
icga2018,603,0.263205,2.813621
icga2018,604,0.369614,0.236794
icga2018,605,0.014627,0.045667
icga2018,606,0.008874,0.036799
icga2018,607,0.017336,0.033478
icga2018,608,3.982627,3.091041
icga2018,609,0.011258,0.101314
icga2018,610,2.537686,7.311902
icga2018,611,0.042526,0.141394
icga2018,612,0.008667,0.026073
icga2018,613,0.024335,0.362695
icga2018,614,0.008285,0.018764
icga2018,615,0.011024,0.034700
icga2018,616,0.100705,0.095346
icga2018,617,0.054937,0.143459
icga2018,618,2.265761,3.649557
icga2018,619,0.008635,0.036122
icga2018,620,0.010856,0.030647
icga2018,621,0.109970,0.077650
icga2018,622,1.260255,0.220065
icga2018,623,0.058189,0.063368
icga2018,624,0.013632,0.024604
icga2018,625,0.104477,0.089394
icga2018,626,3.104466,56.084744
icga2018,627,0.724123,0.353228
icga2018,628,0.016832,1.230004
icga2018,629,0.007575,0.031356
icga2018,630,0.527071,1.027596
icga2018,631,0.030632,0.072455
icga2018,632,0.009880,0.075985
icga2018,633,0.019332,0.018021
icga2018,634,0.057747,0.149587
icga2018,635,0.011609,0.045140
icga2018,636,0.014531,0.109386
icga2018,637,0.014897,0.169256
icga2018,638,0.013877,1.517449
icga2018,639,0.020831,10.613524
icga2018,640,0.099659,0.066449
icga2018,641,0.019159,0.037103
icga2018,642,0.184695,0.721199
icga2018,643,0.092632,0.053002
icga2018,644,0.011741,0.207237
icga2018,645,0.078014,0.030270
icga2018,646,0.014904,0.033400
icga2018,647,0.026142,0.549945
icga2018,648,0.006309,0.207631
icga2018,649,1.274988,0.755066
icga2018,650,0.006997,0.068430
icga2018,651,3.528825,0.226446
icga2018,652,0.013706,0.026750
icga2018,653,0.294659,0.424699
icga2018,654,0.011948,0.058025
icga2018,655,0.291148,0.649389
icga2018,656,0.287566,1.857148
icga2018,657,0.025533,0.027153
icga2018,658,0.084546,0.034416
icga2018,659,2.544447,0.837373
icga2018,660,0.035782,0.032777
icga2018,661,0.122307,0.080313
icga2018,662,0.031765,3.203630
icga2018,663,0.289381,0.964183
icga2018,664,0.009418,0.442795
icga2018,665,0.006281,0.034135
icga2018,666,0.024796,0.053710
icga2018,667,0.030455,1.442465
icga2018,668,0.155564,0.206205
icga2018,669,0.157296,1.675690
icga2018,670,0.341385,1.806628
icga2018,671,0.321506,0.328753
icga2018,672,0.341352,0.519331
icga2018,673,0.086801,0.055263
icga2018,674,1.703166,0.566610
icga2018,675,0.007953,0.029975
icga2018,676,0.170733,2.819391
icga2018,677,0.047535,0.318371
icga2018,678,0.013507,0.017434
icga2018,679,0.027048,0.025867
icga2018,680,8.055790,0.743512
icga2018,681,0.069433,0.405809
icga2018,682,0.063211,0.191351
icga2018,683,0.006958,0.028090
icga2018,684,0.028463,0.099998
icga2018,685,0.165880,0.251512
icga2018,686,0.014140,0.760471
icga2018,687,0.211945,0.149439
icga2018,688,0.008845,2.178788
icga2018,689,0.030336,0.104126
icga2018,690,0.048921,0.074133
icga2018,691,0.110258,0.040410
icga2018,692,0.028208,0.289678
icga2018,693,0.158658,10.842994
icga2018,694,0.011697,0.028259
icga2018,695,0.271492,8.021262
icga2018,696,0.011245,0.033783
icga2018,697,0.008578,0.063833
icga2018,698,0.045263,0.258967
icga2018,699,0.094559,0.033899
icga2018,700,0.077185,0.213008
icga2018,701,1.893874,0.852641
icga2018,702,0.013359,0.134921
icga2018,703,0.317554,2.168233
icga2018,704,0.029384,0.091503
icga2018,705,0.030046,0.143006
icga2018,706,0.084745,0.021200
icga2018,707,1.138715,0.618366
icga2018,708,0.006479,0.019487
icga2018,709,0.031599,0.278852
icga2018,710,0.073821,185.713318
icga2018,711,0.016625,0.020868
icga2018,712,0.267810,0.561539
icga2018,713,0.166007,0.184857
icga2018,714,0.009093,0.022205
icga2018,715,0.046077,0.030819
icga2018,716,0.010110,54.569629
icga2018,717,0.006298,0.019279
icga2018,718,0.065546,0.030367
icga2018,719,0.050117,0.038494
icga2018,720,1.305661,14.991197
icga2018,721,0.110088,0.073110
icga2018,722,0.021808,0.275968
icga2018,723,0.009690,0.024745
icga2018,724,0.009780,0.096688
icga2018,725,0.026051,0.063111
icga2018,726,0.007673,0.096639
icga2018,727,0.346320,5.225692
icga2018,728,0.196953,0.258298
icga2018,729,0.385306,0.552065
icga2018,730,0.021267,0.660275
icga2018,731,0.013557,0.032112
icga2018,732,0.394795,2.092899
icga2018,733,0.025338,0.254766
icga2018,734,0.073130,0.040876
icga2018,735,0.109015,9.908561
icga2018,736,0.007658,0.023492
icga2018,737,0.021881,0.036809
icga2018,738,0.837448,0.238042
icga2018,739,0.026682,1.571537
icga2018,740,0.010943,0.662099
icga2018,741,0.026489,0.227005
icga2018,742,0.011212,0.015513
icga2018,743,0.021690,0.030818
icga2018,744,0.127684,0.827019
icga2018,745,0.013265,0.163015
icga2018,746,0.090519,0.196530
icga2018,747,0.331465,10.481168
icga2018,748,0.010195,0.026390
icga2018,749,0.018178,0.091556
icga2018,750,0.655064,10.211265
icga2018,751,0.010018,0.032883
icga2018,752,0.009741,0.032581
icga2018,753,0.206055,1.797005
icga2018,754,0.025822,0.022341
icga2018,755,0.006785,5.248440
icga2018,756,0.020305,0.166744
icga2018,757,0.008334,0.074334
icga2018,758,0.106744,0.096082
icga2018,759,0.082710,0.100912
icga2018,760,0.087383,0.021541
icga2018,761,0.343845,0.438215
icga2018,762,0.007817,0.035885
icga2018,763,0.097389,0.041110
icga2018,764,0.012110,0.026480
icga2018,765,0.031446,0.030980
icga2018,766,0.007601,0.024916
icga2018,767,0.122907,0.214809
icga2018,768,0.010715,0.029577
icga2018,769,0.010601,0.022814
icga2018,770,0.092729,0.070333
icga2018,771,0.026487,0.063522
icga2018,772,0.008815,0.073299
icga2018,773,0.065821,0.877625
icga2018,774,0.116747,573.470159
icga2018,775,0.007725,0.028310
icga2018,776,0.012548,0.483641
icga2018,777,0.025809,0.058925
icga2018,778,0.096781,0.027760
icga2018,779,0.026577,0.047643
icga2018,780,0.072679,1.231438
icga2018,781,0.047725,0.079776
icga2018,782,0.009173,0.024429
icga2018,783,0.064101,0.156380
icga2018,784,0.017137,0.115209
icga2018,785,0.058496,0.022091
icga2018,786,0.007081,0.031207
icga2018,787,0.022337,0.021799
icga2018,788,0.016131,0.051545
icga2018,789,0.087927,0.080077
icga2018,790,0.088514,0.102355
icga2018,791,1.049163,9.152267
icga2018,792,0.046878,0.153216
icga2018,793,0.043903,0.031156
icga2018,794,0.007581,0.082832
icga2018,795,0.007298,0.028234
icga2018,796,0.011047,0.131896
icga2018,797,0.007073,0.033726
icga2018,798,0.040603,2.469840
icga2018,799,0.014297,0.086826
icga2018,800,0.024639,0.037105
icga2018,801,0.101218,0.095876
icga2018,802,0.147295,0.182214
icga2018,803,0.009054,0.135595
icga2018,804,0.010856,0.139024
icga2018,805,0.008034,0.018591
icga2018,806,0.009397,0.806795
icga2018,807,0.214718,0.229825
icga2018,808,0.103469,0.100633
icga2018,809,0.059294,0.137082
icga2018,810,0.075522,0.073824
icga2018,811,0.016115,0.027264
icga2018,812,0.011742,0.025939
icga2018,813,0.007964,0.028601
icga2018,814,0.680427,0.534617
icga2018,815,0.061260,0.044068
icga2018,816,0.017184,0.329759
icga2018,817,0.076982,0.066251
icga2018,818,0.020287,0.043524
icga2018,819,0.007520,0.047766
icga2018,820,0.030992,0.018911
icga2018,821,0.011134,0.024169
icga2018,822,0.007021,0.025469
icga2018,823,0.007799,0.025298
icga2018,824,0.052364,0.050580
icga2018,825,0.006804,0.051708
icga2018,826,0.007776,0.137171
icga2018,827,0.066658,0.028788
icga2018,828,0.041903,0.022674
icga2018,829,0.030364,0.033537
icga2018,830,0.008363,0.080951
icga2018,831,0.005649,0.026791
icga2018,832,0.005424,0.015540
icga2018,833,0.026682,0.032682
icga2018,834,0.047655,0.084788
icga2018,835,0.030646,0.050943
icga2018,836,0.021222,0.026829
icga2018,837,0.014372,0.022636
icga2018,838,0.009254,0.139263
icga2018,839,0.032316,0.030096
icga2018,840,0.023059,0.091526
icga2018,841,0.053698,0.030050
icga2018,842,0.018146,0.024520
icga2018,843,0.007915,0.025299
icga2018,844,0.014890,0.022715
icga2018,845,0.009231,0.056267
icga2018,846,0.079931,0.138317
icga2018,847,0.016275,0.026444
icga2018,848,0.031968,0.046831
icga2018,849,0.011117,0.053587
icga2018,850,0.007722,0.024310
icga2018,851,0.174812,2.612606
icga2018,852,0.065280,0.285482
icga2018,853,0.010055,0.024637
icga2018,854,0.010989,0.033174
icga2018,855,0.010268,0.063760
icga2018,856,0.007692,0.026913
icga2018,857,0.019513,0.169336
icga2018,858,0.009993,3.360696
icga2018,859,0.007247,0.037371
icga2018,860,0.022771,0.055697
icga2018,861,0.008878,0.026968
icga2018,862,0.009605,0.033366
icga2018,863,0.060710,0.074224
icga2018,864,0.012658,0.021864
icga2018,865,0.016840,0.042067
icga2018,866,0.014992,0.016322
icga2018,867,0.008807,0.014986
icga2018,868,0.016882,2.622861
icga2018,869,0.011814,0.035378
icga2018,870,0.074070,0.066526
icga2018,871,0.021324,1.750768
icga2018,872,0.012025,0.520575
icga2018,873,0.009875,0.023166
icga2018,874,0.014173,0.035021
icga2018,875,0.013713,0.054806
icga2018,876,0.007066,0.021010
icga2018,877,0.057781,9.633954
icga2018,878,0.008737,0.027585
icga2018,879,0.007833,0.412480
icga2018,880,0.095746,0.024526
icga2018,881,0.028602,0.032667
icga2018,882,0.054131,0.312910
icga2018,883,0.029167,0.721172
icga2018,884,1.163458,6.234052
icga2018,885,0.008668,0.018307
icga2018,886,0.058526,0.020825
icga2018,887,0.124221,0.098794
icga2018,888,0.039299,0.029530
icga2018,889,0.011851,0.212853
icga2018,890,0.054776,0.034956
icga2018,891,0.024511,0.122367
icga2018,892,0.077235,0.043714
icga2018,893,0.005044,0.020523
icga2018,894,0.038856,0.030776
icga2018,895,0.121835,0.056502
icga2018,896,0.008065,0.022099
icga2018,897,0.007037,0.021797
icga2018,898,0.009094,0.174025
icga2018,899,0.012216,1.267648
icga2018,900,0.009987,0.035281
icga2018,901,0.007302,0.019533
icga2018,902,0.895586,4.120804
icga2018,903,0.012032,1.906705
icga2018,904,0.009960,0.043316
icga2018,905,0.011707,0.102277
icga2018,906,0.010396,0.025120
icga2018,907,0.008769,0.023043
icga2018,908,0.017533,0.025394
icga2018,909,0.068182,0.021830
icga2018,910,0.008757,0.019763
icga2018,911,0.083101,0.080457
icga2018,912,0.013111,0.416321
icga2018,913,0.029575,0.033265
icga2018,914,0.008230,0.025975
icga2018,915,0.190206,0.029820
icga2018,916,0.015877,0.043685
icga2018,917,0.049975,0.152126
icga2018,918,0.010548,0.023095
icga2018,919,0.011749,0.135602
icga2018,920,0.010404,0.203041
icga2018,921,0.247999,0.523407
icga2018,922,0.063457,0.093191
icga2018,923,0.015755,0.043519
icga2018,924,0.026265,0.016316
icga2018,925,0.043121,0.072934
icga2018,926,0.006963,0.026622
icga2018,927,0.011189,0.066980
icga2018,928,0.069588,0.081890
icga2018,929,0.015277,0.092618
icga2018,930,0.228726,0.366701
icga2018,931,0.022045,0.022576
icga2018,932,0.008120,0.023215
icga2018,933,0.008881,0.378897
icga2018,934,0.008088,0.017830
icga2018,935,0.015721,0.025970
icga2018,936,0.007363,0.022470
icga2018,937,0.016957,0.020566
icga2018,938,0.007551,0.020358
icga2018,939,0.007245,0.036601
icga2018,940,0.027891,0.208405
icga2018,941,0.059870,0.032798
icga2018,942,0.013395,0.019327
icga2018,943,0.005856,0.025474
icga2018,944,0.011557,0.046989
icga2018,945,0.007381,0.026958
icga2018,946,0.011234,0.358360
icga2018,947,0.031474,0.024819
icga2018,948,0.071628,0.019991
icga2018,949,0.010677,0.026094
icga2018,950,0.033777,0.027866
icga2018,951,0.116966,0.310859
icga2018,952,0.015519,0.020926
icga2018,953,0.006470,0.024446
icga2018,954,0.027514,0.023273
icga2018,955,0.016585,0.188718
icga2018,956,0.008487,0.017981
icga2018,957,0.016334,0.036010
icga2018,958,0.007719,0.021001
icga2018,959,0.011234,0.175985
icga2018,960,0.008925,0.049881
icga2018,961,0.007724,0.024408
icga2018,962,0.008126,0.025364
icga2018,963,0.086919,0.026795
icga2018,964,0.016722,0.026297
icga2018,965,0.014870,0.024409
icga2018,966,0.016389,0.294616
icga2018,967,0.018660,0.029781
icga2018,968,0.007928,0.025756
icga2018,969,0.013992,0.103808
icga2018,970,0.008001,0.308713
icga2018,971,0.006560,0.017876
icga2018,972,0.012256,0.016389
icga2018,973,0.008758,0.027079
icga2018,974,0.307260,0.843117
icga2018,975,0.015643,0.075493
icga2018,976,0.006770,0.019584
icga2018,977,0.008585,0.022591
icga2018,978,0.007341,0.022815
icga2018,979,0.011350,0.037307
icga2018,980,0.008498,0.025899
icga2018,981,0.014359,0.023613
icga2018,982,0.019753,0.019286
icga2018,983,0.009754,0.034719
icga2018,984,0.010323,0.030317
icga2018,985,0.019862,0.071572
icga2018,986,0.048963,0.287765
icga2018,987,0.006780,0.024034
icga2018,988,0.019547,0.021997
icga2018,989,0.025008,0.141852
icga2018,990,0.007004,0.024582
icga2018,991,0.010888,0.255956
icga2018,992,0.007640,0.494378
icga2018,993,0.005443,0.024294
icga2018,994,0.023715,0.018584
icga2018,995,0.115672,0.101364
icga2018,996,0.005541,0.090593
icga2018,997,0.024046,0.021686
icga2018,998,0.028291,0.309553
icga2018,999,0.020336,0.030389
icga2018,1000,0.006488,0.022865
icga2019,1,0.006214,0.002814
icga2019,2,0.004123,0.000986
icga2019,3,0.001458,0.001299
icga2019,4,0.001477,0.001211
icga2019,5,0.001257,0.000332
icga2019,6,0.001327,0.001858
icga2019,7,0.001621,0.000755
icga2019,8,0.001749,0.003030
icga2019,9,0.001687,0.001466
icga2019,10,0.001637,0.001293
icga2019,11,0.001838,0.002963
icga2019,12,0.001803,0.000676
icga2019,13,0.001676,0.002094
icga2019,14,0.001647,0.000793
icga2019,15,0.002338,0.002092
icga2019,16,0.001529,0.001138
icga2019,17,0.001667,0.001041
icga2019,18,0.001407,0.000797
icga2019,19,0.001786,0.001396
icga2019,20,0.002172,0.001751
icga2019,21,0.001375,0.000839
icga2019,22,0.001520,0.002117
icga2019,23,0.001443,0.000684
icga2019,24,0.001848,0.002677
icga2019,25,0.001550,0.001741
icga2019,26,0.001599,0.001500
icga2019,27,0.001906,0.002000
icga2019,28,0.001442,0.000693
icga2019,29,0.001507,0.000569
icga2019,30,0.001955,0.001300
icga2019,31,0.001697,0.001601
icga2019,32,0.001339,0.000507
icga2019,33,0.001414,0.000655
icga2019,34,0.002361,0.001731
icga2019,35,0.001376,0.000589
icga2019,36,0.001560,0.000961
icga2019,37,0.001580,0.001189
icga2019,38,0.001452,0.000497
icga2019,39,0.001601,0.002844
icga2019,40,0.001756,0.001047
icga2019,41,0.001871,0.002203
icga2019,42,0.001657,0.002017
icga2019,43,0.001910,0.002822
icga2019,44,0.001308,0.001350
icga2019,45,0.001820,0.002042
icga2019,46,0.001797,0.003194
icga2019,47,0.001890,0.001346
icga2019,48,0.001618,0.000715
icga2019,49,0.001656,0.000834
icga2019,50,0.002037,0.001931
icga2019,51,0.002074,0.001586
icga2019,52,0.001412,0.001567
icga2019,53,0.001726,0.001796
icga2019,54,0.001835,0.003017
icga2019,55,0.001504,0.001237
icga2019,56,0.001843,0.002548
icga2019,57,0.001981,0.001522
icga2019,58,0.001493,0.002315
icga2019,59,0.004540,0.012763
icga2019,60,0.001515,0.001929
icga2019,61,0.002052,0.003003
icga2019,62,0.001591,0.000973
icga2019,63,0.002102,0.002537
icga2019,64,0.001309,0.000319
icga2019,65,0.002323,0.003341
icga2019,66,0.001320,0.000434
icga2019,67,0.001435,0.001524
icga2019,68,0.001873,0.002673
icga2019,69,0.001863,0.001477
icga2019,70,0.002365,0.002861
icga2019,71,0.002095,0.003378
icga2019,72,0.001605,0.001616
icga2019,73,0.001845,0.001994
icga2019,74,0.001925,0.001652
icga2019,75,0.001503,0.001880
icga2019,76,0.001762,0.001399
icga2019,77,0.002601,0.003242
icga2019,78,0.001691,0.002108
icga2019,79,0.002507,0.003806
icga2019,80,0.001692,0.001375
icga2019,81,0.001745,0.002218
icga2019,82,0.001539,0.002128
icga2019,83,0.001500,0.001654
icga2019,84,0.001550,0.001035
icga2019,85,0.001844,0.001854
icga2019,86,0.001527,0.000707
icga2019,87,0.002234,0.002882
icga2019,88,0.001824,0.001126
icga2019,89,0.001579,0.001516
icga2019,90,0.002077,0.002045
icga2019,91,0.001385,0.000469
icga2019,92,0.002659,0.006863
icga2019,93,0.002195,0.002425
icga2019,94,0.002040,0.002575
icga2019,95,0.002033,0.003107
icga2019,96,0.001409,0.001599
icga2019,97,0.002686,0.004216
icga2019,98,0.001623,0.003766
icga2019,99,0.001925,0.003911
icga2019,100,0.001487,0.001131
icga2019,101,0.001444,0.000835
icga2019,102,0.002140,0.003071
icga2019,103,0.002689,0.003708
icga2019,104,0.002141,0.002505
icga2019,105,0.001442,0.002055
icga2019,106,0.001330,0.002121
icga2019,107,0.001810,0.001597
icga2019,108,0.002577,0.003699
icga2019,109,0.002369,0.002040
icga2019,110,0.003133,0.006852
icga2019,111,0.001377,0.000835
icga2019,112,0.001693,0.001796
icga2019,113,0.001902,0.002184
icga2019,114,0.001915,0.004568
icga2019,115,0.002023,0.002968
icga2019,116,0.001925,0.002077
icga2019,117,0.002002,0.002652
icga2019,118,0.001715,0.001599
icga2019,119,0.001750,0.001980
icga2019,120,0.001867,0.001955
icga2019,121,0.002701,0.004468
icga2019,122,0.001725,0.002987
icga2019,123,0.001598,0.004003
icga2019,124,0.001793,0.002314
icga2019,125,0.001441,0.002216
icga2019,126,0.001782,0.001444
icga2019,127,0.001389,0.000627
icga2019,128,0.001978,0.003271
icga2019,129,0.001858,0.001296
icga2019,130,0.001398,0.000587
icga2019,131,0.002273,0.004340
icga2019,132,0.002830,0.004140
icga2019,133,0.003113,0.006193
icga2019,134,0.001395,0.001260
icga2019,135,0.002126,0.002895
icga2019,136,0.001985,0.003829
icga2019,137,0.002273,0.005379
icga2019,138,0.002095,0.003211
icga2019,139,0.002190,0.002063
icga2019,140,0.001344,0.000807
icga2019,141,0.001750,0.002166
icga2019,142,0.002558,0.002433
icga2019,143,0.001860,0.003274
icga2019,144,0.002197,0.001871
icga2019,145,0.002308,0.003885
icga2019,146,0.001400,0.000832
icga2019,147,0.002380,0.005157
icga2019,148,0.002450,0.004171
icga2019,149,0.001693,0.001470
icga2019,150,0.002295,0.001806
icga2019,151,0.002027,0.003406
icga2019,152,0.001734,0.002859
icga2019,153,0.002085,0.002815
icga2019,154,0.002008,0.002318
icga2019,155,0.002388,0.001279
icga2019,156,0.003071,0.007181
icga2019,157,0.002632,0.006266
icga2019,158,0.001972,0.004269
icga2019,159,0.002384,0.003692
icga2019,160,0.001968,0.004180
icga2019,161,0.005711,0.014578
icga2019,162,0.002016,0.004429
icga2019,163,0.003061,0.007415
icga2019,164,0.002753,0.004720
icga2019,165,0.002377,0.004792
icga2019,166,0.002271,0.004035
icga2019,167,0.004082,0.010346
icga2019,168,0.001800,0.003859
icga2019,169,0.001588,0.003437
icga2019,170,0.002423,0.003182
icga2019,171,0.020140,0.064762
icga2019,172,0.002799,0.006343
icga2019,173,0.002907,0.003840
icga2019,174,0.002133,0.002953
icga2019,175,0.003083,0.007101
icga2019,176,0.003538,0.005575
icga2019,177,0.004954,0.012723
icga2019,178,0.001613,0.003752
icga2019,179,0.001384,0.000793
icga2019,180,0.003008,0.006304
icga2019,181,0.001462,0.002280
icga2019,182,0.003322,0.009715
icga2019,183,0.004077,0.007454
icga2019,184,0.002435,0.005180
icga2019,185,0.002040,0.001526
icga2019,186,0.003258,0.007590
icga2019,187,0.003069,0.006111
icga2019,188,0.002440,0.005178
icga2019,189,0.002530,0.008977
icga2019,190,0.003750,0.007826
icga2019,191,0.002224,0.002245
icga2019,192,0.003602,0.004111
icga2019,193,0.003318,0.003770
icga2019,194,0.005955,0.014704
icga2019,195,0.002510,0.005331
icga2019,196,0.003847,0.007834
icga2019,197,0.001557,0.002655
icga2019,198,0.004764,0.012785
icga2019,199,0.007295,0.016756
icga2019,200,0.004806,0.022689
icga2019,201,0.002018,0.002173
icga2019,202,0.002136,0.003052
icga2019,203,0.002890,0.006459
icga2019,204,0.002580,0.007029
icga2019,205,0.002411,0.005523
icga2019,206,0.002631,0.007386
icga2019,207,0.002076,0.004652
icga2019,208,0.006800,0.017418
icga2019,209,0.005788,0.012567
icga2019,210,0.002047,0.002859
icga2019,211,0.003299,0.007895
icga2019,212,0.001928,0.004021
icga2019,213,0.003124,0.006100
icga2019,214,0.002388,0.003641
icga2019,215,0.002572,0.007415
icga2019,216,0.002285,0.002722
icga2019,217,0.006830,0.015715
icga2019,218,0.004423,0.013017
icga2019,219,0.012280,0.017711
icga2019,220,0.006202,0.017535
icga2019,221,0.004545,0.012625
icga2019,222,0.002954,0.004559
icga2019,223,0.003674,0.006521
icga2019,224,0.002033,0.001717
icga2019,225,0.001938,0.004123
icga2019,226,0.002149,0.003105
icga2019,227,0.004529,0.010759
icga2019,228,0.002600,0.002822
icga2019,229,0.002256,0.005006
icga2019,230,0.004856,0.010779
icga2019,231,0.002438,0.002941
icga2019,232,0.002796,0.007625
icga2019,233,0.001858,0.003094
icga2019,234,0.002162,0.002434
icga2019,235,0.007085,0.015646
icga2019,236,0.001830,0.004876
icga2019,237,0.006048,0.017644
icga2019,238,0.002295,0.003223
icga2019,239,0.003240,0.004314
icga2019,240,0.003149,0.006181
icga2019,241,0.003286,0.007083
icga2019,242,0.003860,0.008358
icga2019,243,0.004090,0.011556
icga2019,244,0.004147,0.008675
icga2019,245,0.003896,0.011174
icga2019,246,0.003388,0.006220
icga2019,247,0.005252,0.028256
icga2019,248,0.003073,0.005729
icga2019,249,0.013241,0.033900
icga2019,250,0.006638,0.014401
icga2019,251,0.002020,0.002768
icga2019,252,0.002919,0.004965
icga2019,253,0.002327,0.004168
icga2019,254,0.004349,0.009486
icga2019,255,0.003250,0.006467
icga2019,256,0.003512,0.007949
icga2019,257,0.003322,0.011376
icga2019,258,0.002353,0.005536
icga2019,259,0.003595,0.007649
icga2019,260,0.003495,0.008521
icga2019,261,0.003978,0.010639
icga2019,262,0.007784,0.013892
icga2019,263,0.009680,0.037411
icga2019,264,0.016372,0.017897
icga2019,265,0.028207,0.008894
icga2019,266,0.002611,0.004149
icga2019,267,0.006739,0.037516
icga2019,268,0.008956,0.016896
icga2019,269,0.004849,0.011011
icga2019,270,0.012177,0.016040
icga2019,271,0.011744,0.055181
icga2019,272,0.005133,0.032505
icga2019,273,0.002109,0.004339
icga2019,274,0.002647,0.004681
icga2019,275,0.004976,0.022380
icga2019,276,0.005346,0.012000
icga2019,277,0.005393,0.014149
icga2019,278,0.015400,0.023431
icga2019,279,0.005467,0.011181
icga2019,280,0.025484,0.018877
icga2019,281,0.002093,0.005390
icga2019,282,0.006728,0.018595
icga2019,283,0.004530,0.008723
icga2019,284,0.007426,0.019205
icga2019,285,0.014475,0.022171
icga2019,286,0.002543,0.006318
icga2019,287,0.007059,0.018296
icga2019,288,0.004709,0.012888
icga2019,289,0.004446,0.014598
icga2019,290,0.004791,0.011689
icga2019,291,0.002527,0.002984
icga2019,292,0.006194,0.013413
icga2019,293,0.005912,0.042252
icga2019,294,0.001969,0.003597
icga2019,295,0.005857,0.028490
icga2019,296,0.003038,0.009283
icga2019,297,0.007939,0.021559
icga2019,298,0.011932,0.039958
icga2019,299,0.008838,0.026827
icga2019,300,0.006286,0.014767
icga2019,301,0.003383,0.006769
icga2019,302,0.002421,0.004226
icga2019,303,0.009742,0.030998
icga2019,304,0.011942,0.054279
icga2019,305,0.003558,0.014272
icga2019,306,0.005650,0.009889
icga2019,307,0.094317,0.022029
icga2019,308,0.007512,0.016616
icga2019,309,0.018296,0.025586
icga2019,310,0.018754,0.036160
icga2019,311,0.007587,0.013031
icga2019,312,0.008637,0.025801
icga2019,313,0.008246,0.016597
icga2019,314,0.008201,0.028575
icga2019,315,0.006155,0.019119
icga2019,316,0.005433,0.015518
icga2019,317,0.004788,0.010992
icga2019,318,0.074040,0.409908
icga2019,319,0.119451,0.252334
icga2019,320,0.005588,0.010148
icga2019,321,0.034282,0.161028
icga2019,322,0.005612,0.012051
icga2019,323,0.005375,0.008959
icga2019,324,0.005864,0.014480
icga2019,325,0.006887,0.017016
icga2019,326,0.014212,0.042392
icga2019,327,0.002379,0.002161
icga2019,328,0.218165,0.305281
icga2019,329,0.003374,0.005283
icga2019,330,0.003143,0.006328
icga2019,331,0.003184,0.008609
icga2019,332,0.003115,0.006750
icga2019,333,0.003600,0.011761
icga2019,334,0.002473,0.003907
icga2019,335,0.006118,0.022037
icga2019,336,0.010713,0.016745
icga2019,337,0.004681,0.018066
icga2019,338,0.004324,0.009880
icga2019,339,0.009524,0.022645
icga2019,340,0.070595,0.370958
icga2019,341,0.005081,0.009027
icga2019,342,0.004333,0.014669
icga2019,343,0.084334,0.078169
icga2019,344,0.007275,0.015628
icga2019,345,0.018873,0.056694
icga2019,346,0.019659,0.065541
icga2019,347,0.006833,0.020653
icga2019,348,0.007377,0.026579
icga2019,349,0.005789,0.013708
icga2019,350,0.005673,0.014524
icga2019,351,0.011908,0.285218
icga2019,352,0.009618,0.017118
icga2019,353,0.003587,0.008712
icga2019,354,0.008432,0.023528
icga2019,355,0.003659,0.009167
icga2019,356,0.002834,0.004530
icga2019,357,0.010991,0.042935
icga2019,358,0.011931,0.028323
icga2019,359,0.010904,0.020756
icga2019,360,0.009211,0.020757
icga2019,361,0.034812,0.095902
icga2019,362,0.054589,0.035868
icga2019,363,0.016763,0.048243
icga2019,364,0.014259,0.040674
icga2019,365,0.075137,0.214431
icga2019,366,0.246690,0.913143
icga2019,367,0.023955,0.061133
icga2019,368,0.006328,0.014093
icga2019,369,0.010043,0.025312
icga2019,370,0.030840,0.223621
icga2019,371,0.025053,0.040641
icga2019,372,0.009706,0.026750
icga2019,373,0.005835,0.014925
icga2019,374,0.004759,0.013104
icga2019,375,0.047264,0.036366
icga2019,376,0.015145,0.081266
icga2019,377,0.099720,0.038387
icga2019,378,0.007953,0.020697
icga2019,379,0.008054,0.024277
icga2019,380,0.602228,0.750007
icga2019,381,0.010147,0.049428
icga2019,382,0.004707,0.010108
icga2019,383,0.004395,0.016655
icga2019,384,0.014380,0.046826
icga2019,385,0.060953,0.071761
icga2019,386,0.040406,0.045194
icga2019,387,0.008698,0.040394
icga2019,388,0.090943,0.037280
icga2019,389,0.022660,0.121501
icga2019,390,0.014946,0.010731
icga2019,391,0.003444,0.016177
icga2019,392,0.008828,0.031102
icga2019,393,0.003762,0.007577
icga2019,394,0.128009,0.195037
icga2019,395,0.007603,0.027544
icga2019,396,0.003682,0.008198
icga2019,397,0.012892,0.025871
icga2019,398,0.004841,0.016597
icga2019,399,0.005187,0.008209
icga2019,400,0.005463,0.022278
icga2019,401,0.004157,0.008939
icga2019,402,0.008033,0.015274
icga2019,403,0.025950,0.063944
icga2019,404,0.009365,0.095951
icga2019,405,0.004415,0.007505
icga2019,406,0.024396,0.016639
icga2019,407,0.010746,0.050778
icga2019,408,0.013046,0.349351
icga2019,409,0.013627,0.036567
icga2019,410,0.008919,0.029944
icga2019,411,0.006281,0.019081
icga2019,412,0.007277,0.019951
icga2019,413,0.003291,0.007800
icga2019,414,0.096056,0.080773
icga2019,415,0.015725,0.076061
icga2019,416,0.016503,0.041191
icga2019,417,0.633037,0.562370
icga2019,418,0.102484,0.039178
icga2019,419,0.005976,0.016653
icga2019,420,0.003838,0.012077
icga2019,421,0.053190,0.471380
icga2019,422,0.093701,0.164622
icga2019,423,0.014413,0.040247
icga2019,424,0.008193,0.024957
icga2019,425,0.007373,0.031553
icga2019,426,0.281447,0.315861
icga2019,427,0.043779,0.243180
icga2019,428,0.004291,0.007271
icga2019,429,0.233533,0.154327
icga2019,430,0.617762,0.507021
icga2019,431,0.015795,0.036985
icga2019,432,0.012077,0.053765
icga2019,433,0.006896,0.027470
icga2019,434,0.009970,0.030999
icga2019,435,0.005225,0.014424
icga2019,436,0.118810,0.041652
icga2019,437,0.014579,0.057246
icga2019,438,2.343864,4.319060
icga2019,439,0.006778,0.022585
icga2019,440,0.030579,0.834021
icga2019,441,1.611166,45.487941
icga2019,442,0.008588,0.030548
icga2019,443,0.123959,0.093684
icga2019,444,0.017675,0.028616
icga2019,445,0.013849,0.021641
icga2019,446,0.012319,0.019244
icga2019,447,0.007608,0.050746
icga2019,448,0.015528,0.100334
icga2019,449,0.024680,0.026319
icga2019,450,0.007141,0.028953
icga2019,451,0.030790,0.026881
icga2019,452,0.005827,0.010755
icga2019,453,1.330529,1.963470
icga2019,454,0.069215,0.038594
icga2019,455,0.365117,0.512724
icga2019,456,0.061002,0.139595
icga2019,457,0.010669,0.015260
icga2019,458,0.009481,0.030923
icga2019,459,0.103006,0.104174
icga2019,460,0.015348,0.025474
icga2019,461,0.026001,0.037481
icga2019,462,0.696065,0.318541
icga2019,463,0.007074,0.248776
icga2019,464,0.035312,0.047859
icga2019,465,0.011365,0.065650
icga2019,466,0.040760,0.500926
icga2019,467,0.010867,0.471471
icga2019,468,0.035629,0.194816
icga2019,469,3.961277,2.332502
icga2019,470,0.019437,0.272925
icga2019,471,0.010064,0.021946
icga2019,472,0.028641,0.395595
icga2019,473,1.280392,7.232721
icga2019,474,0.008294,0.019517
icga2019,475,0.011296,0.028469
icga2019,476,0.140465,0.111644
icga2019,477,0.008721,0.024332
icga2019,478,0.014611,0.385150
icga2019,479,0.088707,0.377081
icga2019,480,0.037705,0.019320
icga2019,481,0.009854,0.218452
icga2019,482,0.034242,0.089084
icga2019,483,0.010174,0.023949
icga2019,484,0.029952,0.084447
icga2019,485,0.009116,0.029100
icga2019,486,0.018866,0.062388
icga2019,487,0.007453,0.023695
icga2019,488,0.006544,0.011419
icga2019,489,0.059102,6.780084
icga2019,490,0.254531,1.610605
icga2019,491,0.012692,0.015585
icga2019,492,0.024819,0.037883
icga2019,493,0.077590,0.041792
icga2019,494,0.019730,0.023567
icga2019,495,0.008785,0.029590
icga2019,496,0.017106,0.082241
icga2019,497,0.003835,0.005710
icga2019,498,0.012513,0.021375
icga2019,499,0.049075,0.135780
icga2019,500,0.037392,0.023189
icga2019,501,0.006346,0.017324
icga2019,502,0.007117,0.011714
icga2019,503,0.076436,1.148670
icga2019,504,0.017320,0.069016
icga2019,505,0.020601,0.033528
icga2019,506,0.091536,0.122770
icga2019,507,0.012044,0.050170
icga2019,508,0.005066,0.010410
icga2019,509,0.118603,0.063869
icga2019,510,0.053902,0.210683
icga2019,511,0.032796,0.029555
icga2019,512,0.766856,0.387982
icga2019,513,0.038501,0.483324
icga2019,514,0.006432,0.013612
icga2019,515,0.028555,0.171336
icga2019,516,0.025292,0.320563
icga2019,517,0.006737,0.022066
icga2019,518,0.014766,2.473368
icga2019,519,0.387238,1.646899
icga2019,520,0.006131,0.011242
icga2019,521,0.190364,20.313668
icga2019,522,0.040654,0.788147
icga2019,523,0.088653,0.097599
icga2019,524,0.024987,0.043071
icga2019,525,0.033047,0.026140
icga2019,526,0.005818,0.012892
icga2019,527,0.086210,0.131992
icga2019,528,0.215463,4.818290
icga2019,529,0.096200,0.043432
icga2019,530,0.017109,0.026986
icga2019,531,0.008870,0.018535
icga2019,532,0.012679,0.041992
icga2019,533,0.014975,0.026969
icga2019,534,0.008323,0.035969
icga2019,535,2.525617,0.296125
icga2019,536,0.129176,0.056024
icga2019,537,0.142936,0.096490
icga2019,538,0.012340,0.363689
icga2019,539,0.008588,0.022659
icga2019,540,0.158016,0.242344
icga2019,541,0.443203,0.310435
icga2019,542,0.046998,0.021499
icga2019,543,0.017080,0.024178
icga2019,544,1.739696,6.715469
icga2019,545,0.010825,0.019633
icga2019,546,0.008748,0.028651
icga2019,547,0.045423,0.344960
icga2019,548,0.077102,0.349935
icga2019,549,1.104117,1.832867
icga2019,550,0.128574,0.093035
icga2019,551,0.034799,0.629443
icga2019,552,0.010165,0.028192
icga2019,553,0.439440,0.754794
icga2019,554,0.106196,0.027367
icga2019,555,0.069426,0.241245
icga2019,556,0.019882,0.038573
icga2019,557,0.037686,0.099507
icga2019,558,0.200931,0.249596
icga2019,559,0.006309,0.012290
icga2019,560,0.062354,0.298366
icga2019,561,0.021488,0.104537
icga2019,562,0.039093,0.374248
icga2019,563,0.009499,0.016399
icga2019,564,0.011524,0.027679
icga2019,565,0.042592,0.186802
icga2019,566,0.016985,0.025595
icga2019,567,0.016349,0.040856
icga2019,568,0.030579,0.021208
icga2019,569,3.839912,63.005938
icga2019,570,3.148033,35.288051
icga2019,571,0.109752,0.079287
icga2019,572,0.103515,0.067476
icga2019,573,0.016485,0.028274
icga2019,574,0.014955,0.027197
icga2019,575,0.082766,0.033027
icga2019,576,0.644075,0.407390
icga2019,577,2.608288,4.760984
icga2019,578,0.141529,0.079951
icga2019,579,0.023683,0.022029
icga2019,580,0.011257,0.042160
icga2019,581,0.084309,0.087902
icga2019,582,0.026521,0.060574
icga2019,583,0.046765,0.083391
icga2019,584,0.330246,0.364063
icga2019,585,0.006401,0.023451
icga2019,586,0.132861,0.102515
icga2019,587,0.144608,0.210977
icga2019,588,0.158971,0.146450
icga2019,589,0.108901,0.100525
icga2019,590,0.021341,0.061755
icga2019,591,0.011704,0.084264
icga2019,592,0.008969,0.914949
icga2019,593,0.009278,0.011494
icga2019,594,0.060510,0.030313
icga2019,595,0.015161,0.031502
icga2019,596,0.015854,0.070586
icga2019,597,0.502065,1.443738
icga2019,598,3.436522,76.699339
icga2019,599,0.013965,0.340624
icga2019,600,0.535348,0.625490
icga2019,601,0.017077,0.121845
icga2019,602,0.019773,0.062414
icga2019,603,0.009207,0.103262
icga2019,604,0.022030,0.085674
icga2019,605,0.125292,0.071380
icga2019,606,0.015184,0.553026
icga2019,607,1.744539,26.706586
icga2019,608,0.006449,0.485044
icga2019,609,0.100854,0.034354
icga2019,610,0.096790,0.053015
icga2019,611,0.035188,0.022618
icga2019,612,1.405136,4.245691
icga2019,613,1.253340,2.427699
icga2019,614,1.856500,3.347876
icga2019,615,0.243411,0.431481
icga2019,616,0.013469,0.110887
icga2019,617,0.013935,0.033887
icga2019,618,0.019600,0.098914
icga2019,619,0.050642,0.249451
icga2019,620,0.089625,0.337638
icga2019,621,0.021665,0.144726
icga2019,622,0.092582,0.102831
icga2019,623,0.429403,1.241828
icga2019,624,0.007942,0.023311
icga2019,625,0.011174,9.197350
icga2019,626,0.630248,1.445435
icga2019,627,0.023218,0.031277
icga2019,628,0.467029,0.682408
icga2019,629,0.009692,0.026867
icga2019,630,0.008792,0.062408
icga2019,631,0.081156,0.048261
icga2019,632,2.934485,0.355733
icga2019,633,0.010550,0.021016
icga2019,634,0.023694,0.039022
icga2019,635,0.029578,0.034827
icga2019,636,0.062057,0.023685
icga2019,637,0.008338,0.046920
icga2019,638,0.402916,0.882306
icga2019,639,0.009413,0.035111
icga2019,640,0.023508,0.098643
icga2019,641,2.732479,0.593501
icga2019,642,0.009431,0.032023
icga2019,643,0.044451,4.393469
icga2019,644,0.019110,0.099601
icga2019,645,0.013400,0.022116
icga2019,646,0.007461,0.027290
icga2019,647,0.155891,0.053740
icga2019,648,0.050132,1.757291
icga2019,649,0.098975,0.050199
icga2019,650,0.008349,0.023600
icga2019,651,0.007600,0.068929
icga2019,652,0.045493,0.020628
icga2019,653,0.007856,0.170872
icga2019,654,0.374263,0.445878
icga2019,655,0.019960,0.026794
icga2019,656,0.009405,0.168026
icga2019,657,0.204140,0.394869
icga2019,658,0.091949,0.052169
icga2019,659,0.124493,0.051730
icga2019,660,0.022470,0.026657
icga2019,661,0.021940,0.062156
icga2019,662,0.353611,1.234381
icga2019,663,0.023214,0.072641
icga2019,664,0.007288,0.017710
icga2019,665,0.107350,0.159432
icga2019,666,0.114437,0.132844
icga2019,667,0.059419,0.023734
icga2019,668,0.439623,16.622012
icga2019,669,1.706527,0.928645
icga2019,670,0.011381,0.022815
icga2019,671,0.126677,0.073514
icga2019,672,0.009266,0.028654
icga2019,673,0.644022,1.765863
icga2019,674,0.042210,2.496536
icga2019,675,0.091949,0.046359
icga2019,676,0.099218,0.059751
icga2019,677,1.659727,1.238450
icga2019,678,0.134991,0.119283
icga2019,679,0.063228,0.018742
icga2019,680,0.071003,0.105387
icga2019,681,0.122155,0.648747
icga2019,682,1.993208,11.083659
icga2019,683,0.012142,0.113092
icga2019,684,0.009011,0.021473
icga2019,685,0.022523,14.496625
icga2019,686,0.540912,0.312058
icga2019,687,0.169638,0.575059
icga2019,688,0.625308,3.400478
icga2019,689,0.012668,0.072410
icga2019,690,0.115205,0.116651
icga2019,691,0.185480,0.338819
icga2019,692,0.013462,1.031197
icga2019,693,0.018138,0.017033
icga2019,694,0.030830,0.144752
icga2019,695,0.072527,0.024708
icga2019,696,0.104711,0.052966
icga2019,697,0.103446,0.112544
icga2019,698,0.018092,0.039446
icga2019,699,0.092296,0.087024
icga2019,700,0.012578,0.035459
icga2019,701,0.496062,0.567312
icga2019,702,0.221724,0.690210
icga2019,703,0.490184,0.601241
icga2019,704,0.124752,0.268752
icga2019,705,0.017322,0.029016
icga2019,706,0.086810,0.108053
icga2019,707,0.137283,0.053050
icga2019,708,0.170899,0.096974
icga2019,709,0.039935,0.491741
icga2019,710,5.375665,126.088853
icga2019,711,0.071295,0.101323
icga2019,712,0.010070,0.041711
icga2019,713,0.007781,0.493788
icga2019,714,0.012267,0.022759
icga2019,715,0.009273,0.029774
icga2019,716,0.349381,3.275845
icga2019,717,1.592951,4.066813
icga2019,718,0.093811,0.117837
icga2019,719,0.023377,0.037338
icga2019,720,0.031110,0.598645
icga2019,721,0.013623,0.018081
icga2019,722,0.008681,1.957837
icga2019,723,0.015793,0.252860
icga2019,724,0.156243,0.353359
icga2019,725,0.072867,0.048039
icga2019,726,0.055542,0.035076
icga2019,727,0.010317,0.080544
icga2019,728,0.082558,0.041755
icga2019,729,0.018627,0.184816
icga2019,730,0.028604,0.096536
icga2019,731,0.008233,0.034694
icga2019,732,0.376434,0.179150
icga2019,733,0.135955,0.437506
icga2019,734,0.196271,3.758471
icga2019,735,0.010990,0.051960
icga2019,736,0.007305,0.024600
icga2019,737,0.007177,1.225185
icga2019,738,0.769467,4.990937
icga2019,739,0.143999,0.133914
icga2019,740,0.010312,0.020062
icga2019,741,0.031256,0.409335
icga2019,742,0.008465,0.032657
icga2019,743,0.106732,0.079616
icga2019,744,0.345796,0.794243
icga2019,745,0.147051,0.139325
icga2019,746,0.007518,0.029026
icga2019,747,0.012354,3.927694
icga2019,748,0.018279,0.029626
icga2019,749,0.384725,0.227362
icga2019,750,0.725418,0.676267
icga2019,751,1.342790,1.371420
icga2019,752,0.014777,0.104993
icga2019,753,0.106666,0.071822
icga2019,754,0.009288,0.023320
icga2019,755,0.178180,0.284179
icga2019,756,0.126147,0.115202
icga2019,757,0.039967,0.033031
icga2019,758,0.008897,0.047055
icga2019,759,0.045489,0.026389
icga2019,760,0.008395,0.027043
icga2019,761,0.052957,1.092344
icga2019,762,0.012411,0.023010
icga2019,763,0.063835,3.153896
icga2019,764,0.098435,0.050755
icga2019,765,0.045337,0.614601
icga2019,766,0.034500,0.163225
icga2019,767,0.088809,0.067869
icga2019,768,0.281648,0.395170
icga2019,769,0.025418,0.105995
icga2019,770,0.026267,0.067048
icga2019,771,0.009980,0.023595
icga2019,772,0.010850,0.032330
icga2019,773,0.196935,0.152900
icga2019,774,0.008413,0.022399
icga2019,775,0.006391,0.031584
icga2019,776,0.014182,0.021440
icga2019,777,0.014732,0.042687
icga2019,778,0.016240,0.060910
icga2019,779,0.010980,0.073441
icga2019,780,0.005711,0.018714
icga2019,781,0.384278,0.518052
icga2019,782,0.365514,0.586516
icga2019,783,0.034949,0.066850
icga2019,784,0.462920,0.633317
icga2019,785,0.007141,15.565001
icga2019,786,0.119000,0.126179
icga2019,787,0.295497,0.068698
icga2019,788,0.123078,0.194594
icga2019,789,0.034744,0.058178
icga2019,790,0.140133,0.043135
icga2019,791,0.013853,0.018819
icga2019,792,0.077367,0.066840
icga2019,793,0.013392,0.027876
icga2019,794,0.086262,0.031306
icga2019,795,0.149288,0.198318
icga2019,796,0.011949,0.023926
icga2019,797,0.009856,0.022086
icga2019,798,0.028866,0.210899
icga2019,799,0.007708,0.041282
icga2019,800,0.033811,0.337994
icga2019,801,2.574552,0.578239
icga2019,802,0.009801,0.063847
icga2019,803,0.027316,0.021277
icga2019,804,0.067431,0.021638
icga2019,805,0.008233,0.021611
icga2019,806,0.008406,0.061162
icga2019,807,0.300673,0.203976
icga2019,808,0.012659,0.024138
icga2019,809,0.232742,1.057914
icga2019,810,0.030526,0.046009
icga2019,811,0.142112,0.035416
icga2019,812,0.007741,0.033980
icga2019,813,0.008144,0.022913
icga2019,814,0.050182,0.019207
icga2019,815,1.394168,0.916573
icga2019,816,0.023556,0.497751
icga2019,817,0.348784,0.431668
icga2019,818,0.061469,0.040302
icga2019,819,0.245374,0.341032
icga2019,820,0.021848,0.573567
icga2019,821,0.185090,0.151700
icga2019,822,0.013117,0.024057
icga2019,823,0.206329,0.757182
icga2019,824,0.010297,0.312183
icga2019,825,0.027037,0.028905
icga2019,826,0.042632,0.035433
icga2019,827,0.009135,0.037670
icga2019,828,0.049641,0.211515
icga2019,829,0.079428,0.039356
icga2019,830,0.105564,0.067735
icga2019,831,0.014050,2.114548
icga2019,832,0.016860,0.031469
icga2019,833,0.006950,0.023788
icga2019,834,0.018802,0.028371
icga2019,835,0.014561,0.117037
icga2019,836,0.029950,1.325940
icga2019,837,0.010047,0.150888
icga2019,838,0.030664,0.115400
icga2019,839,0.009628,0.025004
icga2019,840,0.049833,0.040314
icga2019,841,0.013958,0.019858
icga2019,842,0.010217,0.606275
icga2019,843,0.101765,0.589715
icga2019,844,0.007201,0.077996
icga2019,845,0.006476,0.027461
icga2019,846,0.047248,0.024273
icga2019,847,0.011939,0.030762
icga2019,848,0.025686,0.039972
icga2019,849,0.016619,0.022005
icga2019,850,0.007104,0.015620
icga2019,851,0.289077,1.735170
icga2019,852,0.012708,0.026564
icga2019,853,0.011255,0.031099
icga2019,854,0.009072,0.021793
icga2019,855,0.009798,0.086314
icga2019,856,0.010579,0.114706
icga2019,857,0.010398,0.031431
icga2019,858,0.013712,0.047361
icga2019,859,0.024147,0.149184
icga2019,860,1.904602,2.917048
icga2019,861,0.169318,1.274208
icga2019,862,0.065263,0.030718
icga2019,863,0.015695,0.019680
icga2019,864,0.036656,0.017619
icga2019,865,0.009131,0.042291
icga2019,866,0.205593,5.674156
icga2019,867,0.008893,0.054446
icga2019,868,0.016839,0.033918
icga2019,869,0.034219,0.047294
icga2019,870,0.050410,0.025166
icga2019,871,0.096370,0.020429
icga2019,872,0.007305,0.025130
icga2019,873,0.058156,0.079003
icga2019,874,0.024726,0.018556
icga2019,875,0.010400,0.033085
icga2019,876,0.058545,0.152783
icga2019,877,0.010942,0.055966
icga2019,878,0.011746,0.022624
icga2019,879,0.009036,0.039124
icga2019,880,0.010466,0.027682
icga2019,881,0.113766,0.050979
icga2019,882,0.009610,0.080908
icga2019,883,0.010811,0.047361
icga2019,884,0.014016,0.026715
icga2019,885,0.005199,0.020389
icga2019,886,0.008764,0.050124
icga2019,887,0.036561,0.020552
icga2019,888,1.893222,1.885803
icga2019,889,0.025744,0.025977
icga2019,890,0.010009,0.033751
icga2019,891,0.007605,0.028556
icga2019,892,0.372589,0.166899
icga2019,893,0.012038,2.139663
icga2019,894,0.081275,0.032176
icga2019,895,0.011432,0.022608
icga2019,896,0.008754,0.118838
icga2019,897,0.066503,0.024060
icga2019,898,0.014309,0.023455
icga2019,899,0.173354,0.552193
icga2019,900,0.032701,0.397209
icga2019,901,0.011362,0.022581
icga2019,902,0.008043,0.020523
icga2019,903,0.078934,0.028441
icga2019,904,0.145608,0.172988
icga2019,905,0.027480,0.022286
icga2019,906,0.012991,0.025365
icga2019,907,0.043836,0.038788
icga2019,908,0.060196,0.034673
icga2019,909,0.006954,0.024439
icga2019,910,0.009190,0.591769
icga2019,911,0.045302,0.333318
icga2019,912,0.008743,0.024404
icga2019,913,0.010197,0.023149
icga2019,914,0.013104,0.031720
icga2019,915,0.007013,0.033249
icga2019,916,0.007544,0.155600
icga2019,917,0.007153,0.020467
icga2019,918,0.035284,0.023741
icga2019,919,0.008798,0.024158
icga2019,920,0.006826,0.032771
icga2019,921,0.005460,0.016406
icga2019,922,0.008165,0.024741
icga2019,923,0.060006,0.023093
icga2019,924,0.027010,0.949708
icga2019,925,0.010777,0.023074
icga2019,926,0.005903,0.024821
icga2019,927,0.007968,0.031845
icga2019,928,0.283123,0.039142
icga2019,929,0.011839,0.044803
icga2019,930,0.021114,0.031556
icga2019,931,0.020818,0.243107
icga2019,932,0.025714,0.029658
icga2019,933,0.010346,0.018851
icga2019,934,0.015599,0.025025
icga2019,935,0.007664,0.081844
icga2019,936,0.035881,0.070716
icga2019,937,0.272044,0.262893
icga2019,938,0.012270,0.027496
icga2019,939,0.053034,0.044355
icga2019,940,0.009600,0.708542
icga2019,941,0.007992,0.032754
icga2019,942,0.045691,0.020619
icga2019,943,0.015289,0.027119
icga2019,944,0.006250,0.017922
icga2019,945,0.008715,0.020784
icga2019,946,0.013660,0.027374
icga2019,947,0.008907,0.034650
icga2019,948,0.013480,0.049959
icga2019,949,0.025003,0.017715
icga2019,950,0.026246,0.031390
icga2019,951,0.018429,0.035062
icga2019,952,0.009320,0.047679
icga2019,953,0.004773,0.021335
icga2019,954,0.006292,0.020740
icga2019,955,0.007384,0.027905
icga2019,956,0.009678,0.021025
icga2019,957,0.036663,0.024067
icga2019,958,0.065911,0.028967
icga2019,959,0.007934,0.070592
icga2019,960,0.007260,0.146871
icga2019,961,0.008466,0.020147
icga2019,962,0.252968,1.486829
icga2019,963,0.007970,0.028373
icga2019,964,0.009349,0.589756
icga2019,965,0.011125,0.099735
icga2019,966,0.059362,0.027147
icga2019,967,0.017767,0.028087
icga2019,968,0.013579,0.025683
icga2019,969,0.008730,0.024740
icga2019,970,0.008114,0.087120
icga2019,971,0.027285,1.604613
icga2019,972,0.017941,0.025348
icga2019,973,0.006336,0.021055
icga2019,974,0.010186,0.024406
icga2019,975,0.033460,0.024906
icga2019,976,0.017378,0.022292
icga2019,977,0.055729,0.027150
icga2019,978,0.012250,0.026221
icga2019,979,0.071437,0.028868
icga2019,980,0.008321,0.025075
icga2019,981,0.013717,0.034726
icga2019,982,0.006986,0.023999
icga2019,983,0.025143,0.017934
icga2019,984,0.021971,0.027713
icga2019,985,0.067720,0.115203
icga2019,986,0.318346,10.909541
icga2019,987,0.008157,0.017914
icga2019,988,0.015707,0.025871
icga2019,989,0.012085,0.018820
icga2019,990,0.008689,0.025520
icga2019,991,0.477032,0.568427
icga2019,992,0.010283,0.027033
icga2019,993,0.009743,0.024912
icga2019,994,0.007045,0.028432
icga2019,995,0.006509,0.154978
icga2019,996,0.049732,0.023055
icga2019,997,0.100073,0.116452
icga2019,998,0.023833,0.042162
icga2019,999,0.014354,0.139458
icga2019,1000,0.007231,0.029697
icga2020,1,0.005532,0.000858
icga2020,2,0.004457,0.001713
icga2020,3,0.001239,0.000337
icga2020,4,0.001750,0.000998
icga2020,5,0.001614,0.000876
icga2020,6,0.001768,0.002632
icga2020,7,0.001595,0.000573
icga2020,8,0.001295,0.000926
icga2020,9,0.001663,0.002023
icga2020,10,0.001334,0.000593
icga2020,11,0.001848,0.002109
icga2020,12,0.001686,0.001260
icga2020,13,0.001914,0.001405
icga2020,14,0.001810,0.001684
icga2020,15,0.002120,0.002147
icga2020,16,0.001305,0.000681
icga2020,17,0.001334,0.001621
icga2020,18,0.001632,0.001118
icga2020,19,0.001895,0.001921
icga2020,20,0.001514,0.001356
icga2020,21,0.001712,0.002580
icga2020,22,0.002014,0.002738
icga2020,23,0.002168,0.002412
icga2020,24,0.001617,0.001171
icga2020,25,0.002378,0.002438
icga2020,26,0.001682,0.001635
icga2020,27,0.001814,0.001007
icga2020,28,0.001687,0.002690
icga2020,29,0.001621,0.001912
icga2020,30,0.001302,0.000454
icga2020,31,0.001975,0.003246
icga2020,32,0.002071,0.002822
icga2020,33,0.001475,0.000786
icga2020,34,0.002394,0.004594
icga2020,35,0.001537,0.001412
icga2020,36,0.001612,0.004767
icga2020,37,0.001400,0.001021
icga2020,38,0.001328,0.000878
icga2020,39,0.002702,0.004217
icga2020,40,0.001828,0.001391
icga2020,41,0.002285,0.003491
icga2020,42,0.001521,0.000673
icga2020,43,0.001902,0.002431
icga2020,44,0.001781,0.002024
icga2020,45,0.001811,0.001218
icga2020,46,0.001876,0.001105
icga2020,47,0.001560,0.001525
icga2020,48,0.001547,0.001641
icga2020,49,0.001744,0.000911
icga2020,50,0.002101,0.003925
icga2020,51,0.001312,0.000394
icga2020,52,0.001305,0.000644
icga2020,53,0.001419,0.001034
icga2020,54,0.001640,0.000657
icga2020,55,0.001382,0.000707
icga2020,56,0.001429,0.001235
icga2020,57,0.001460,0.002062
icga2020,58,0.001663,0.001783
icga2020,59,0.001554,0.001791
icga2020,60,0.001418,0.000800
icga2020,61,0.002024,0.001759
icga2020,62,0.001434,0.000767
icga2020,63,0.001578,0.002722
icga2020,64,0.001770,0.003798
icga2020,65,0.001545,0.000791
icga2020,66,0.001254,0.000639
icga2020,67,0.003417,0.005360
icga2020,68,0.001933,0.001010
icga2020,69,0.001506,0.000888
icga2020,70,0.002690,0.004424
icga2020,71,0.002237,0.002094
icga2020,72,0.001645,0.001937
icga2020,73,0.002094,0.003306
icga2020,74,0.001839,0.001721
icga2020,75,0.001353,0.000680
icga2020,76,0.002752,0.006423
icga2020,77,0.001523,0.001002
icga2020,78,0.002712,0.005705
icga2020,79,0.001990,0.001652
icga2020,80,0.001685,0.001446
icga2020,81,0.002136,0.002410
icga2020,82,0.001633,0.001727
icga2020,83,0.002405,0.002326
icga2020,84,0.001948,0.002536
icga2020,85,0.001806,0.001752
icga2020,86,0.001829,0.002896
icga2020,87,0.001509,0.000935
icga2020,88,0.003136,0.005401
icga2020,89,0.001693,0.001087
icga2020,90,0.001497,0.000930
icga2020,91,0.002057,0.002883
icga2020,92,0.002675,0.005003
icga2020,93,0.002735,0.006917
icga2020,94,0.001726,0.001095
icga2020,95,0.002001,0.004452
icga2020,96,0.002480,0.004399
icga2020,97,0.002288,0.001173
icga2020,98,0.002114,0.004877
icga2020,99,0.001935,0.002276
icga2020,100,0.001611,0.000765
icga2020,101,0.002211,0.003221
icga2020,102,0.001961,0.001538
icga2020,103,0.001806,0.002058
icga2020,104,0.002154,0.001551
icga2020,105,0.002060,0.002934
icga2020,106,0.001331,0.001031
icga2020,107,0.002718,0.003358
icga2020,108,0.001837,0.002919
icga2020,109,0.002190,0.001356
icga2020,110,0.001628,0.005008
icga2020,111,0.001711,0.001070
icga2020,112,0.001715,0.002290
icga2020,113,0.001596,0.001240
icga2020,114,0.002099,0.001618
icga2020,115,0.001694,0.001844
icga2020,116,0.001680,0.001709
icga2020,117,0.001494,0.001436
icga2020,118,0.002369,0.005975
icga2020,119,0.001738,0.001724
icga2020,120,0.002744,0.005443
icga2020,121,0.001900,0.002257
icga2020,122,0.002832,0.005586
icga2020,123,0.001753,0.002056
icga2020,124,0.002025,0.003076
icga2020,125,0.001394,0.000687
icga2020,126,0.002329,0.002696
icga2020,127,0.001558,0.001336
icga2020,128,0.004913,0.011466
icga2020,129,0.002133,0.002422
icga2020,130,0.003085,0.005052
icga2020,131,0.001878,0.001934
icga2020,132,0.002198,0.003531
icga2020,133,0.001582,0.001218
icga2020,134,0.002564,0.006655
icga2020,135,0.001898,0.004805
icga2020,136,0.002660,0.004693
icga2020,137,0.001336,0.001467
icga2020,138,0.002309,0.004411
icga2020,139,0.002530,0.003435
icga2020,140,0.001757,0.005007
icga2020,141,0.002553,0.004719
icga2020,142,0.002475,0.004712
icga2020,143,0.001632,0.002186
icga2020,144,0.001534,0.001015
icga2020,145,0.003394,0.006953
icga2020,146,0.003192,0.006656
icga2020,147,0.002085,0.003658
icga2020,148,0.003189,0.004916
icga2020,149,0.003156,0.004946
icga2020,150,0.002102,0.007586
icga2020,151,0.002312,0.005483
icga2020,152,0.003181,0.004951
icga2020,153,0.002243,0.002465
icga2020,154,0.002582,0.002848
icga2020,155,0.003127,0.006187
icga2020,156,0.003604,0.008173
icga2020,157,0.002135,0.002748
icga2020,158,0.002328,0.005466
icga2020,159,0.003072,0.004744
icga2020,160,0.002051,0.001946
icga2020,161,0.002047,0.002609
icga2020,162,0.001418,0.001708
icga2020,163,0.002182,0.003404
icga2020,164,0.004236,0.008834
icga2020,165,0.006329,0.013892
icga2020,166,0.004250,0.009335
icga2020,167,0.001793,0.001333
icga2020,168,0.002224,0.002759
icga2020,169,0.001977,0.002039
icga2020,170,0.002008,0.001409
icga2020,171,0.002218,0.003133
icga2020,172,0.002580,0.005981
icga2020,173,0.002729,0.004160
icga2020,174,0.001794,0.004108
icga2020,175,0.002235,0.002515
icga2020,176,0.001733,0.001640
icga2020,177,0.002337,0.004634
icga2020,178,0.003377,0.007368
icga2020,179,0.003650,0.009532
icga2020,180,0.003056,0.004837
icga2020,181,0.003922,0.008910
icga2020,182,0.004744,0.009737
icga2020,183,0.003589,0.007813
icga2020,184,0.002244,0.004230
icga2020,185,0.001707,0.002258
icga2020,186,0.002261,0.002747
icga2020,187,0.001722,0.003679
icga2020,188,0.003077,0.006208
icga2020,189,0.001454,0.002067
icga2020,190,0.001799,0.005466
icga2020,191,0.004503,0.017578
icga2020,192,0.006806,0.010165
icga2020,193,0.002889,0.008444
icga2020,194,0.002962,0.006760
icga2020,195,0.002838,0.005568
icga2020,196,0.002161,0.002570
icga2020,197,0.004541,0.011957
icga2020,198,0.004534,0.011717
icga2020,199,0.002044,0.001971
icga2020,200,0.003479,0.008788
icga2020,201,0.003705,0.005287
icga2020,202,0.002424,0.005129
icga2020,203,0.002902,0.006436
icga2020,204,0.002709,0.004120
icga2020,205,0.002790,0.006120
icga2020,206,0.004258,0.008349
icga2020,207,0.001607,0.001430
icga2020,208,0.002804,0.005996
icga2020,209,0.005597,0.019130
icga2020,210,0.001667,0.001519
icga2020,211,0.003286,0.009097
icga2020,212,0.009577,0.015836
icga2020,213,0.003138,0.008012
icga2020,214,0.004482,0.027546
icga2020,215,0.002130,0.002622
icga2020,216,0.004724,0.009353
icga2020,217,0.004594,0.010953
icga2020,218,0.001938,0.004357
icga2020,219,0.002264,0.004367
icga2020,220,0.003961,0.009504
icga2020,221,0.003283,0.015261
icga2020,222,0.003706,0.008034
icga2020,223,0.001868,0.002785
icga2020,224,0.004368,0.013601
icga2020,225,0.002548,0.005501
icga2020,226,0.002391,0.005802
icga2020,227,0.007193,0.014449
icga2020,228,0.002786,0.006156
icga2020,229,0.001451,0.001367
icga2020,230,0.005675,0.031258
icga2020,231,0.009135,0.033490
icga2020,232,0.001883,0.004080
icga2020,233,0.003303,0.007823
icga2020,234,0.004601,0.010825
icga2020,235,0.002095,0.003644
icga2020,236,0.002983,0.005352
icga2020,237,0.003358,0.006480
icga2020,238,0.006195,0.015595
icga2020,239,0.004098,0.007825
icga2020,240,0.002188,0.001618
icga2020,241,0.006666,0.018757
icga2020,242,0.002952,0.005165
icga2020,243,0.003046,0.006352
icga2020,244,0.007683,0.021852
icga2020,245,0.018567,0.056450
icga2020,246,0.003970,0.010167
icga2020,247,0.002002,0.004687
icga2020,248,0.002174,0.004193
icga2020,249,0.003954,0.007670
icga2020,250,0.006845,0.022170
icga2020,251,0.003720,0.008142
icga2020,252,0.002432,0.004627
icga2020,253,0.004080,0.013090
icga2020,254,0.001679,0.002342
icga2020,255,0.018815,0.039958
icga2020,256,0.006353,0.016735
icga2020,257,0.003029,0.003068
icga2020,258,0.011963,0.014503
icga2020,259,0.003475,0.006674
icga2020,260,0.002839,0.006365
icga2020,261,0.005242,0.011153
icga2020,262,0.010528,0.023665
icga2020,263,0.001844,0.003587
icga2020,264,0.006782,0.014846
icga2020,265,0.006960,0.017383
icga2020,266,0.002865,0.004833
icga2020,267,0.002842,0.005540
icga2020,268,0.002153,0.004087
icga2020,269,0.003706,0.006582
icga2020,270,0.003162,0.004974
icga2020,271,0.005322,0.008572
icga2020,272,0.002111,0.003217
icga2020,273,0.002195,0.005244
icga2020,274,0.108273,0.102141
icga2020,275,0.003230,0.003976
icga2020,276,0.002072,0.001638
icga2020,277,0.003635,0.018466
icga2020,278,0.003005,0.005144
icga2020,279,0.004009,0.012327
icga2020,280,0.003630,0.007311
icga2020,281,0.002174,0.006583
icga2020,282,0.002486,0.004570
icga2020,283,0.004439,0.020023
icga2020,284,0.004916,0.012146
icga2020,285,0.008714,0.022013
icga2020,286,0.010390,0.067893
icga2020,287,0.003872,0.008606
icga2020,288,0.004432,0.008912
icga2020,289,0.003587,0.012051
icga2020,290,0.004527,0.011595
icga2020,291,0.008211,0.018993
icga2020,292,0.004026,0.011278
icga2020,293,0.005574,0.065792
icga2020,294,0.005027,0.011663
icga2020,295,0.005781,0.023209
icga2020,296,0.004216,0.009105
icga2020,297,0.021219,0.014844
icga2020,298,0.009520,0.024451
icga2020,299,0.003547,0.009159
icga2020,300,0.005916,0.011241
icga2020,301,0.005878,0.025913
icga2020,302,0.007230,0.009687
icga2020,303,0.006570,0.055810
icga2020,304,0.013315,0.022083
icga2020,305,0.006182,0.017570
icga2020,306,0.013057,0.124508
icga2020,307,0.006148,0.015923
icga2020,308,0.003087,0.006841
icga2020,309,0.006678,0.019609
icga2020,310,0.003319,0.005883
icga2020,311,0.005401,0.041302
icga2020,312,0.006065,0.016785
icga2020,313,0.009457,0.018830
icga2020,314,0.002219,0.004643
icga2020,315,0.003525,0.009041
icga2020,316,0.004824,0.013909
icga2020,317,0.003330,0.007469
icga2020,318,0.009104,0.027966
icga2020,319,0.006882,0.018868
icga2020,320,0.007050,0.021633
icga2020,321,0.009936,0.013121
icga2020,322,0.002471,0.002088
icga2020,323,0.103816,0.155928
icga2020,324,0.005204,0.010680
icga2020,325,0.011945,0.016204
icga2020,326,0.031013,0.082636
icga2020,327,0.005974,0.042564
icga2020,328,0.006355,0.021184
icga2020,329,0.004587,0.011684
icga2020,330,0.007602,0.027660
icga2020,331,0.004300,0.009858
icga2020,332,0.088597,0.078417
icga2020,333,0.004990,0.012593
icga2020,334,0.003418,0.009188
icga2020,335,0.002562,0.007042
icga2020,336,0.007963,0.018402
icga2020,337,0.019784,0.077252
icga2020,338,0.015731,0.062061
icga2020,339,0.004648,0.013790
icga2020,340,0.010447,0.018305
icga2020,341,0.007208,0.021869
icga2020,342,0.011844,0.050734
icga2020,343,0.051610,0.096012
icga2020,344,0.020069,0.034054
icga2020,345,0.035874,0.027832
icga2020,346,0.006758,0.017127
icga2020,347,0.040068,0.065500
icga2020,348,0.006388,0.014246
icga2020,349,0.009247,0.022081
icga2020,350,0.005008,0.012239
icga2020,351,0.002857,0.005279
icga2020,352,0.008940,0.015026
icga2020,353,0.003826,0.007869
icga2020,354,0.011588,0.026111
icga2020,355,0.006327,0.011208
icga2020,356,0.002936,0.005008
icga2020,357,0.135671,0.344676
icga2020,358,0.014770,0.033980
icga2020,359,0.108468,0.182770
icga2020,360,0.017969,0.172430
icga2020,361,0.010618,0.064818
icga2020,362,0.005347,0.011853
icga2020,363,0.008873,0.141807
icga2020,364,0.148492,0.123378
icga2020,365,0.010079,0.022195
icga2020,366,0.033365,0.245541
icga2020,367,0.009877,0.021135
icga2020,368,0.004633,0.011884
icga2020,369,0.003350,0.009232
icga2020,370,0.004392,0.010726
icga2020,371,0.013350,0.045589
icga2020,372,0.069389,0.409489
icga2020,373,0.004911,0.011213
icga2020,374,0.685863,0.208972
icga2020,375,0.044097,0.060323
icga2020,376,0.007678,0.019051
icga2020,377,0.007576,0.199886
icga2020,378,0.068940,0.018565
icga2020,379,0.010540,0.019997
icga2020,380,0.007741,0.031014
icga2020,381,0.025867,0.023219
icga2020,382,0.011731,0.017713
icga2020,383,0.005660,0.015337
icga2020,384,0.006828,0.010626
icga2020,385,0.009950,0.019737
icga2020,386,0.006592,0.017398
icga2020,387,0.006125,0.039924
icga2020,388,0.012551,0.015379
icga2020,389,0.005058,0.017899
icga2020,390,0.006743,0.027102
icga2020,391,0.014277,0.156637
icga2020,392,0.034245,0.028290
icga2020,393,0.008183,0.016336
icga2020,394,0.009340,0.037898
icga2020,395,0.005698,0.103601
icga2020,396,0.010787,0.033061
icga2020,397,0.034774,0.147209
icga2020,398,0.013230,0.079273
icga2020,399,0.018125,0.017287
icga2020,400,0.007417,0.017772
icga2020,401,0.053831,0.012894
icga2020,402,0.009708,0.024436
icga2020,403,0.007292,0.018603
icga2020,404,0.016344,0.012858
icga2020,405,0.012019,0.078377
icga2020,406,0.169799,0.289028
icga2020,407,0.031225,0.327683
icga2020,408,1.918496,2.820734
icga2020,409,0.009827,0.021119
icga2020,410,0.321930,0.205246
icga2020,411,0.346443,0.180292
icga2020,412,0.006247,0.008346
icga2020,413,0.005659,0.010978
icga2020,414,0.008183,0.027075
icga2020,415,0.017675,0.052510
icga2020,416,0.084141,0.089723
icga2020,417,0.071035,0.128202
icga2020,418,0.027398,0.031786
icga2020,419,0.229796,0.228601
icga2020,420,0.006018,0.012120
icga2020,421,0.031136,0.255806
icga2020,422,0.006619,0.012347
icga2020,423,0.003120,0.007511
icga2020,424,0.184239,0.208847
icga2020,425,0.014601,0.059897
icga2020,426,0.011242,0.033578
icga2020,427,0.010873,0.048692
icga2020,428,0.014480,0.050178
icga2020,429,0.583001,0.368020
icga2020,430,0.025191,0.220017
icga2020,431,0.073157,0.056351
icga2020,432,0.006521,0.018967
icga2020,433,0.010046,0.018802
icga2020,434,0.074233,0.217059
icga2020,435,1.236606,0.371396
icga2020,436,0.069638,0.622341
icga2020,437,0.016633,0.055639
icga2020,438,0.011288,0.016633
icga2020,439,0.045384,0.126099
icga2020,440,0.407902,1.394913
icga2020,441,0.050241,0.363761
icga2020,442,0.009622,0.027589
icga2020,443,0.004089,0.011928
icga2020,444,0.006710,0.022506
icga2020,445,0.026192,0.068710
icga2020,446,0.113756,0.274206
icga2020,447,0.005582,0.011628
icga2020,448,0.009835,0.028986
icga2020,449,0.034461,0.134595
icga2020,450,0.015728,0.051599
icga2020,451,0.006320,0.306733
icga2020,452,0.006528,0.022300
icga2020,453,0.002560,0.007910
icga2020,454,0.018933,0.016393
icga2020,455,0.051377,0.141612
icga2020,456,0.009585,0.014902
icga2020,457,0.025120,0.075604
icga2020,458,0.005682,0.022555
icga2020,459,1.308629,0.794659
icga2020,460,0.058224,0.153601
icga2020,461,0.024435,0.715494
icga2020,462,0.026476,0.041035
icga2020,463,0.025168,0.065411
icga2020,464,0.079446,0.035396
icga2020,465,0.035572,0.134717
icga2020,466,1.315174,0.667968
icga2020,467,0.009810,0.019893
icga2020,468,0.016713,0.018080
icga2020,469,0.011478,0.059197
icga2020,470,0.015675,0.097479
icga2020,471,0.027731,0.101908
icga2020,472,0.152839,0.162522
icga2020,473,0.042703,2.104606
icga2020,474,0.084974,0.048948
icga2020,475,0.008610,0.020504
icga2020,476,2.056959,0.761520
icga2020,477,0.061787,0.066734
icga2020,478,0.006564,0.050924
icga2020,479,0.041688,0.041669
icga2020,480,0.052733,0.452399
icga2020,481,0.012005,0.049030
icga2020,482,0.082654,0.244563
icga2020,483,0.512866,4.885518
icga2020,484,0.028557,0.115485
icga2020,485,0.024325,0.056956
icga2020,486,0.019002,0.051513
icga2020,487,0.007802,0.016679
icga2020,488,3.556464,5.320485
icga2020,489,3.575309,56.879421
icga2020,490,0.076558,0.317482
icga2020,491,0.006649,0.015290
icga2020,492,0.005966,0.023072
icga2020,493,0.085045,0.023032
icga2020,494,0.035332,0.034782
icga2020,495,0.019633,0.039500
icga2020,496,0.005663,0.016648
icga2020,497,0.052695,0.039855
icga2020,498,4.958892,15.172239
icga2020,499,0.015126,0.305418
icga2020,500,0.011882,0.233405
icga2020,501,0.078393,0.281894
icga2020,502,0.071658,0.157048
icga2020,503,0.019901,0.092975
icga2020,504,0.019815,0.078957
icga2020,505,0.034427,0.128422
icga2020,506,0.012822,0.022578
icga2020,507,0.015700,0.021985
icga2020,508,0.146673,0.154761
icga2020,509,0.013137,0.072464
icga2020,510,0.108294,0.062467
icga2020,511,0.212837,0.294363
icga2020,512,0.008860,0.016672
icga2020,513,0.012425,0.126878
icga2020,514,0.115678,0.078485
icga2020,515,0.206243,1.377855
icga2020,516,0.056276,0.257637
icga2020,517,0.008424,0.023988
icga2020,518,0.060831,0.048276
icga2020,519,0.311049,0.272221
icga2020,520,0.006429,0.020484
icga2020,521,0.050154,0.079289
icga2020,522,0.015443,0.023644
icga2020,523,0.397841,0.941126
icga2020,524,0.010455,0.025808
icga2020,525,0.008067,0.262263
icga2020,526,3.666983,9.631384
icga2020,527,0.010249,0.236454
icga2020,528,0.013923,0.043273
icga2020,529,2.474759,1.116179
icga2020,530,0.741774,1.375674
icga2020,531,0.042101,0.030598
icga2020,532,0.295146,1.221520
icga2020,533,0.005981,0.010226
icga2020,534,0.539116,5.688876
icga2020,535,0.061724,0.167413
icga2020,536,0.026121,0.086382
icga2020,537,0.009356,0.037048
icga2020,538,1.098921,4.719731
icga2020,539,0.022043,0.027954
icga2020,540,0.010701,0.035026
icga2020,541,0.034452,0.094860
icga2020,542,0.036359,0.043042
icga2020,543,0.021133,0.041190
icga2020,544,0.010853,0.028489
icga2020,545,0.253741,0.508725
icga2020,546,0.138667,306.297743
icga2020,547,0.016389,0.051781
icga2020,548,0.113166,0.050655
icga2020,549,0.008133,0.024988
icga2020,550,0.010880,0.150687
icga2020,551,0.054616,0.167175
icga2020,552,0.280011,0.408565
icga2020,553,0.011517,0.063898
icga2020,554,0.017712,0.269644
icga2020,555,0.063263,0.179493
icga2020,556,0.129838,0.322444
icga2020,557,0.201216,0.795418
icga2020,558,0.101363,0.213564
icga2020,559,0.010647,0.076158
icga2020,560,0.284609,0.647568
icga2020,561,0.006562,0.013511
icga2020,562,3.674615,8.042674
icga2020,563,0.019724,0.119958
icga2020,564,0.025000,0.128117
icga2020,565,0.228086,0.040922
icga2020,566,1.807767,0.438276
icga2020,567,0.020761,0.049198
icga2020,568,1.980898,0.167865
icga2020,569,0.061822,0.028569
icga2020,570,0.123115,0.177971
icga2020,571,0.023731,0.068454
icga2020,572,0.195226,4.956945
icga2020,573,0.252671,0.086259
icga2020,574,0.013497,0.031901
icga2020,575,0.009194,1.244695
icga2020,576,0.009052,0.010098
icga2020,577,0.202384,0.457387
icga2020,578,0.092162,0.051486
icga2020,579,1.137526,2.298405
icga2020,580,0.036607,0.077218
icga2020,581,0.055896,0.030886
icga2020,582,0.623864,3.171376
icga2020,583,0.029934,0.099147
icga2020,584,1.175280,2.354981
icga2020,585,0.093551,0.027752
icga2020,586,0.100243,0.041751
icga2020,587,0.025915,0.230664
icga2020,588,0.016497,0.029270
icga2020,589,0.504572,3.372221
icga2020,590,0.012461,0.030280
icga2020,591,0.431036,1.534717
icga2020,592,0.143519,0.184698
icga2020,593,0.032111,0.520611
icga2020,594,20.292532,5.325494
icga2020,595,0.176978,0.191197
icga2020,596,0.036139,0.080978
icga2020,597,0.018040,0.023778
icga2020,598,0.308943,0.245011
icga2020,599,0.863919,0.543511
icga2020,600,0.319421,1.169789
icga2020,601,0.010299,0.034498
icga2020,602,0.036681,1.268177
icga2020,603,0.017609,0.085324
icga2020,604,0.035741,0.209337
icga2020,605,0.031067,0.042072
icga2020,606,0.032480,0.023331
icga2020,607,0.008793,0.147796
icga2020,608,0.231206,2.148553
icga2020,609,0.418697,0.311730
icga2020,610,0.036558,0.614328
icga2020,611,0.036141,0.042496
icga2020,612,0.563842,0.956836
icga2020,613,1.661389,8.190335
icga2020,614,0.007252,0.024113
icga2020,615,1.091110,13.575493
icga2020,616,0.154679,0.880560
icga2020,617,0.031111,0.028845
icga2020,618,0.006872,0.034212
icga2020,619,0.009625,0.026118
icga2020,620,0.021208,0.141309
icga2020,621,0.014575,0.020311
icga2020,622,0.011548,0.025047
icga2020,623,1.864138,0.760831
icga2020,624,0.372162,3.049767
icga2020,625,0.010422,0.025005
icga2020,626,0.009120,0.071462
icga2020,627,0.036221,0.025548
icga2020,628,0.117944,0.113352
icga2020,629,0.018151,0.026115
icga2020,630,1.429989,632.468010
icga2020,631,0.007986,0.026814
icga2020,632,0.665707,3.376200
icga2020,633,0.087453,0.042406
icga2020,634,0.046840,0.022633
icga2020,635,0.008383,0.082498
icga2020,636,0.005314,0.024147
icga2020,637,0.101235,0.094117
icga2020,638,0.025156,0.088809
icga2020,639,0.023533,0.029749
icga2020,640,0.099505,0.112625
icga2020,641,0.056952,0.606637
icga2020,642,0.034198,0.157047
icga2020,643,0.024963,0.032026
icga2020,644,0.075005,0.029512
icga2020,645,0.042240,0.067580
icga2020,646,0.125658,2.737606
icga2020,647,0.030675,0.205052
icga2020,648,0.009030,0.014658
icga2020,649,0.031269,0.064093
icga2020,650,0.097945,0.066869
icga2020,651,0.020372,0.412140
icga2020,652,0.016619,0.577053
icga2020,653,0.091677,0.041598
icga2020,654,0.109633,0.041399
icga2020,655,0.063118,0.016566
icga2020,656,0.690206,1.024848
icga2020,657,0.006756,0.034199
icga2020,658,1.012132,0.503444
icga2020,659,0.393765,0.110211
icga2020,660,0.038099,0.032670
icga2020,661,0.008577,0.032773
icga2020,662,0.022251,0.152583
icga2020,663,0.011156,0.196948
icga2020,664,0.008129,0.129925
icga2020,665,0.063947,0.029063
icga2020,666,0.250335,0.413485
icga2020,667,0.030760,0.087653
icga2020,668,0.329316,0.553832
icga2020,669,0.025486,0.963914
icga2020,670,1.875882,47.811872
icga2020,671,0.007772,0.021933
icga2020,672,0.474069,0.762409
icga2020,673,0.129470,1.114189
icga2020,674,0.641764,0.386116
icga2020,675,0.284162,3.616035
icga2020,676,0.431421,0.785931
icga2020,677,0.009050,0.028945
icga2020,678,0.013882,0.285777
icga2020,679,0.035169,0.445768
icga2020,680,0.068520,0.167041
icga2020,681,0.116105,0.134151
icga2020,682,0.117176,0.218215
icga2020,683,0.177097,2.693996
icga2020,684,0.342891,0.334061
icga2020,685,0.016576,0.088870
icga2020,686,1.292734,2.251932
icga2020,687,0.010081,0.022731
icga2020,688,3.266716,2.577515
icga2020,689,0.264235,0.589787
icga2020,690,0.062200,0.296366
icga2020,691,0.008548,0.041287
icga2020,692,0.035669,0.029528
icga2020,693,0.123257,0.097344
icga2020,694,0.018379,0.030784
icga2020,695,0.107938,0.230864
icga2020,696,0.013782,0.372045
icga2020,697,0.012959,0.038952
icga2020,698,0.067298,0.616361
icga2020,699,0.086790,0.094521
icga2020,700,0.019488,0.298980
icga2020,701,0.007220,0.024063
icga2020,702,0.047515,0.032227
icga2020,703,0.017022,0.095248
icga2020,704,0.022748,0.231735
icga2020,705,0.021422,0.026106
icga2020,706,0.067697,0.145244
icga2020,707,0.021376,0.031148
icga2020,708,0.012507,0.254316
icga2020,709,0.091219,0.064538
icga2020,710,0.008590,0.023991
icga2020,711,0.016353,0.027563
icga2020,712,0.011174,0.168709
icga2020,713,0.012802,0.038292
icga2020,714,0.014730,0.033701
icga2020,715,0.065379,0.032908
icga2020,716,0.138460,0.059922
icga2020,717,0.190155,0.176701
icga2020,718,0.107709,0.061998
icga2020,719,0.032061,0.126931
icga2020,720,0.251472,1.085036
icga2020,721,0.011016,0.030723
icga2020,722,1.938271,0.173994
icga2020,723,0.091446,0.023534
icga2020,724,0.029296,1.207754
icga2020,725,0.164467,4.052548
icga2020,726,0.013134,0.149153
icga2020,727,0.391238,36.128480
icga2020,728,0.134532,0.245023
icga2020,729,0.056301,0.188733
icga2020,730,0.024020,0.102627
icga2020,731,0.075622,0.028523
icga2020,732,0.075917,0.079212
icga2020,733,0.009214,0.388263
icga2020,734,0.271410,0.234076
icga2020,735,0.028424,0.140272
icga2020,736,0.111304,0.048755
icga2020,737,0.012002,14.368964
icga2020,738,0.007922,0.094792
icga2020,739,0.071708,1.296243
icga2020,740,0.057549,0.169041
icga2020,741,0.337749,0.457568
icga2020,742,0.087917,0.101221
icga2020,743,1.718727,37.398116
icga2020,744,0.027396,0.135231
icga2020,745,0.047148,1.124229
icga2020,746,0.010934,0.048122
icga2020,747,0.024287,0.026606
icga2020,748,0.017248,1.536903
icga2020,749,1.827168,16.600613
icga2020,750,0.024388,0.022072
icga2020,751,0.018757,0.072977
icga2020,752,0.017472,0.089768
icga2020,753,0.028100,0.079362
icga2020,754,0.096802,0.062766
icga2020,755,0.010150,0.025862
icga2020,756,0.008961,0.148822
icga2020,757,0.105626,0.105419
icga2020,758,0.062938,0.063557
icga2020,759,0.039174,0.583392
icga2020,760,0.007607,0.058404
icga2020,761,0.153163,0.745841
icga2020,762,0.054561,0.106618
icga2020,763,0.006930,0.027243
icga2020,764,0.096133,0.126236
icga2020,765,0.021915,0.046576
icga2020,766,0.060946,0.157390
icga2020,767,0.255317,2.038431
icga2020,768,0.016529,0.268617
icga2020,769,0.069835,0.303354
icga2020,770,0.010135,0.224059
icga2020,771,0.008916,0.031847
icga2020,772,0.126018,0.064947
icga2020,773,0.019993,0.027444
icga2020,774,0.432425,2.587491
icga2020,775,0.153666,0.584458
icga2020,776,0.026569,0.022381
icga2020,777,0.577573,0.749053
icga2020,778,0.050951,0.044776
icga2020,779,0.066291,0.033940
icga2020,780,0.020443,0.022746
icga2020,781,0.008130,0.025111
icga2020,782,0.008917,0.046298
icga2020,783,0.241123,1.000293
icga2020,784,0.010245,0.016827
icga2020,785,0.016405,0.069575
icga2020,786,0.048814,0.023184
icga2020,787,0.007736,0.023557
icga2020,788,0.007463,0.023627
icga2020,789,0.312597,0.175759
icga2020,790,0.008654,0.026976
icga2020,791,0.012197,2.525227
icga2020,792,0.021484,0.086271
icga2020,793,0.006114,0.026481
icga2020,794,0.012450,0.489093
icga2020,795,0.088459,0.073367
icga2020,796,0.062337,0.023175
icga2020,797,0.007668,0.024440
icga2020,798,0.009198,0.022539
icga2020,799,0.055722,0.330663
icga2020,800,0.086736,25.986542
icga2020,801,0.039648,0.021661
icga2020,802,0.013805,0.135112
icga2020,803,0.083903,0.028280
icga2020,804,0.009321,0.025772
icga2020,805,0.009077,0.024894
icga2020,806,0.015208,20.052950
icga2020,807,0.073481,0.036345
icga2020,808,0.008977,0.033715
icga2020,809,0.059517,0.122806
icga2020,810,0.032787,0.748589
icga2020,811,0.016778,0.047791
icga2020,812,0.079899,0.027039
icga2020,813,0.371898,0.575922
icga2020,814,0.058664,0.031591
icga2020,815,0.087673,0.074641
icga2020,816,0.057123,0.267405
icga2020,817,0.079593,18.010952
icga2020,818,0.279238,1.856821
icga2020,819,0.060540,0.220549
icga2020,820,0.500943,0.164376
icga2020,821,0.031407,0.022276
icga2020,822,0.006445,0.024382
icga2020,823,0.034176,0.022756
icga2020,824,0.083287,0.105287
icga2020,825,0.020732,0.039747
icga2020,826,0.007894,0.024112
icga2020,827,0.076727,0.147148
icga2020,828,0.086934,0.046087
icga2020,829,0.034958,0.022735
icga2020,830,0.086292,0.025760
icga2020,831,0.094656,0.100156
icga2020,832,0.092552,0.114528
icga2020,833,0.105352,0.085721
icga2020,834,0.010665,0.028082
icga2020,835,0.006725,0.021609
icga2020,836,0.108181,0.091675
icga2020,837,0.007301,0.101430
icga2020,838,0.009707,0.024522
icga2020,839,0.075442,0.034042
icga2020,840,0.008372,0.028922
icga2020,841,0.019636,0.034843
icga2020,842,0.035170,0.022625
icga2020,843,0.071210,0.035162
icga2020,844,0.032801,3.280859
icga2020,845,0.029963,0.030555
icga2020,846,0.020586,0.030649
icga2020,847,0.008063,0.022789
icga2020,848,0.095751,0.093541
icga2020,849,0.007737,0.029131
icga2020,850,0.015889,0.051466
icga2020,851,0.089578,0.027153
icga2020,852,0.008065,0.028388
icga2020,853,0.005427,0.026758
icga2020,854,0.005883,0.017980
icga2020,855,0.232294,0.644753
icga2020,856,0.023080,0.059724
icga2020,857,0.013224,0.224983
icga2020,858,0.036301,0.023156
icga2020,859,0.019311,0.021406
icga2020,860,0.008463,0.024562
icga2020,861,0.048089,0.041150
icga2020,862,0.139647,0.031643
icga2020,863,0.007133,0.022752
icga2020,864,0.050780,0.098574
icga2020,865,0.007167,0.053559
icga2020,866,0.008964,0.067261
icga2020,867,0.008658,0.023778
icga2020,868,0.017195,0.019038
icga2020,869,0.013610,0.033203
icga2020,870,0.009943,0.029751
icga2020,871,0.069999,0.025685
icga2020,872,0.011999,0.199411
icga2020,873,0.005700,0.085623
icga2020,874,0.037484,0.037138
icga2020,875,0.124829,0.243061
icga2020,876,0.015812,0.019887
icga2020,877,0.010304,0.118538
icga2020,878,5.464650,14.650058
icga2020,879,0.020007,0.105442
icga2020,880,0.014786,0.040333
icga2020,881,0.008423,0.028763
icga2020,882,0.010231,0.029696
icga2020,883,0.007099,0.022581
icga2020,884,0.042674,0.078742
icga2020,885,0.008464,0.018246
icga2020,886,0.007068,0.023446
icga2020,887,0.142838,0.453093
icga2020,888,0.015314,0.016503
icga2020,889,0.030162,0.112754
icga2020,890,0.048495,0.027109
icga2020,891,0.030303,0.030062
icga2020,892,0.059610,0.052450
icga2020,893,0.020808,0.046921
icga2020,894,0.023632,0.090323
icga2020,895,0.008275,0.024871
icga2020,896,0.110398,0.229845
icga2020,897,0.006368,0.022255
icga2020,898,0.030521,0.027387
icga2020,899,0.057553,0.029049
icga2020,900,0.054557,0.025443
icga2020,901,0.028800,0.096038
icga2020,902,0.010093,0.035631
icga2020,903,0.006100,0.020468
icga2020,904,0.010392,0.019870
icga2020,905,0.021955,0.036460
icga2020,906,0.062653,0.024882
icga2020,907,0.007607,0.028374
icga2020,908,0.161969,0.184025
icga2020,909,0.007652,0.074023
icga2020,910,0.133068,2.498519
icga2020,911,0.010197,0.027826
icga2020,912,0.013864,0.018942
icga2020,913,0.049096,0.028659
icga2020,914,0.008632,0.030980
icga2020,915,0.092540,0.022777
icga2020,916,0.029626,0.098768
icga2020,917,0.008378,0.037950
icga2020,918,0.124418,0.243667
icga2020,919,0.022260,0.021993
icga2020,920,0.011974,0.044653
icga2020,921,0.009012,0.029583
icga2020,922,0.009591,0.028961
icga2020,923,0.007384,0.024242
icga2020,924,0.106608,0.183461
icga2020,925,0.018850,0.059067
icga2020,926,0.022392,0.039507
icga2020,927,0.082900,0.029463
icga2020,928,0.019011,29.752401
icga2020,929,0.006689,0.015802
icga2020,930,0.075575,0.065320
icga2020,931,0.014034,0.102499
icga2020,932,0.007560,0.022113
icga2020,933,0.199580,0.148643
icga2020,934,0.010113,0.065033
icga2020,935,0.007004,0.025116
icga2020,936,0.029266,1038.906216
icga2020,937,0.067903,2.376550
icga2020,938,0.006416,0.027171
icga2020,939,0.007808,0.029722
icga2020,940,0.009063,0.027340
icga2020,941,0.059841,0.019804
icga2020,942,0.046314,0.219356
icga2020,943,0.038064,0.047544
icga2020,944,0.066295,0.832686
icga2020,945,0.008182,0.058482
icga2020,946,0.024163,0.053139
icga2020,947,0.009798,0.053056
icga2020,948,0.063998,0.031423
icga2020,949,0.008364,0.035683
icga2020,950,0.099935,0.233863
icga2020,951,0.021228,0.024929
icga2020,952,0.011950,0.022230
icga2020,953,0.040543,0.031828
icga2020,954,0.008363,0.019831
icga2020,955,0.047773,0.016399
icga2020,956,0.009116,0.028493
icga2020,957,0.013633,0.025005
icga2020,958,0.008170,0.017224
icga2020,959,0.010968,0.027321
icga2020,960,0.007147,0.023924
icga2020,961,0.019682,0.019980
icga2020,962,0.008806,0.030394
icga2020,963,0.057717,0.283363
icga2020,964,0.060884,0.021945
icga2020,965,0.227030,0.480493
icga2020,966,0.007905,0.027327
icga2020,967,0.013912,0.021827
icga2020,968,0.250815,2.586766
icga2020,969,0.007861,0.028096
icga2020,970,0.007094,0.029251
icga2020,971,0.010027,0.061890
icga2020,972,0.027963,0.022708
icga2020,973,0.006549,0.112001
icga2020,974,0.047265,0.022660
icga2020,975,0.007633,0.021206
icga2020,976,0.012285,0.037384
icga2020,977,0.009008,0.030616
icga2020,978,0.075267,0.022603
icga2020,979,0.008798,0.021093
icga2020,980,1.347819,48.814052
icga2020,981,0.007943,0.024955
icga2020,982,0.006226,0.031154
icga2020,983,0.007031,0.030725
icga2020,984,0.060425,0.071905
icga2020,985,0.099900,0.168882
icga2020,986,0.028819,0.063049
icga2020,987,0.009857,0.027523
icga2020,988,0.007200,0.032912
icga2020,989,0.006150,0.028866
icga2020,990,0.006653,0.032484
icga2020,991,0.038100,0.043191
icga2020,992,0.033637,1.886646
icga2020,993,0.230700,0.191871
icga2020,994,0.008808,0.023950
icga2020,995,0.121892,1.292583
icga2020,996,0.095597,0.045135
icga2020,997,0.006405,0.020908
icga2020,998,0.006460,0.025900
icga2020,999,0.008325,0.027449
icga2020,1000,0.011964,0.031751
icga2021,1,0.005596,0.001776
icga2021,2,0.004418,0.001001
icga2021,3,0.001806,0.001326
icga2021,4,0.001604,0.001380
icga2021,5,0.001277,0.000428
icga2021,6,0.001834,0.001545
icga2021,7,0.001901,0.001624
icga2021,8,0.001970,0.002750
icga2021,9,0.001736,0.001127
icga2021,10,0.001682,0.002188
icga2021,11,0.001577,0.001771
icga2021,12,0.001312,0.000431
icga2021,13,0.001731,0.003649
icga2021,14,0.001534,0.001670
icga2021,15,0.001426,0.001290
icga2021,16,0.001699,0.001063
icga2021,17,0.002134,0.002511
icga2021,18,0.001392,0.000494
icga2021,19,0.001266,0.000353
icga2021,20,0.002536,0.006183
icga2021,21,0.001806,0.000742
icga2021,22,0.001628,0.002481
icga2021,23,0.002058,0.002472
icga2021,24,0.001378,0.000707
icga2021,25,0.001561,0.001307
icga2021,26,0.001357,0.001040
icga2021,27,0.001303,0.002956
icga2021,28,0.001761,0.001919
icga2021,29,0.001477,0.001318
icga2021,30,0.001539,0.001048
icga2021,31,0.001685,0.002121
icga2021,32,0.001830,0.001855
icga2021,33,0.001670,0.001577
icga2021,34,0.001345,0.000425
icga2021,35,0.001551,0.001237
icga2021,36,0.001450,0.001115
icga2021,37,0.001820,0.002144
icga2021,38,0.001405,0.000724
icga2021,39,0.001692,0.002009
icga2021,40,0.002218,0.003495
icga2021,41,0.001751,0.001178
icga2021,42,0.001820,0.002760
icga2021,43,0.001691,0.003317
icga2021,44,0.002422,0.003101
icga2021,45,0.001496,0.000689
icga2021,46,0.002237,0.003321
icga2021,47,0.001570,0.000750
icga2021,48,0.001287,0.000364
icga2021,49,0.001662,0.001941
icga2021,50,0.001871,0.001431
icga2021,51,0.001820,0.002915
icga2021,52,0.002718,0.002673
icga2021,53,0.001577,0.002505
icga2021,54,0.002077,0.002812
icga2021,55,0.001531,0.000985
icga2021,56,0.001558,0.001749
icga2021,57,0.001985,0.003125
icga2021,58,0.001659,0.002606
icga2021,59,0.001452,0.000664
icga2021,60,0.001240,0.000272
icga2021,61,0.001421,0.000596
icga2021,62,0.002161,0.002506
icga2021,63,0.001567,0.001369
icga2021,64,0.001328,0.000582
icga2021,65,0.002533,0.004281
icga2021,66,0.001403,0.001053
icga2021,67,0.001436,0.000637
icga2021,68,0.002061,0.001962
icga2021,69,0.001843,0.001461
icga2021,70,0.002059,0.003384
icga2021,71,0.002668,0.003573
icga2021,72,0.002149,0.005073
icga2021,73,0.001448,0.001610
icga2021,74,0.002096,0.003247
icga2021,75,0.002011,0.002033
icga2021,76,0.002094,0.002348
icga2021,77,0.002043,0.003669
icga2021,78,0.001878,0.001421
icga2021,79,0.001524,0.002804
icga2021,80,0.001371,0.000514
icga2021,81,0.001427,0.001168
icga2021,82,0.001980,0.002406
icga2021,83,0.001576,0.001500
icga2021,84,0.001841,0.002095
icga2021,85,0.001910,0.002318
icga2021,86,0.002048,0.004074
icga2021,87,0.002010,0.002366
icga2021,88,0.002258,0.004855
icga2021,89,0.001983,0.001766
icga2021,90,0.001364,0.000612
icga2021,91,0.002428,0.003537
icga2021,92,0.003391,0.005615
icga2021,93,0.003570,0.004397
icga2021,94,0.001581,0.001529
icga2021,95,0.001452,0.002113
icga2021,96,0.002601,0.005473
icga2021,97,0.002152,0.004844
icga2021,98,0.001528,0.001584
icga2021,99,0.001621,0.001703
icga2021,100,0.003814,0.008090
icga2021,101,0.001738,0.001384
icga2021,102,0.004179,0.010145
icga2021,103,0.001586,0.001582
icga2021,104,0.001644,0.003145
icga2021,105,0.004057,0.008980
icga2021,106,0.002072,0.002846
icga2021,107,0.002709,0.004850
icga2021,108,0.002337,0.003254
icga2021,109,0.002060,0.001343
icga2021,110,0.002616,0.003608
icga2021,111,0.002105,0.001731
icga2021,112,0.001554,0.001549
icga2021,113,0.001964,0.001815
icga2021,114,0.002288,0.002664
icga2021,115,0.002839,0.003270
icga2021,116,0.001874,0.002925
icga2021,117,0.002348,0.001824
icga2021,118,0.002289,0.002221
icga2021,119,0.001535,0.001245
icga2021,120,0.001822,0.005576
icga2021,121,0.001623,0.001257
icga2021,122,0.001828,0.001945
icga2021,123,0.002588,0.005015
icga2021,124,0.002063,0.002096
icga2021,125,0.002521,0.002517
icga2021,126,0.001610,0.002339
icga2021,127,0.001498,0.000997
icga2021,128,0.001717,0.001292
icga2021,129,0.001853,0.002837
icga2021,130,0.002078,0.004164
icga2021,131,0.002967,0.003845
icga2021,132,0.001567,0.004208
icga2021,133,0.001632,0.001302
icga2021,134,0.001827,0.002026
icga2021,135,0.002408,0.002935
icga2021,136,0.001987,0.002354
icga2021,137,0.001732,0.002063
icga2021,138,0.001799,0.002170
icga2021,139,0.003828,0.007140
icga2021,140,0.001522,0.000887
icga2021,141,0.001285,0.000997
icga2021,142,0.002552,0.005024
icga2021,143,0.002407,0.006707
icga2021,144,0.002192,0.003083
icga2021,145,0.004175,0.007335
icga2021,146,0.003535,0.005543
icga2021,147,0.002820,0.007983
icga2021,148,0.001550,0.001215
icga2021,149,0.002324,0.005984
icga2021,150,0.002228,0.003426
icga2021,151,0.003632,0.006673
icga2021,152,0.004955,0.013360
icga2021,153,0.003639,0.010072
icga2021,154,0.002980,0.006284
icga2021,155,0.004121,0.011212
icga2021,156,0.002044,0.002006
icga2021,157,0.002125,0.004619
icga2021,158,0.002740,0.006076
icga2021,159,0.004070,0.006568
icga2021,160,0.002580,0.004584
icga2021,161,0.001877,0.004692
icga2021,162,0.003490,0.004802
icga2021,163,0.003278,0.008496
icga2021,164,0.001457,0.002040
icga2021,165,0.002798,0.005138
icga2021,166,0.002154,0.003287
icga2021,167,0.002004,0.002253
icga2021,168,0.003640,0.007134
icga2021,169,0.001953,0.001776
icga2021,170,0.003418,0.007739
icga2021,171,0.003481,0.008862
icga2021,172,0.003153,0.006158
icga2021,173,0.002137,0.004250
icga2021,174,0.003492,0.007875
icga2021,175,0.002054,0.003703
icga2021,176,0.002922,0.006135
icga2021,177,0.002090,0.004338
icga2021,178,0.002478,0.005181
icga2021,179,0.003713,0.009263
icga2021,180,0.003127,0.008358
icga2021,181,0.002052,0.004563
icga2021,182,0.002625,0.005383
icga2021,183,0.002765,0.005262
icga2021,184,0.002425,0.006547
icga2021,185,0.001884,0.002780
icga2021,186,0.002794,0.003577
icga2021,187,0.002222,0.005052
icga2021,188,0.004251,0.009218
icga2021,189,0.002838,0.005277
icga2021,190,0.001800,0.001992
icga2021,191,0.002304,0.006812
icga2021,192,0.002977,0.006071
icga2021,193,0.002101,0.005132
icga2021,194,0.002198,0.002961
icga2021,195,0.003593,0.011316
icga2021,196,0.001784,0.002351
icga2021,197,0.002734,0.006869
icga2021,198,0.003003,0.009160
icga2021,199,0.002884,0.005292
icga2021,200,0.003741,0.009693
icga2021,201,0.002495,0.004472
icga2021,202,0.003971,0.009206
icga2021,203,0.016824,0.051532
icga2021,204,0.002325,0.005087
icga2021,205,0.002210,0.004497
icga2021,206,0.002193,0.004210
icga2021,207,0.003684,0.008267
icga2021,208,0.002201,0.004478
icga2021,209,0.003558,0.010790
icga2021,210,0.003554,0.009650
icga2021,211,0.003662,0.009236
icga2021,212,0.002743,0.004573
icga2021,213,0.005019,0.014241
icga2021,214,0.002693,0.004027
icga2021,215,0.007328,0.022449
icga2021,216,0.008659,0.038183
icga2021,217,0.002651,0.002969
icga2021,218,0.001754,0.002544
icga2021,219,0.002795,0.005867
icga2021,220,0.004497,0.016610
icga2021,221,0.002114,0.006029
icga2021,222,0.002387,0.002541
icga2021,223,0.001623,0.004816
icga2021,224,0.004478,0.006638
icga2021,225,0.002378,0.006876
icga2021,226,0.004635,0.016054
icga2021,227,0.007396,0.013957
icga2021,228,0.004083,0.007483
icga2021,229,0.006567,0.018115
icga2021,230,0.005191,0.012192
icga2021,231,0.004327,0.010102
icga2021,232,0.003171,0.005524
icga2021,233,0.005568,0.011146
icga2021,234,0.003163,0.006974
icga2021,235,0.003669,0.007876
icga2021,236,0.002100,0.002321
icga2021,237,0.003611,0.008608
icga2021,238,0.002330,0.002701
icga2021,239,0.002493,0.004581
icga2021,240,0.002660,0.004541
icga2021,241,0.002232,0.002377
icga2021,242,0.006854,0.013888
icga2021,243,0.003369,0.007534
icga2021,244,0.001758,0.002318
icga2021,245,0.009779,0.031557
icga2021,246,0.005756,0.010125
icga2021,247,0.004909,0.009781
icga2021,248,0.005275,0.027420
icga2021,249,0.006327,0.019959
icga2021,250,0.002453,0.005045
icga2021,251,0.002782,0.004528
icga2021,252,0.004777,0.011745
icga2021,253,0.006581,0.056557
icga2021,254,0.002726,0.006498
icga2021,255,0.002613,0.002546
icga2021,256,0.005277,0.011606
icga2021,257,0.002994,0.006224
icga2021,258,0.002959,0.006321
icga2021,259,0.005727,0.006870
icga2021,260,0.001552,0.002360
icga2021,261,0.004154,0.010434
icga2021,262,0.014585,0.062000
icga2021,263,0.008269,0.014613
icga2021,264,0.016563,0.095028
icga2021,265,0.003652,0.007970
icga2021,266,0.003638,0.008561
icga2021,267,0.004456,0.013351
icga2021,268,0.002235,0.003349
icga2021,269,0.004244,0.009252
icga2021,270,0.002328,0.004369
icga2021,271,0.006878,0.014581
icga2021,272,0.002554,0.006105
icga2021,273,0.002890,0.005754
icga2021,274,0.002253,0.005459
icga2021,275,0.004858,0.013371
icga2021,276,0.007960,0.015807
icga2021,277,0.002286,0.003025
icga2021,278,0.009040,0.016889
icga2021,279,0.002382,0.004516
icga2021,280,0.003453,0.011484
icga2021,281,0.005979,0.013748
icga2021,282,0.005317,0.012951
icga2021,283,0.003814,0.007031
icga2021,284,0.002371,0.002135
icga2021,285,0.004810,0.005971
icga2021,286,0.005947,0.014543
icga2021,287,0.011309,0.032232
icga2021,288,0.004226,0.009856
icga2021,289,0.008193,0.020773
icga2021,290,0.007335,0.013579
icga2021,291,0.003164,0.008823
icga2021,292,0.003858,0.010101
icga2021,293,0.003629,0.008119
icga2021,294,0.005663,0.011525
icga2021,295,0.002079,0.004397
icga2021,296,0.007436,0.017104
icga2021,297,0.015534,0.023850
icga2021,298,0.006229,0.011846
icga2021,299,0.002503,0.004205
icga2021,300,0.006273,0.021701
icga2021,301,0.009365,0.030489
icga2021,302,0.003678,0.009234
icga2021,303,0.013282,0.024909
icga2021,304,0.003453,0.004904
icga2021,305,0.006414,0.012974
icga2021,306,0.002470,0.005667
icga2021,307,0.005195,0.010597
icga2021,308,0.009122,0.022016
icga2021,309,0.009575,0.031739
icga2021,310,0.004487,0.009285
icga2021,311,0.010266,0.014297
icga2021,312,0.008463,0.020271
icga2021,313,0.047123,0.038032
icga2021,314,0.036017,0.051093
icga2021,315,0.004597,0.008336
icga2021,316,0.002436,0.002132
icga2021,317,0.020190,0.040541
icga2021,318,0.031038,0.069167
icga2021,319,0.004079,0.004889
icga2021,320,0.002476,0.005781
icga2021,321,0.002390,0.003252
icga2021,322,0.009355,0.013415
icga2021,323,0.007982,0.022583
icga2021,324,0.007960,0.016479
icga2021,325,0.008238,0.083895
icga2021,326,0.020238,0.036469
icga2021,327,0.010407,0.016753
icga2021,328,0.007072,0.016487
icga2021,329,0.012378,0.017980
icga2021,330,0.025857,0.019375
icga2021,331,0.006183,0.014721
icga2021,332,0.003425,0.006992
icga2021,333,0.009344,0.023267
icga2021,334,0.011285,0.019843
icga2021,335,0.005668,0.017004
icga2021,336,0.007527,0.019296
icga2021,337,0.003399,0.009322
icga2021,338,0.007613,0.015361
icga2021,339,0.005178,0.011367
icga2021,340,0.004602,0.014534
icga2021,341,0.003913,0.010113
icga2021,342,0.004899,0.019453
icga2021,343,0.002935,0.007795
icga2021,344,0.005413,0.012055
icga2021,345,0.007330,0.019433
icga2021,346,0.003003,0.004879
icga2021,347,0.003965,0.020037
icga2021,348,0.009758,0.140112
icga2021,349,0.006652,0.016388
icga2021,350,0.009345,0.164356
icga2021,351,0.026092,0.059877
icga2021,352,0.004121,0.008891
icga2021,353,0.017297,0.028630
icga2021,354,0.007106,0.016545
icga2021,355,0.011213,0.021897
icga2021,356,0.513007,0.023190
icga2021,357,0.003752,0.006886
icga2021,358,0.003152,0.005421
icga2021,359,0.002557,0.003884
icga2021,360,0.064792,0.056206
icga2021,361,0.004204,0.008588
icga2021,362,0.345405,0.311890
icga2021,363,0.008656,0.022229
icga2021,364,0.008683,0.202407
icga2021,365,0.011522,0.031576
icga2021,366,0.047092,0.041299
icga2021,367,0.018972,0.045789
icga2021,368,0.008375,0.044836
icga2021,369,0.007076,0.012158
icga2021,370,0.009985,0.032533
icga2021,371,0.055168,0.031754
icga2021,372,0.023133,0.328992
icga2021,373,0.032697,0.079789
icga2021,374,0.008866,0.568145
icga2021,375,0.005670,0.030426
icga2021,376,0.008642,0.041624
icga2021,377,0.011220,0.043285
icga2021,378,0.315738,1.471079
icga2021,379,0.012445,0.040919
icga2021,380,0.062980,0.027264
icga2021,381,0.037962,0.133856
icga2021,382,0.329261,0.576651
icga2021,383,0.003576,0.005937
icga2021,384,0.007075,0.016784
icga2021,385,0.004818,0.013968
icga2021,386,0.036354,0.048436
icga2021,387,0.022131,0.356204
icga2021,388,0.364291,0.053947
icga2021,389,0.007898,0.028920
icga2021,390,0.005937,0.013190
icga2021,391,0.021699,0.013244
icga2021,392,0.005707,0.010955
icga2021,393,0.016787,0.025380
icga2021,394,0.042405,0.310405
icga2021,395,0.066385,0.058529
icga2021,396,0.017712,0.045179
icga2021,397,0.019804,0.062936
icga2021,398,0.213662,0.704483
icga2021,399,0.006128,0.021413
icga2021,400,0.012595,0.062529
icga2021,401,0.061308,0.068535
icga2021,402,0.005180,0.013730
icga2021,403,0.007646,0.131810
icga2021,404,0.018795,0.028647
icga2021,405,0.007140,0.016558
icga2021,406,0.010811,0.282558
icga2021,407,0.018988,0.061019
icga2021,408,0.007637,0.016911
icga2021,409,0.102575,0.230088
icga2021,410,0.038996,0.431149
icga2021,411,0.011422,0.038960
icga2021,412,0.023951,0.016192
icga2021,413,0.014937,0.060748
icga2021,414,0.018870,0.015012
icga2021,415,0.010370,0.018780
icga2021,416,0.004821,0.016614
icga2021,417,0.009987,0.049276
icga2021,418,0.049618,0.164097
icga2021,419,0.015488,0.015977
icga2021,420,0.026988,0.252392
icga2021,421,0.116291,0.171336
icga2021,422,0.010327,0.016623
icga2021,423,0.008930,0.070407
icga2021,424,0.019904,0.065999
icga2021,425,0.118749,0.062445
icga2021,426,0.321048,1.328910
icga2021,427,0.005066,0.009791
icga2021,428,0.011203,0.014428
icga2021,429,0.007753,0.016837
icga2021,430,0.006618,0.024638
icga2021,431,0.008014,0.021554
icga2021,432,0.007824,0.017414
icga2021,433,0.142423,0.296562
icga2021,434,0.064917,0.064576
icga2021,435,0.007240,0.091262
icga2021,436,0.008941,0.015257
icga2021,437,0.007423,0.038135
icga2021,438,0.006229,0.020009
icga2021,439,0.009882,0.143861
icga2021,440,0.006663,0.011151
icga2021,441,0.020939,0.035119
icga2021,442,0.061887,0.037537
icga2021,443,0.761974,1.894782
icga2021,444,0.012181,0.017877
icga2021,445,0.615807,0.485561
icga2021,446,0.093411,0.110652
icga2021,447,0.138947,0.162473
icga2021,448,1.371445,0.891369
icga2021,449,0.213002,0.312080
icga2021,450,0.047337,0.094172
icga2021,451,0.006604,0.009430
icga2021,452,0.044046,0.132188
icga2021,453,0.021826,0.045683
icga2021,454,0.012777,0.120999
icga2021,455,0.033309,0.104570
icga2021,456,0.014202,0.061029
icga2021,457,0.012487,0.034283
icga2021,458,0.131718,0.048351
icga2021,459,0.058721,0.182244
icga2021,460,0.126866,0.060893
icga2021,461,0.036678,0.077904
icga2021,462,0.026781,0.032110
icga2021,463,0.024726,0.140875
icga2021,464,0.049217,0.068101
icga2021,465,0.053931,0.136328
icga2021,466,0.033580,0.047028
icga2021,467,0.014075,0.040055
icga2021,468,0.027358,0.014795
icga2021,469,0.008899,0.042687
icga2021,470,0.006227,0.013959
icga2021,471,0.013572,0.217064
icga2021,472,0.006441,0.068688
icga2021,473,0.118352,0.094711
icga2021,474,0.026746,0.021380
icga2021,475,2.064881,8.551983
icga2021,476,0.038843,0.080048
icga2021,477,0.053176,0.036354
icga2021,478,0.010843,0.022768
icga2021,479,0.021508,0.184394
icga2021,480,0.012265,0.030662
icga2021,481,0.008367,0.120504
icga2021,482,0.030308,0.023056
icga2021,483,1.499285,3.061093
icga2021,484,1.394157,0.663825
icga2021,485,0.019324,0.014479
icga2021,486,0.007439,0.016426
icga2021,487,0.583191,7.342399
icga2021,488,0.023139,0.046942
icga2021,489,5.401296,6.948468
icga2021,490,0.066851,0.149916
icga2021,491,0.010280,0.023438
icga2021,492,1.672471,0.138747
icga2021,493,1.883218,2.696847
icga2021,494,0.020247,1.288656
icga2021,495,0.579856,1.046267
icga2021,496,0.013947,0.056717
icga2021,497,0.501504,0.925431
icga2021,498,0.014755,0.023894
icga2021,499,0.122955,0.290300
icga2021,500,0.005619,0.013096
icga2021,501,0.020734,0.021673
icga2021,502,0.009848,0.041428
icga2021,503,0.267917,4.348961
icga2021,504,0.073044,0.025529
icga2021,505,2.598832,1.775642
icga2021,506,0.016333,0.137691
icga2021,507,0.020712,0.193614
icga2021,508,1.348750,0.601018
icga2021,509,0.010284,0.014779
icga2021,510,0.092739,0.098018
icga2021,511,0.025728,0.091488
icga2021,512,0.015298,0.017601
icga2021,513,0.041256,0.145786
icga2021,514,0.008790,0.025723
icga2021,515,0.009293,0.020086
icga2021,516,0.028001,0.175084
icga2021,517,3.723692,9.675023
icga2021,518,0.033455,0.051540
icga2021,519,0.011158,0.018574
icga2021,520,0.032182,0.442635
icga2021,521,0.039438,0.033393
icga2021,522,0.023758,0.058531
icga2021,523,1.345429,6.988198
icga2021,524,0.063693,0.025321
icga2021,525,0.300381,0.691597
icga2021,526,0.047050,0.139771
icga2021,527,0.056361,0.027940
icga2021,528,0.069707,0.037419
icga2021,529,0.011128,0.061693
icga2021,530,0.016450,0.205461
icga2021,531,0.036197,0.060643
icga2021,532,0.012719,0.028201
icga2021,533,0.028549,0.033870
icga2021,534,0.047904,1.284075
icga2021,535,0.011491,0.032481
icga2021,536,0.602929,2.455173
icga2021,537,0.011421,0.031253
icga2021,538,0.032021,0.031619
icga2021,539,0.011500,0.056844
icga2021,540,0.067122,0.245275
icga2021,541,0.006678,0.043529
icga2021,542,0.005322,0.015958
icga2021,543,0.187767,0.239460
icga2021,544,0.014412,0.034276
icga2021,545,0.348204,0.385249
icga2021,546,0.027148,0.031949
icga2021,547,1.755981,3.770765
icga2021,548,0.065525,1.488994
icga2021,549,0.014100,0.099309
icga2021,550,4.591421,37.346198
icga2021,551,0.489572,0.910258
icga2021,552,1.061699,0.615877
icga2021,553,1.224029,2.356514
icga2021,554,0.550046,0.928711
icga2021,555,0.008305,0.056309
icga2021,556,0.114399,0.074670
icga2021,557,0.008030,0.037178
icga2021,558,0.040475,0.051119
icga2021,559,0.031008,0.665417
icga2021,560,0.013196,0.019348
icga2021,561,0.111917,0.020492
icga2021,562,0.097914,0.021890
icga2021,563,0.016453,0.738234
icga2021,564,0.130019,0.158224
icga2021,565,0.009254,0.027827
icga2021,566,0.007839,0.018844
icga2021,567,0.012262,0.028715
icga2021,568,0.016688,0.018469
icga2021,569,0.059548,0.363897
icga2021,570,0.005257,0.014731
icga2021,571,0.015750,0.068355
icga2021,572,0.220871,0.830721
icga2021,573,0.315534,16.227220
icga2021,574,0.023197,0.028223
icga2021,575,0.005684,0.025321
icga2021,576,0.016534,2.654596
icga2021,577,0.069990,0.026325
icga2021,578,0.012425,0.031117
icga2021,579,0.100874,1.143010
icga2021,580,0.342953,0.403699
icga2021,581,1.228363,3.519415
icga2021,582,0.040651,0.033205
icga2021,583,0.024643,0.084827
icga2021,584,0.008871,0.023353
icga2021,585,0.353723,1.841278
icga2021,586,1.148785,0.301150
icga2021,587,0.129840,0.215363
icga2021,588,0.015021,0.046032
icga2021,589,0.046178,0.065770
icga2021,590,0.074683,0.032984
icga2021,591,0.138293,0.124467
icga2021,592,2.152039,200.278320
icga2021,593,0.357510,0.301113
icga2021,594,0.013405,0.194009
icga2021,595,0.039630,0.419482
icga2021,596,0.037049,0.138831
icga2021,597,0.015780,0.044030
icga2021,598,0.051341,0.246347
icga2021,599,0.015787,0.039905
icga2021,600,0.041208,0.085437
icga2021,601,0.082038,0.051204
icga2021,602,0.012351,0.021020
icga2021,603,0.030944,0.047505
icga2021,604,0.031469,0.031623
icga2021,605,0.008758,0.024788
icga2021,606,0.007760,0.028930
icga2021,607,0.071288,0.031781
icga2021,608,0.067695,0.127196
icga2021,609,0.020907,0.074639
icga2021,610,0.039096,0.030751
icga2021,611,0.393105,1.825768
icga2021,612,0.351425,0.241185
icga2021,613,0.010660,0.012459
icga2021,614,2.817147,3.210721
icga2021,615,0.293187,1.665839
icga2021,616,0.141704,0.169456
icga2021,617,1.243572,1.206121
icga2021,618,0.132556,0.167033
icga2021,619,0.017069,0.061434
icga2021,620,0.542645,1.400913
icga2021,621,0.025793,2.742122
icga2021,622,0.047615,0.419430
icga2021,623,0.191490,1.262438
icga2021,624,0.010529,0.017670
icga2021,625,0.037320,0.016588
icga2021,626,0.017843,0.072763
icga2021,627,0.035888,0.037291
icga2021,628,0.228762,0.452995
icga2021,629,1.125288,1.886506
icga2021,630,0.013492,0.107552
icga2021,631,0.601311,2.595870
icga2021,632,0.144586,0.296803
icga2021,633,0.008946,0.157935
icga2021,634,3.108810,29.830362
icga2021,635,0.380370,2.749760
icga2021,636,0.047000,0.555901
icga2021,637,0.120920,0.138458
icga2021,638,0.032697,0.724743
icga2021,639,0.012415,0.023664
icga2021,640,0.056558,0.097848
icga2021,641,0.073282,0.263246
icga2021,642,0.077130,0.095220
icga2021,643,0.236962,0.184513
icga2021,644,0.087228,0.070794
icga2021,645,1.210168,1.649015
icga2021,646,0.230246,2.974499
icga2021,647,0.131085,0.124290
icga2021,648,0.014906,0.073683
icga2021,649,0.042948,0.052184
icga2021,650,1.822130,1.419511
icga2021,651,0.028619,0.110880
icga2021,652,3.213513,0.348454
icga2021,653,0.009946,0.050548
icga2021,654,0.069280,0.560918
icga2021,655,0.192262,0.349442
icga2021,656,0.026619,0.024502
icga2021,657,4.013376,12.906419
icga2021,658,0.037207,0.056931
icga2021,659,0.043251,0.045578
icga2021,660,0.078988,0.041012
icga2021,661,0.436740,0.264591
icga2021,662,0.017304,0.021978
icga2021,663,1.951011,1.803994
icga2021,664,0.132596,0.213370
icga2021,665,0.033202,0.235980
icga2021,666,0.006921,0.015422
icga2021,667,0.030946,0.612679
icga2021,668,0.015922,0.018020
icga2021,669,6.341790,7.171763
icga2021,670,0.031124,1.962125
icga2021,671,0.008714,0.013917
icga2021,672,1.910203,3.828380
icga2021,673,0.709369,1.471540
icga2021,674,0.064520,0.187623
icga2021,675,0.018566,0.029101
icga2021,676,0.017423,1.246266
icga2021,677,0.424234,0.308706
icga2021,678,0.230281,0.118794
icga2021,679,0.123221,5.892703
icga2021,680,0.017354,0.039141
icga2021,681,0.009628,0.037071
icga2021,682,2.911603,2.406685
icga2021,683,1.886611,0.339495
icga2021,684,0.327005,5.856309
icga2021,685,0.729996,61.718722
icga2021,686,0.024045,0.023531
icga2021,687,0.018584,0.041051
icga2021,688,0.101688,0.118768
icga2021,689,0.114879,0.053274
icga2021,690,1.213165,3.264772
icga2021,691,0.017396,0.031873
icga2021,692,0.072563,0.044685
icga2021,693,0.019270,0.045288
icga2021,694,0.019475,0.022265
icga2021,695,0.193736,1.062952
icga2021,696,0.116353,0.154697
icga2021,697,0.092773,0.059014
icga2021,698,0.308356,0.535664
icga2021,699,0.035716,0.029874
icga2021,700,0.172198,2.813905
icga2021,701,0.023922,0.114097
icga2021,702,0.006738,0.227474
icga2021,703,0.017645,0.075342
icga2021,704,0.009293,0.038341
icga2021,705,0.126153,0.110529
icga2021,706,0.028613,11.210519
icga2021,707,0.039780,2.462285
icga2021,708,0.020553,5.868417
icga2021,709,0.033015,0.044142
icga2021,710,0.049815,0.081362
icga2021,711,1.618446,0.237837
icga2021,712,1.026620,0.027289
icga2021,713,0.171271,2.327610
icga2021,714,0.035206,0.024839
icga2021,715,1.467597,11.802013
icga2021,716,0.073740,0.078553
icga2021,717,0.174704,0.119136
icga2021,718,0.099223,0.059185
icga2021,719,0.027696,0.183960
icga2021,720,0.205876,0.617053
icga2021,721,0.079573,0.039866
icga2021,722,0.010579,0.169962
icga2021,723,0.038834,0.028322
icga2021,724,4.123747,5.140029
icga2021,725,1.390055,6.558093
icga2021,726,0.025279,0.631733
icga2021,727,0.015308,0.039974
icga2021,728,0.008684,0.032738
icga2021,729,0.090803,0.513549
icga2021,730,0.019045,0.042845
icga2021,731,0.111730,0.033551
icga2021,732,0.043388,19.408807
icga2021,733,0.433423,2.219143
icga2021,734,0.007232,0.028230
icga2021,735,0.008145,0.023210
icga2021,736,0.172604,1.638709
icga2021,737,0.011972,0.077462
icga2021,738,0.075490,0.021940
icga2021,739,0.013487,0.508880
icga2021,740,0.048359,1.215961
icga2021,741,0.068144,0.041211
icga2021,742,0.474127,3.235806
icga2021,743,0.101516,0.031089
icga2021,744,0.010544,0.022972
icga2021,745,0.095101,0.064880
icga2021,746,0.025596,0.481162
icga2021,747,0.005515,0.026239
icga2021,748,0.068211,0.056340
icga2021,749,0.048414,0.091706
icga2021,750,0.037073,0.024085
icga2021,751,0.085622,0.237164
icga2021,752,0.009971,0.025473
icga2021,753,0.131854,0.096202
icga2021,754,0.134817,0.207503
icga2021,755,0.023161,0.137210
icga2021,756,0.004146,0.035814
icga2021,757,0.329802,16.149561
icga2021,758,0.259279,0.025652
icga2021,759,0.008773,0.086242
icga2021,760,0.007763,0.252997
icga2021,761,2.427418,1.006517
icga2021,762,0.011763,0.027926
icga2021,763,0.007885,0.046976
icga2021,764,0.009348,0.027547
icga2021,765,0.013685,0.237300
icga2021,766,2.622387,2.312131
icga2021,767,0.091147,0.084923
icga2021,768,0.039638,0.044066
icga2021,769,0.081974,0.023627
icga2021,770,0.013352,0.029665
icga2021,771,0.023459,0.020917
icga2021,772,0.025569,0.069293
icga2021,773,0.108925,0.036749
icga2021,774,0.073469,0.085505
icga2021,775,0.020825,0.066608
icga2021,776,0.005209,0.024001
icga2021,777,0.018643,1.561025
icga2021,778,0.018855,0.092083
icga2021,779,0.039695,0.056819
icga2021,780,0.021452,0.019678
icga2021,781,0.101374,0.047797
icga2021,782,0.242312,0.300280
icga2021,783,0.008514,0.026614
icga2021,784,0.113761,0.182208
icga2021,785,0.009639,0.745704
icga2021,786,0.020145,0.041186
icga2021,787,0.428244,2.420675
icga2021,788,1.586361,5.728068
icga2021,789,0.070354,0.024685
icga2021,790,0.009487,0.032917
icga2021,791,0.020879,0.046746
icga2021,792,0.067354,0.070418
icga2021,793,0.105627,0.063326
icga2021,794,0.222861,1.415604
icga2021,795,0.007224,0.065225
icga2021,796,0.007634,0.022434
icga2021,797,0.006659,0.054582
icga2021,798,0.193883,0.709966
icga2021,799,0.007853,0.027042
icga2021,800,0.009186,0.022487
icga2021,801,0.058661,0.051761
icga2021,802,0.010183,0.022575
icga2021,803,0.023848,0.043092
icga2021,804,0.007992,0.011497
icga2021,805,0.104095,0.147939
icga2021,806,0.006317,0.024413
icga2021,807,0.086931,0.080201
icga2021,808,0.006831,0.024687
icga2021,809,0.168222,0.754571
icga2021,810,0.055718,0.052120
icga2021,811,0.102367,0.033716
icga2021,812,0.008840,0.048987
icga2021,813,0.008848,0.045045
icga2021,814,0.078503,0.073745
icga2021,815,0.078020,0.753561
icga2021,816,0.296726,0.027987
icga2021,817,0.061444,0.442922
icga2021,818,0.009980,0.028297
icga2021,819,0.072220,0.142036
icga2021,820,0.012715,39.378453
icga2021,821,0.165798,14.649070
icga2021,822,0.008813,0.091171
icga2021,823,0.035408,0.020051
icga2021,824,0.008798,0.017165
icga2021,825,0.015029,0.335110
icga2021,826,0.416000,15.790536
icga2021,827,0.128122,0.321486
icga2021,828,0.047732,0.112233
icga2021,829,0.009305,0.037220
icga2021,830,0.124851,1.424859
icga2021,831,0.088354,0.046178
icga2021,832,0.140070,0.127530
icga2021,833,0.624749,0.864604
icga2021,834,0.091730,0.090526
icga2021,835,0.066223,0.030048
icga2021,836,0.010581,0.041600
icga2021,837,0.010034,1.020571
icga2021,838,0.015185,0.146244
icga2021,839,0.039580,0.075759
icga2021,840,0.066948,0.024850
icga2021,841,0.096869,0.097914
icga2021,842,0.090375,0.116169
icga2021,843,0.072608,0.516482
icga2021,844,0.015326,0.176276
icga2021,845,0.124848,0.176732
icga2021,846,0.078956,0.037887
icga2021,847,0.006815,0.020654
icga2021,848,0.019379,0.026978
icga2021,849,0.023865,0.029808
icga2021,850,0.011354,0.039748
icga2021,851,0.010555,0.022223
icga2021,852,0.027069,1.016581
icga2021,853,0.007039,0.020610
icga2021,854,0.006570,0.022996
icga2021,855,0.009597,0.161043
icga2021,856,0.008767,0.029139
icga2021,857,0.013058,0.026943
icga2021,858,0.005635,0.026360
icga2021,859,0.605823,20.342041
icga2021,860,0.095957,0.219167
icga2021,861,0.057897,0.027482
icga2021,862,0.025865,0.025722
icga2021,863,0.007951,0.027768
icga2021,864,0.021742,0.045369
icga2021,865,0.021422,0.223740
icga2021,866,0.009024,0.045477
icga2021,867,0.006878,0.025180
icga2021,868,0.005876,0.024114
icga2021,869,0.060148,0.025185
icga2021,870,0.011584,0.034156
icga2021,871,0.069346,0.024624
icga2021,872,0.021318,0.030554
icga2021,873,0.012685,0.854868
icga2021,874,0.008028,0.025695
icga2021,875,0.007243,0.026911
icga2021,876,0.013575,0.017400
icga2021,877,0.006687,0.086021
icga2021,878,0.008426,0.152686
icga2021,879,0.015654,0.397899
icga2021,880,0.089878,0.036478
icga2021,881,0.084991,0.077848
icga2021,882,0.011195,0.146332
icga2021,883,0.010154,0.025175
icga2021,884,0.007929,0.051298
icga2021,885,0.070329,0.042293
icga2021,886,0.280762,0.725836
icga2021,887,0.061890,0.574832
icga2021,888,0.007951,0.022680
icga2021,889,0.006987,0.025215
icga2021,890,0.008269,0.025471
icga2021,891,0.011804,0.018851
icga2021,892,0.006184,0.022865
icga2021,893,0.028910,0.357704
icga2021,894,0.015465,0.025326
icga2021,895,0.164097,5.648741
icga2021,896,0.014779,0.359258
icga2021,897,0.009856,0.733202
icga2021,898,0.074949,0.054068
icga2021,899,0.007052,0.022556
icga2021,900,0.041583,0.015397
icga2021,901,0.015156,0.041146
icga2021,902,0.019683,0.114162
icga2021,903,0.012722,0.171363
icga2021,904,0.009154,0.378917
icga2021,905,0.020949,0.026099
icga2021,906,0.151359,363.919071
icga2021,907,0.009417,0.026440
icga2021,908,0.010968,0.040634
icga2021,909,0.053905,0.047037
icga2021,910,0.014562,0.016888
icga2021,911,0.202887,4.863734
icga2021,912,0.008977,0.032371
icga2021,913,0.035070,0.024496
icga2021,914,0.034451,2.139753
icga2021,915,0.007583,0.030281
icga2021,916,0.011057,0.067266
icga2021,917,0.010736,0.019845
icga2021,918,0.101335,0.576371
icga2021,919,0.008289,0.028410
icga2021,920,0.009823,0.025661
icga2021,921,0.011733,0.156961
icga2021,922,0.017364,0.046612
icga2021,923,0.040665,0.047382
icga2021,924,0.008317,0.024508
icga2021,925,0.024781,0.067946
icga2021,926,0.060678,0.030422
icga2021,927,0.015648,0.048415
icga2021,928,0.011370,0.021038
icga2021,929,0.011162,1.497807
icga2021,930,0.006024,0.180173
icga2021,931,0.010688,2.676640
icga2021,932,0.007838,0.035544
icga2021,933,0.011014,0.036320
icga2021,934,0.075700,1.845049
icga2021,935,0.012780,0.033393
icga2021,936,0.011562,0.020872
icga2021,937,0.017620,0.023609
icga2021,938,0.017109,0.021522
icga2021,939,0.083880,0.030128
icga2021,940,0.250939,105.318041
icga2021,941,0.021339,0.024488
icga2021,942,0.008363,0.305192
icga2021,943,0.007400,0.031735
icga2021,944,0.023899,0.026190
icga2021,945,0.083993,0.067550
icga2021,946,0.012341,0.021453
icga2021,947,0.035748,0.104734
icga2021,948,0.035349,0.025334
icga2021,949,0.007853,0.017794
icga2021,950,0.018463,0.026278
icga2021,951,0.007940,0.039205
icga2021,952,0.013165,0.021788
icga2021,953,0.006920,0.042488
icga2021,954,0.016587,0.067429
icga2021,955,0.007683,0.025561
icga2021,956,0.007071,0.033098
icga2021,957,0.006434,0.025164
icga2021,958,0.099285,0.038518
icga2021,959,0.007965,0.047738
icga2021,960,0.010117,0.020369
icga2021,961,0.011466,0.021737
icga2021,962,0.008109,0.029140
icga2021,963,0.046941,0.961245
icga2021,964,0.008520,0.037276
icga2021,965,0.007571,0.024213
icga2021,966,0.008278,0.017010
icga2021,967,0.007018,0.349415
icga2021,968,0.012844,0.023836
icga2021,969,0.005678,0.020605
icga2021,970,0.122131,0.198327
icga2021,971,0.007779,0.024351
icga2021,972,0.011469,0.026473
icga2021,973,0.015651,0.044638
icga2021,974,0.009591,0.021836
icga2021,975,0.008227,0.024951
icga2021,976,0.006447,0.071004
icga2021,977,0.011101,0.064403
icga2021,978,0.144585,1.386429
icga2021,979,0.080341,0.050812
icga2021,980,0.013360,0.099344
icga2021,981,0.009520,0.029445
icga2021,982,0.007404,0.024082
icga2021,983,0.008936,0.041916
icga2021,984,0.007841,0.024325
icga2021,985,0.006672,0.027295
icga2021,986,0.055087,0.030368
icga2021,987,0.403289,0.089470
icga2021,988,0.006969,0.036017
icga2021,989,0.008714,0.075211
icga2021,990,0.006580,0.029649
icga2021,991,0.019063,0.017745
icga2021,992,0.010165,0.021478
icga2021,993,0.040684,0.131761
icga2021,994,0.008401,0.017321
icga2021,995,0.005640,0.028238
icga2021,996,0.018882,0.343077
icga2021,997,0.056850,0.085831
icga2021,998,0.023533,0.125209
icga2021,999,0.008472,0.025659
icga2021,1000,0.006952,0.041135
icga2022,1,0.005501,0.001000
icga2022,2,0.003898,0.001434
icga2022,3,0.001586,0.000863
icga2022,4,0.001452,0.000736
icga2022,5,0.001264,0.000368
icga2022,6,0.001286,0.000507
icga2022,7,0.001327,0.000813
icga2022,8,0.001655,0.001224
icga2022,9,0.001651,0.001607
icga2022,10,0.001504,0.002580
icga2022,11,0.001460,0.000991
icga2022,12,0.001285,0.000603
icga2022,13,0.001310,0.000645
icga2022,14,0.002148,0.002140
icga2022,15,0.001824,0.002679
icga2022,16,0.001271,0.000573
icga2022,17,0.001311,0.000541
icga2022,18,0.001295,0.000427
icga2022,19,0.001871,0.002709
icga2022,20,0.001788,0.000800
icga2022,21,0.001792,0.003199
icga2022,22,0.002742,0.004610
icga2022,23,0.001528,0.001415
icga2022,24,0.001725,0.001933
icga2022,25,0.001401,0.000603
icga2022,26,0.001360,0.000545
icga2022,27,0.002085,0.004154
icga2022,28,0.001806,0.001441
icga2022,29,0.002714,0.009437
icga2022,30,0.001922,0.000660
icga2022,31,0.001290,0.000775
icga2022,32,0.001321,0.000832
icga2022,33,0.001668,0.001164
icga2022,34,0.001612,0.001471
icga2022,35,0.001988,0.001841
icga2022,36,0.001617,0.000924
icga2022,37,0.001418,0.001112
icga2022,38,0.002183,0.003351
icga2022,39,0.001433,0.002024
icga2022,40,0.001505,0.001094
icga2022,41,0.001899,0.001958
icga2022,42,0.001657,0.003391
icga2022,43,0.001534,0.001111
icga2022,44,0.001328,0.000596
icga2022,45,0.001231,0.000305
icga2022,46,0.002021,0.004291
icga2022,47,0.001406,0.001781
icga2022,48,0.001616,0.002312
icga2022,49,0.001276,0.000373
icga2022,50,0.001923,0.003703
icga2022,51,0.001738,0.002032
icga2022,52,0.001596,0.001179
icga2022,53,0.001663,0.002213
icga2022,54,0.001522,0.001262
icga2022,55,0.001401,0.001049
icga2022,56,0.001334,0.000841
icga2022,57,0.001799,0.001194
icga2022,58,0.001748,0.002460
icga2022,59,0.002123,0.002021
icga2022,60,0.001426,0.000693
icga2022,61,0.002573,0.003852
icga2022,62,0.001381,0.001091
icga2022,63,0.001958,0.002438
icga2022,64,0.001870,0.004102
icga2022,65,0.001934,0.001770
icga2022,66,0.002029,0.002284
icga2022,67,0.001751,0.004628
icga2022,68,0.002229,0.002169
icga2022,69,0.001382,0.000942
icga2022,70,0.002542,0.003782
icga2022,71,0.001979,0.003157
icga2022,72,0.001997,0.001529
icga2022,73,0.001322,0.001126
icga2022,74,0.002412,0.003295
icga2022,75,0.002666,0.005761
icga2022,76,0.001429,0.000904
icga2022,77,0.002042,0.004610
icga2022,78,0.001989,0.003303
icga2022,79,0.002456,0.004137
icga2022,80,0.002283,0.004550
icga2022,81,0.004403,0.008466
icga2022,82,0.002484,0.005098
icga2022,83,0.002068,0.003385
icga2022,84,0.002078,0.002616
icga2022,85,0.001547,0.000923
icga2022,86,0.001302,0.000454
icga2022,87,0.001528,0.000561
icga2022,88,0.001885,0.002329
icga2022,89,0.001454,0.002297
icga2022,90,0.001883,0.004415
icga2022,91,0.001728,0.001586
icga2022,92,0.001848,0.002224
icga2022,93,0.001800,0.003382
icga2022,94,0.001452,0.001309
icga2022,95,0.001496,0.001001
icga2022,96,0.001728,0.001356
icga2022,97,0.001296,0.000459
icga2022,98,0.001567,0.001630
icga2022,99,0.001909,0.001988
icga2022,100,0.002659,0.002873
icga2022,101,0.002242,0.004110
icga2022,102,0.002045,0.002983
icga2022,103,0.002335,0.003633
icga2022,104,0.003344,0.008621
icga2022,105,0.002568,0.004260
icga2022,106,0.001870,0.001847
icga2022,107,0.003204,0.005115
icga2022,108,0.001351,0.000703
icga2022,109,0.001425,0.000709
icga2022,110,0.002493,0.002824
icga2022,111,0.002612,0.004100
icga2022,112,0.003674,0.006570
icga2022,113,0.002565,0.004052
icga2022,114,0.001548,0.000826
icga2022,115,0.001941,0.001450
icga2022,116,0.001677,0.002948
icga2022,117,0.002272,0.002200
icga2022,118,0.001885,0.001225
icga2022,119,0.001535,0.002811
icga2022,120,0.002800,0.003832
icga2022,121,0.001721,0.002138
icga2022,122,0.001836,0.001137
icga2022,123,0.001650,0.001678
icga2022,124,0.001831,0.002023
icga2022,125,0.001752,0.005158
icga2022,126,0.003194,0.005542
icga2022,127,0.009981,0.011587
icga2022,128,0.002327,0.004999
icga2022,129,0.001827,0.001447
icga2022,130,0.001594,0.002041
icga2022,131,0.002045,0.005213
icga2022,132,0.001883,0.001664
icga2022,133,0.002055,0.001118
icga2022,134,0.002669,0.007182
icga2022,135,0.002193,0.004857
icga2022,136,0.002482,0.002710
icga2022,137,0.007999,0.021678
icga2022,138,0.001954,0.005870
icga2022,139,0.001756,0.001280
icga2022,140,0.001482,0.002910
icga2022,141,0.002054,0.002826
icga2022,142,0.003967,0.006943
icga2022,143,0.004155,0.009120
icga2022,144,0.001855,0.003055
icga2022,145,0.001722,0.001544
icga2022,146,0.001976,0.002018
icga2022,147,0.003090,0.004257
icga2022,148,0.003290,0.010526
icga2022,149,0.004234,0.011853
icga2022,150,0.001722,0.001348
icga2022,151,0.002758,0.006173
icga2022,152,0.002015,0.001582
icga2022,153,0.002903,0.004281
icga2022,154,0.001868,0.003987
icga2022,155,0.004567,0.018364
icga2022,156,0.001621,0.000690
icga2022,157,0.002225,0.002641
icga2022,158,0.002822,0.005059
icga2022,159,0.002982,0.004282
icga2022,160,0.001870,0.004124
icga2022,161,0.001774,0.001315
icga2022,162,0.001911,0.002796
icga2022,163,0.001844,0.004400
icga2022,164,0.001546,0.002117
icga2022,165,0.002274,0.003608
icga2022,166,0.002424,0.004419
icga2022,167,0.002296,0.003780
icga2022,168,0.002709,0.004462
icga2022,169,0.001765,0.004045
icga2022,170,0.003939,0.011750
icga2022,171,0.002432,0.002529
icga2022,172,0.002691,0.005955
icga2022,173,0.002567,0.004782
icga2022,174,0.004424,0.011533
icga2022,175,0.002806,0.004145
icga2022,176,0.001641,0.002857
icga2022,177,0.002608,0.004256
icga2022,178,0.002006,0.002750
icga2022,179,0.001743,0.001944
icga2022,180,0.004196,0.007082
icga2022,181,0.003519,0.007916
icga2022,182,0.004637,0.007708
icga2022,183,0.007145,0.014854
icga2022,184,0.003495,0.005412
icga2022,185,0.003037,0.005742
icga2022,186,0.001716,0.004286
icga2022,187,0.002711,0.004705
icga2022,188,0.002473,0.004608
icga2022,189,0.001886,0.001982
icga2022,190,0.001784,0.003947
icga2022,191,0.002922,0.006680
icga2022,192,0.003770,0.006194
icga2022,193,0.001874,0.002146
icga2022,194,0.001721,0.002139
icga2022,195,0.008522,0.039223
icga2022,196,0.001534,0.000541
icga2022,197,0.002741,0.006140
icga2022,198,0.003525,0.008817
icga2022,199,0.002056,0.004668
icga2022,200,0.003755,0.006231
icga2022,201,0.004132,0.006258
icga2022,202,0.004610,0.010743
icga2022,203,0.003399,0.007288
icga2022,204,0.005150,0.010449
icga2022,205,0.004787,0.012343
icga2022,206,0.007694,0.011854
icga2022,207,0.001883,0.001533
icga2022,208,0.008759,0.020200
icga2022,209,0.002413,0.003851
icga2022,210,0.002000,0.004945
icga2022,211,0.003000,0.006990
icga2022,212,0.002690,0.003424
icga2022,213,0.003359,0.008792
icga2022,214,0.011588,0.019852
icga2022,215,0.001600,0.001636
icga2022,216,0.001936,0.002738
icga2022,217,0.002491,0.003264
icga2022,218,0.003728,0.009292
icga2022,219,0.003115,0.010469
icga2022,220,0.002121,0.004595
icga2022,221,0.005015,0.014405
icga2022,222,0.002597,0.004454
icga2022,223,0.002611,0.005445
icga2022,224,0.005712,0.012183
icga2022,225,0.005082,0.018987
icga2022,226,0.001868,0.002974
icga2022,227,0.004057,0.009251
icga2022,228,0.002703,0.006278
icga2022,229,0.003840,0.010576
icga2022,230,0.003606,0.009239
icga2022,231,0.008342,0.011561
icga2022,232,0.013544,0.024804
icga2022,233,0.004300,0.010358
icga2022,234,0.002766,0.004779
icga2022,235,0.004181,0.009564
icga2022,236,0.003914,0.008607
icga2022,237,0.002560,0.003973
icga2022,238,0.001492,0.001699
icga2022,239,0.003132,0.006433
icga2022,240,0.004179,0.008850
icga2022,241,0.004458,0.011438
icga2022,242,0.003649,0.007808
icga2022,243,0.006163,0.015071
icga2022,244,0.007297,0.019253
icga2022,245,0.004806,0.011576
icga2022,246,0.002865,0.006594
icga2022,247,0.005896,0.015384
icga2022,248,0.005684,0.013799
icga2022,249,0.002514,0.002946
icga2022,250,0.003516,0.009543
icga2022,251,0.004323,0.008035
icga2022,252,0.005707,0.016539
icga2022,253,0.001876,0.001622
icga2022,254,0.005570,0.011684
icga2022,255,0.006166,0.013771
icga2022,256,0.003248,0.007202
icga2022,257,0.002597,0.008460
icga2022,258,0.002992,0.004652
icga2022,259,0.003486,0.007983
icga2022,260,0.005687,0.011643
icga2022,261,0.006986,0.014409
icga2022,262,0.002673,0.003998
icga2022,263,0.007059,0.018687
icga2022,264,0.011649,0.023074
icga2022,265,0.006186,0.016979
icga2022,266,0.008900,0.029266
icga2022,267,0.003700,0.010375
icga2022,268,0.003541,0.007164
icga2022,269,0.002567,0.004662
icga2022,270,0.004360,0.009090
icga2022,271,0.008697,0.015634
icga2022,272,0.003062,0.005798
icga2022,273,0.002680,0.006386
icga2022,274,0.004161,0.009897
icga2022,275,0.006418,0.013666
icga2022,276,0.004755,0.011232
icga2022,277,0.005715,0.010790
icga2022,278,0.002524,0.004986
icga2022,279,0.002547,0.003181
icga2022,280,0.002091,0.002284
icga2022,281,0.002205,0.005794
icga2022,282,0.007360,0.029351
icga2022,283,0.002883,0.002544
icga2022,284,0.003348,0.008610
icga2022,285,0.002760,0.007833
icga2022,286,0.003456,0.008539
icga2022,287,0.002897,0.011148
icga2022,288,0.007169,0.031790
icga2022,289,0.005120,0.013062
icga2022,290,0.004083,0.007378
icga2022,291,0.004474,0.013379
icga2022,292,0.003153,0.006697
icga2022,293,0.002140,0.005270
icga2022,294,0.003341,0.014365
icga2022,295,0.014562,0.032233
icga2022,296,0.006087,0.026211
icga2022,297,0.005074,0.013424
icga2022,298,0.029039,0.026090
icga2022,299,0.004837,0.010685
icga2022,300,0.007005,0.017066
icga2022,301,0.005965,0.013742
icga2022,302,0.003513,0.006620
icga2022,303,0.006712,0.015015
icga2022,304,0.002268,0.003020
icga2022,305,0.003967,0.011017
icga2022,306,0.003288,0.007853
icga2022,307,0.005063,0.012956
icga2022,308,0.002979,0.008480
icga2022,309,0.004662,0.015893
icga2022,310,0.005165,0.013893
icga2022,311,0.004585,0.037887
icga2022,312,0.005668,0.017203
icga2022,313,0.006329,0.024710
icga2022,314,0.005113,0.052951
icga2022,315,0.014167,0.023623
icga2022,316,0.004579,0.011613
icga2022,317,0.002626,0.006036
icga2022,318,0.003612,0.008148
icga2022,319,0.006777,0.030555
icga2022,320,0.071079,0.057576
icga2022,321,0.004478,0.010144
icga2022,322,0.102182,0.095698
icga2022,323,0.005139,0.013420
icga2022,324,0.007450,0.017557
icga2022,325,0.016402,0.028348
icga2022,326,0.008018,0.019233
icga2022,327,0.005920,0.012354
icga2022,328,0.007705,0.016121
icga2022,329,0.004796,0.011316
icga2022,330,0.005086,0.010490
icga2022,331,0.004269,0.010506
icga2022,332,0.007037,0.042822
icga2022,333,0.002330,0.002097
icga2022,334,0.261820,0.759263
icga2022,335,0.007622,0.017286
icga2022,336,0.011824,0.045776
icga2022,337,0.004184,0.016473
icga2022,338,0.022770,0.028561
icga2022,339,0.021569,0.041777
icga2022,340,0.004839,0.009672
icga2022,341,0.006379,0.018057
icga2022,342,0.004182,0.009056
icga2022,343,0.017250,0.043018
icga2022,344,0.004525,0.018716
icga2022,345,0.022218,0.050291
icga2022,346,0.006901,0.023954
icga2022,347,0.023538,0.020478
icga2022,348,0.116540,0.129496
icga2022,349,0.003488,0.005774
icga2022,350,0.052837,0.038844
icga2022,351,0.007694,0.022548
icga2022,352,0.038304,0.019001
icga2022,353,0.008492,0.017270
icga2022,354,0.028225,0.018991
icga2022,355,0.035923,0.049689
icga2022,356,0.008424,0.044023
icga2022,357,0.004922,0.012120
icga2022,358,0.007437,0.035412
icga2022,359,0.221214,0.407520
icga2022,360,0.003864,0.007666
icga2022,361,0.014629,0.047365
icga2022,362,0.003295,0.008888
icga2022,363,0.183624,0.320776
icga2022,364,0.003705,0.007555
icga2022,365,0.003193,0.010710
icga2022,366,0.017276,0.035355
icga2022,367,0.005723,0.027762
icga2022,368,0.007521,0.034596
icga2022,369,0.070624,0.075918
icga2022,370,0.006999,0.019775
icga2022,371,0.007765,0.014886
icga2022,372,0.041285,0.040903
icga2022,373,0.004275,0.009247
icga2022,374,0.009227,0.049621
icga2022,375,0.011283,0.022124
icga2022,376,0.014400,0.376305
icga2022,377,0.007947,0.047464
icga2022,378,0.037718,0.030702
icga2022,379,0.028548,0.046621
icga2022,380,0.039840,0.074259
icga2022,381,0.005891,0.018279
icga2022,382,0.019434,0.075456
icga2022,383,0.008993,0.023414
icga2022,384,0.071902,0.098098
icga2022,385,0.005058,0.008576
icga2022,386,0.016845,0.065157
icga2022,387,0.005710,0.013879
icga2022,388,0.007265,0.036418
icga2022,389,0.041508,0.192010
icga2022,390,0.049861,0.024981
icga2022,391,0.006723,0.014434
icga2022,392,0.007368,0.022218
icga2022,393,0.020679,0.044397
icga2022,394,0.015363,0.017799
icga2022,395,0.099191,0.051615
icga2022,396,0.007439,0.033930
icga2022,397,0.127040,0.128894
icga2022,398,0.005439,0.012324
icga2022,399,0.025269,0.088498
icga2022,400,0.043063,0.116557
icga2022,401,0.006037,0.011224
icga2022,402,0.250056,0.420839
icga2022,403,0.006613,0.013773
icga2022,404,0.080873,0.137788
icga2022,405,0.021855,0.024323
icga2022,406,0.010521,0.027732
icga2022,407,0.014860,0.034399
icga2022,408,0.094964,0.044768
icga2022,409,2.098322,6.105944
icga2022,410,0.022385,0.100600
icga2022,411,0.114461,0.077175
icga2022,412,0.011477,0.014122
icga2022,413,0.032238,0.022098
icga2022,414,0.239890,0.219867
icga2022,415,0.100372,0.055602
icga2022,416,2.283671,1.018148
icga2022,417,1.747968,1.202415
icga2022,418,0.010017,0.020602
icga2022,419,0.012854,0.043716
icga2022,420,0.005084,0.015592
icga2022,421,0.123720,0.131056
icga2022,422,0.041920,0.073429
icga2022,423,0.069811,0.327890
icga2022,424,0.013332,0.084829
icga2022,425,0.009722,0.032742
icga2022,426,0.072978,0.104057
icga2022,427,0.299606,0.342429
icga2022,428,0.006763,0.021519
icga2022,429,0.577490,1.069703
icga2022,430,0.005342,0.011153
icga2022,431,0.006023,0.015777
icga2022,432,0.055835,0.036163
icga2022,433,0.130939,0.036656
icga2022,434,0.043336,0.087459
icga2022,435,0.051243,0.256293
icga2022,436,0.151778,0.192441
icga2022,437,0.016451,0.045155
icga2022,438,1.859169,2.169776
icga2022,439,0.277738,0.298215
icga2022,440,0.008798,0.079883
icga2022,441,0.011801,0.030711
icga2022,442,0.082977,0.136453
icga2022,443,0.131228,0.205533
icga2022,444,0.049110,0.041306
icga2022,445,0.820396,2.193039
icga2022,446,0.009752,0.095151
icga2022,447,0.006613,0.013442
icga2022,448,0.029244,0.035841
icga2022,449,0.012177,0.046266
icga2022,450,0.008981,0.025309
icga2022,451,0.493449,0.252242
icga2022,452,0.013093,0.084216
icga2022,453,0.011250,0.050065
icga2022,454,0.006524,0.020061
icga2022,455,0.093167,0.100925
icga2022,456,0.477580,1.372556
icga2022,457,0.145400,0.135475
icga2022,458,0.025790,0.048894
icga2022,459,0.007348,0.021061
icga2022,460,1.916403,2.031581
icga2022,461,0.471382,0.302894
icga2022,462,0.005850,0.008036
icga2022,463,0.014972,0.083964
icga2022,464,0.015650,0.025722
icga2022,465,0.201029,0.693954
icga2022,466,0.209868,0.529962
icga2022,467,0.016179,0.103739
icga2022,468,0.063734,0.158628
icga2022,469,0.025808,0.015345
icga2022,470,0.014851,0.031568
icga2022,471,0.153150,0.126318
icga2022,472,0.011535,0.041820
icga2022,473,0.010630,0.017499
icga2022,474,0.017215,0.029689
icga2022,475,0.052927,0.549196
icga2022,476,0.023074,0.036943
icga2022,477,0.081388,1.164677
icga2022,478,0.116044,0.126452
icga2022,479,0.008465,0.018776
icga2022,480,0.021126,0.187440
icga2022,481,0.101823,0.030750
icga2022,482,0.014815,0.163916
icga2022,483,0.038816,0.164678
icga2022,484,0.010907,0.025775
icga2022,485,0.021814,0.454794
icga2022,486,0.009442,0.028902
icga2022,487,0.017037,0.040132
icga2022,488,5.172468,8.442576
icga2022,489,0.042501,0.176948
icga2022,490,0.011208,0.017407
icga2022,491,0.672400,0.564278
icga2022,492,0.026108,0.024543
icga2022,493,0.126256,0.130623
icga2022,494,0.018442,0.369864
icga2022,495,1.336126,2.781825
icga2022,496,0.006717,0.008983
icga2022,497,1.704697,3.145153
icga2022,498,0.010173,0.044617
icga2022,499,0.037626,0.020557
icga2022,500,1.146423,1.015374
icga2022,501,0.317491,1.978260
icga2022,502,0.026845,0.034046
icga2022,503,0.009737,0.034219
icga2022,504,0.608670,1.378567
icga2022,505,1.871118,2.344849
icga2022,506,0.301791,0.882393
icga2022,507,0.622396,1.189146
icga2022,508,0.012216,0.026322
icga2022,509,1.855826,31.123366
icga2022,510,0.023774,0.053358
icga2022,511,0.017540,0.020033
icga2022,512,0.157827,0.461779
icga2022,513,0.290730,0.700089
icga2022,514,0.145428,0.233110
icga2022,515,2.083063,0.156109
icga2022,516,0.008064,0.013946
icga2022,517,0.008678,0.021224
icga2022,518,0.480382,4.767308
icga2022,519,0.021523,0.184089
icga2022,520,2.684330,9.536558
icga2022,521,0.077419,0.048414
icga2022,522,0.045944,0.026704
icga2022,523,0.042973,0.235162
icga2022,524,0.109798,0.146030
icga2022,525,0.011473,0.274531
icga2022,526,0.111056,0.104103
icga2022,527,0.048919,0.177231
icga2022,528,0.011170,0.256016
icga2022,529,0.105360,0.980092
icga2022,530,0.041300,0.076455
icga2022,531,0.093020,0.060920
icga2022,532,0.097895,0.095842
icga2022,533,0.008661,0.019358
icga2022,534,0.031329,0.023240
icga2022,535,0.567252,0.366600
icga2022,536,0.009556,0.507538
icga2022,537,0.124344,0.124785
icga2022,538,2.031479,19.333320
icga2022,539,0.027696,0.027580
icga2022,540,0.019185,0.077413
icga2022,541,0.012710,0.094729
icga2022,542,0.008822,0.018687
icga2022,543,0.008878,0.016422
icga2022,544,0.061931,0.019811
icga2022,545,0.049840,0.178508
icga2022,546,0.102195,0.054418
icga2022,547,0.295873,0.565114
icga2022,548,0.005375,0.012935
icga2022,549,0.132568,2.004898
icga2022,550,0.021228,0.066867
icga2022,551,0.352373,4.769526
icga2022,552,0.124457,0.093890
icga2022,553,1.729415,2.146680
icga2022,554,0.010232,0.049465
icga2022,555,0.036831,0.028004
icga2022,556,0.020506,0.027098
icga2022,557,0.025625,0.025657
icga2022,558,0.514851,4.664693
icga2022,559,0.010631,0.146147
icga2022,560,0.039090,0.135874
icga2022,561,0.112743,0.112759
icga2022,562,0.055502,0.089584
icga2022,563,0.006184,0.016509
icga2022,564,0.009487,1.011141
icga2022,565,0.005719,0.015685
icga2022,566,0.087177,0.033603
icga2022,567,0.015320,0.038443
icga2022,568,3.799100,26.458446
icga2022,569,0.029353,0.058206
icga2022,570,0.012513,0.037593
icga2022,571,0.254050,0.563907
icga2022,572,0.224340,1.603218
icga2022,573,0.073569,0.039148
icga2022,574,0.072912,1.791672
icga2022,575,5.182983,19.633526
icga2022,576,2.935286,1.920762
icga2022,577,4.713967,26.345390
icga2022,578,0.010608,0.031439
icga2022,579,1.316194,0.939698
icga2022,580,0.028086,0.287815
icga2022,581,0.008228,0.024317
icga2022,582,0.072614,0.031800
icga2022,583,1.483080,4.258215
icga2022,584,0.012464,0.022987
icga2022,585,0.010420,0.025841
icga2022,586,0.017339,0.019205
icga2022,587,0.080461,0.036098
icga2022,588,0.024295,0.048091
icga2022,589,0.190906,5.324231
icga2022,590,1.145222,0.556827
icga2022,591,0.009545,0.031083
icga2022,592,0.052159,0.025820
icga2022,593,0.007253,0.371580
icga2022,594,0.016247,0.038699
icga2022,595,0.233144,1.509210
icga2022,596,0.116473,0.112072
icga2022,597,0.093360,0.078651
icga2022,598,0.038987,0.542019
icga2022,599,3.149618,77.782937
icga2022,600,0.021234,3.098007
icga2022,601,0.049928,0.033919
icga2022,602,4.848076,50.340385
icga2022,603,0.014506,0.027500
icga2022,604,0.008775,0.035795
icga2022,605,0.015087,0.020376
icga2022,606,0.009416,0.463807
icga2022,607,0.067658,0.031727
icga2022,608,0.038052,0.019418
icga2022,609,0.023274,0.575346
icga2022,610,0.498558,0.330288
icga2022,611,0.252725,3.778931
icga2022,612,0.050948,0.661129
icga2022,613,0.008759,0.117058
icga2022,614,0.009498,0.186364
icga2022,615,0.438139,1.438489
icga2022,616,0.010939,0.032339
icga2022,617,0.278579,406.986800
icga2022,618,0.075857,0.021510
icga2022,619,0.007334,0.430711
icga2022,620,0.559727,1.069059
icga2022,621,0.105012,0.124241
icga2022,622,0.025986,0.117814
icga2022,623,0.231628,0.406955
icga2022,624,0.009875,0.027846
icga2022,625,0.067763,0.061779
icga2022,626,0.032615,0.024725
icga2022,627,0.150963,0.308566
icga2022,628,0.526497,1.631296
icga2022,629,0.261106,1.779332
icga2022,630,0.152363,0.691738
icga2022,631,0.061462,0.054668
icga2022,632,0.038636,7.907512
icga2022,633,0.012389,0.022208
icga2022,634,0.025565,0.020923
icga2022,635,0.059530,0.035441
icga2022,636,0.019892,1.225144
icga2022,637,0.013823,0.033706
icga2022,638,0.088765,0.064186
icga2022,639,0.069620,0.053132
icga2022,640,0.011169,0.022621
icga2022,641,0.009424,1.126187
icga2022,642,0.093776,0.073862
icga2022,643,0.011072,0.047350
icga2022,644,0.041918,0.112416
icga2022,645,0.338822,0.733991
icga2022,646,0.091776,0.039511
icga2022,647,0.107655,0.075738
icga2022,648,0.014844,0.016935
icga2022,649,0.081071,0.073545
icga2022,650,0.164261,0.666663
icga2022,651,0.536469,2.253887
icga2022,652,0.294226,0.298273
icga2022,653,0.125513,0.162677
icga2022,654,0.081806,0.082989
icga2022,655,0.006922,0.045533
icga2022,656,0.035346,0.204796
icga2022,657,0.005542,0.022305
icga2022,658,0.336571,4.422652
icga2022,659,0.071486,0.050697
icga2022,660,0.172941,0.183347
icga2022,661,0.013604,0.464508
icga2022,662,0.031031,0.017817
icga2022,663,0.414728,2.713152
icga2022,664,0.015988,0.025264
icga2022,665,0.140422,0.507763
icga2022,666,0.063685,7.362679
icga2022,667,0.044419,0.038190
icga2022,668,0.071611,0.027719
icga2022,669,0.009426,0.036985
icga2022,670,5.635944,262.204405
icga2022,671,0.059795,0.045459
icga2022,672,1.529514,0.286660
icga2022,673,0.131658,0.413981
icga2022,674,0.165570,0.203716
icga2022,675,0.044327,0.954484
icga2022,676,0.012255,0.280014
icga2022,677,0.181807,2.845154
icga2022,678,0.175311,0.820843
icga2022,679,0.040038,0.121695
icga2022,680,0.016791,0.024542
icga2022,681,0.018396,0.024283
icga2022,682,0.071033,0.069200
icga2022,683,0.064132,0.021593
icga2022,684,0.010064,0.352870
icga2022,685,0.010254,0.027393
icga2022,686,1.632868,0.437952
icga2022,687,0.011701,0.112355
icga2022,688,0.688787,7.568137
icga2022,689,0.288399,0.251935
icga2022,690,0.007539,0.022839
icga2022,691,0.012117,0.110407
icga2022,692,0.025382,0.445827
icga2022,693,0.007259,0.022694
icga2022,694,0.009816,0.419369
icga2022,695,0.004868,0.020803
icga2022,696,1.847140,52.952835
icga2022,697,0.015061,0.017732
icga2022,698,0.006018,0.022553
icga2022,699,0.007712,0.021582
icga2022,700,0.432903,1.977320
icga2022,701,0.008005,0.065874
icga2022,702,1.306693,0.630509
icga2022,703,0.014688,0.117044
icga2022,704,0.141653,0.531076
icga2022,705,0.032446,1.276039
icga2022,706,0.009276,0.042391
icga2022,707,0.222994,0.061944
icga2022,708,0.008267,0.184792
icga2022,709,0.021756,1.259106
icga2022,710,0.028821,0.142791
icga2022,711,0.228897,1.263632
icga2022,712,0.010201,0.036310
icga2022,713,0.006539,0.017894
icga2022,714,0.006732,0.018754
icga2022,715,0.077048,0.687216
icga2022,716,0.412652,1.537375
icga2022,717,0.030759,0.038578
icga2022,718,0.013788,0.064551
icga2022,719,0.019252,0.029087
icga2022,720,0.013916,0.079554
icga2022,721,0.117524,0.091914
icga2022,722,0.037428,0.046768
icga2022,723,0.009275,0.023964
icga2022,724,0.039477,0.144773
icga2022,725,0.005987,0.027848
icga2022,726,0.012925,0.060440
icga2022,727,0.010216,0.021802
icga2022,728,0.015730,19.337820
icga2022,729,0.050772,0.027013
icga2022,730,0.008406,0.021766
icga2022,731,0.035485,0.056702
icga2022,732,0.005838,0.011084
icga2022,733,0.094100,0.197628
icga2022,734,0.007572,0.037155
icga2022,735,0.014025,0.099808
icga2022,736,0.027604,3.744565
icga2022,737,0.020955,0.031403
icga2022,738,0.006837,0.019691
icga2022,739,0.040560,0.137620
icga2022,740,0.006327,0.020415
icga2022,741,0.012618,0.068756
icga2022,742,0.050132,0.030350
icga2022,743,0.051319,0.061930
icga2022,744,0.078820,0.057406
icga2022,745,0.029416,0.144951
icga2022,746,0.011779,0.063658
icga2022,747,0.017097,0.054548
icga2022,748,0.009376,0.037795
icga2022,749,0.031670,0.064106
icga2022,750,0.010902,0.070263
icga2022,751,0.029255,0.023138
icga2022,752,0.050781,0.020154
icga2022,753,0.008965,0.025671
icga2022,754,0.007935,0.021253
icga2022,755,0.005887,0.021635
icga2022,756,0.079088,0.040684
icga2022,757,0.008329,0.081200
icga2022,758,0.010257,0.023958
icga2022,759,0.065282,0.052978
icga2022,760,0.010099,0.062637
icga2022,761,0.025680,0.053056
icga2022,762,0.441569,0.579968
icga2022,763,0.010104,0.026617
icga2022,764,0.091836,0.144817
icga2022,765,0.008844,0.017054
icga2022,766,0.007280,0.016576
icga2022,767,0.085805,0.045041
icga2022,768,0.011643,0.076597
icga2022,769,0.028484,0.020591
icga2022,770,0.010232,0.050150
icga2022,771,0.017568,0.556515
icga2022,772,0.535200,0.373674
icga2022,773,0.074031,0.049229
icga2022,774,0.071302,0.067588
icga2022,775,0.023962,0.337944
icga2022,776,0.084803,0.047353
icga2022,777,0.007610,0.225392
icga2022,778,0.013869,0.025534
icga2022,779,0.008113,0.222291
icga2022,780,0.032752,0.086114
icga2022,781,0.017259,2.002670
icga2022,782,0.007303,0.083751
icga2022,783,0.031876,0.097810
icga2022,784,0.236988,0.289725
icga2022,785,0.013336,0.051144
icga2022,786,0.010668,0.039521
icga2022,787,0.008833,0.025962
icga2022,788,0.063258,0.041725
icga2022,789,0.010586,0.342087
icga2022,790,0.009073,0.036623
icga2022,791,0.011755,0.256769
icga2022,792,0.229806,0.744906
icga2022,793,0.469153,0.105384
icga2022,794,0.179987,0.194428
icga2022,795,0.090298,0.075746
icga2022,796,0.010775,0.031178
icga2022,797,0.039070,0.028592
icga2022,798,0.369906,0.968437
icga2022,799,0.010217,0.062110
icga2022,800,0.070501,0.022121
icga2022,801,0.096556,0.025174
icga2022,802,0.046415,1.543067
icga2022,803,0.113669,0.226322
icga2022,804,0.291410,0.352131
icga2022,805,0.046412,0.025526
icga2022,806,0.049405,0.031247
icga2022,807,0.010530,0.171737
icga2022,808,0.016915,0.507196
icga2022,809,0.017401,0.187792
icga2022,810,0.080312,0.050625
icga2022,811,0.012214,0.061080
icga2022,812,0.101836,0.030393
icga2022,813,0.019302,0.021024
icga2022,814,0.068850,0.039891
icga2022,815,0.167912,0.715408
icga2022,816,0.006903,0.017996
icga2022,817,0.044618,0.024811
icga2022,818,0.331609,0.580229
icga2022,819,0.066006,0.030261
icga2022,820,0.141471,2.021771
icga2022,821,0.021299,0.028528
icga2022,822,0.101047,0.020497
icga2022,823,0.008582,0.084040
icga2022,824,0.167304,5.291522
icga2022,825,0.263211,0.289814
icga2022,826,0.007472,0.056454
icga2022,827,0.070156,0.034958
icga2022,828,0.008789,0.069033
icga2022,829,0.118896,0.017409
icga2022,830,0.169376,0.437536
icga2022,831,0.020904,0.035208
icga2022,832,0.026856,1.580969
icga2022,833,0.020619,0.152429
icga2022,834,0.085700,0.058969
icga2022,835,0.009974,0.025310
icga2022,836,0.349979,5.255729
icga2022,837,0.008010,0.628127
icga2022,838,0.007679,0.024385
icga2022,839,0.025395,0.027832
icga2022,840,0.016890,0.099689
icga2022,841,0.008193,0.029738
icga2022,842,0.063258,0.075080
icga2022,843,0.007607,0.036815
icga2022,844,0.033030,0.039684
icga2022,845,0.127654,56.104571
icga2022,846,0.040117,0.027159
icga2022,847,0.025287,0.081470
icga2022,848,0.089522,0.026050
icga2022,849,0.007400,0.031240
icga2022,850,0.051563,0.212643
icga2022,851,0.096511,0.206337
icga2022,852,0.013813,0.021247
icga2022,853,0.024749,0.033649
icga2022,854,0.014555,0.028132
icga2022,855,0.008920,0.028248
icga2022,856,0.007858,0.025813
icga2022,857,0.013898,0.022378
icga2022,858,0.012021,0.024915
icga2022,859,0.007633,0.028733
icga2022,860,0.020684,0.128124
icga2022,861,0.007134,0.044923
icga2022,862,0.012436,0.067151
icga2022,863,0.023819,0.082892
icga2022,864,0.030634,0.026984
icga2022,865,0.121237,0.342840
icga2022,866,0.069240,0.063909
icga2022,867,0.030292,0.029222
icga2022,868,0.038211,0.070619
icga2022,869,0.012480,0.030477
icga2022,870,0.007175,0.181109
icga2022,871,0.009453,0.322819
icga2022,872,0.009218,0.033870
icga2022,873,0.015735,0.021616
icga2022,874,0.008807,0.021520
icga2022,875,0.066381,0.172768
icga2022,876,0.008431,0.051603
icga2022,877,0.049077,0.031633
icga2022,878,0.033284,0.173985
icga2022,879,0.005818,0.025866
icga2022,880,0.007317,0.035946
icga2022,881,0.171958,0.253450
icga2022,882,0.010440,0.028759
icga2022,883,0.006648,0.023894
icga2022,884,0.019128,0.080389
icga2022,885,0.109561,0.201570
icga2022,886,0.009176,0.492685
icga2022,887,0.058899,0.024039
icga2022,888,0.091505,0.048996
icga2022,889,0.026081,0.043159
icga2022,890,0.008623,0.023069
icga2022,891,0.101198,0.017962
icga2022,892,0.036543,0.230144
icga2022,893,0.312241,0.587461
icga2022,894,0.010897,0.074674
icga2022,895,0.008984,0.021873
icga2022,896,0.034204,0.024424
icga2022,897,0.032368,0.060103
icga2022,898,0.008766,0.019262
icga2022,899,0.377409,0.238732
icga2022,900,0.007883,0.037244
icga2022,901,0.014323,0.049088
icga2022,902,0.005827,0.020864
icga2022,903,0.017393,0.241037
icga2022,904,0.025878,0.055676
icga2022,905,0.116584,0.019456
icga2022,906,0.066157,0.026937
icga2022,907,0.302085,1.305867
icga2022,908,0.010036,0.023912
icga2022,909,0.006586,0.028636
icga2022,910,0.011201,0.205348
icga2022,911,0.006140,0.019002
icga2022,912,0.025853,0.150241
icga2022,913,0.049726,0.023395
icga2022,914,0.016405,0.024714
icga2022,915,0.008086,0.026046
icga2022,916,0.074017,0.027961
icga2022,917,0.012192,0.046159
icga2022,918,0.007312,0.018586
icga2022,919,0.011459,0.024343
icga2022,920,0.016864,0.081080
icga2022,921,0.006909,0.026713
icga2022,922,0.043054,0.021176
icga2022,923,0.008695,0.019572
icga2022,924,0.006775,0.028118
icga2022,925,0.036671,0.021420
icga2022,926,0.029146,0.079719
icga2022,927,0.008978,0.021805
icga2022,928,0.027707,0.029502
icga2022,929,0.008666,0.921592
icga2022,930,0.013677,0.205824
icga2022,931,0.030832,0.022064
icga2022,932,0.007912,0.122061
icga2022,933,0.093832,0.048598
icga2022,934,0.008612,0.032246
icga2022,935,0.010357,0.036410
icga2022,936,0.012944,0.021340
icga2022,937,0.005765,0.022820
icga2022,938,0.008517,0.023701
icga2022,939,0.009680,0.032064
icga2022,940,0.012350,0.023217
icga2022,941,0.014653,0.021215
icga2022,942,0.023648,0.057700
icga2022,943,0.071188,0.060891
icga2022,944,0.009208,0.049829
icga2022,945,0.007058,0.016596
icga2022,946,0.017648,0.020423
icga2022,947,0.006148,0.018455
icga2022,948,0.007434,0.020086
icga2022,949,0.170544,0.569588
icga2022,950,0.008721,0.018403
icga2022,951,0.006124,0.020365
icga2022,952,0.039039,0.104749
icga2022,953,0.039702,0.038386
icga2022,954,0.008253,0.018954
icga2022,955,0.008148,0.050255
icga2022,956,0.029964,0.023929
icga2022,957,0.008132,0.028220
icga2022,958,0.017302,0.022600
icga2022,959,0.015290,0.041866
icga2022,960,0.015971,0.037256
icga2022,961,0.016097,0.324276
icga2022,962,0.016113,0.284650
icga2022,963,0.023771,0.216124
icga2022,964,0.018370,0.103799
icga2022,965,0.055087,0.018535
icga2022,966,0.012817,0.021695
icga2022,967,0.008245,0.023749
icga2022,968,0.031064,0.055824
icga2022,969,0.009515,0.028843
icga2022,970,0.069131,0.031672
icga2022,971,0.011016,0.016498
icga2022,972,0.155915,0.161872
icga2022,973,0.006439,0.062465
icga2022,974,0.008997,0.026419
icga2022,975,0.013877,0.017628
icga2022,976,0.015758,0.024449
icga2022,977,0.009090,0.031768
icga2022,978,0.088496,0.114779
icga2022,979,0.018649,0.022465
icga2022,980,0.008300,0.051427
icga2022,981,0.008187,0.031353
icga2022,982,0.009202,0.042074
icga2022,983,0.007665,0.018696
icga2022,984,0.265779,0.915174
icga2022,985,0.009439,0.030347
icga2022,986,0.008623,0.024916
icga2022,987,0.021947,0.084140
icga2022,988,0.027978,0.039771
icga2022,989,0.011370,0.085736
icga2022,990,0.006834,0.027654
icga2022,991,0.020016,0.019733
icga2022,992,0.010598,0.022886
icga2022,993,0.017108,0.057607
icga2022,994,0.011340,0.020501
icga2022,995,0.007874,0.026022
icga2022,996,0.011382,0.025399
icga2022,997,0.008412,0.160150
icga2022,998,0.006993,0.027860
icga2022,999,0.008454,0.029732
icga2022,1000,0.008060,0.026330
icga2023,1,0.005409,0.000485
icga2023,2,0.003995,0.000721
icga2023,3,0.001724,0.001132
icga2023,4,0.002113,0.001622
icga2023,5,0.001479,0.000691
icga2023,6,0.001322,0.001038
icga2023,7,0.001880,0.001630
icga2023,8,0.001470,0.000762
icga2023,9,0.001897,0.001641
icga2023,10,0.001408,0.001467
icga2023,11,0.002579,0.002860
icga2023,12,0.001562,0.001599
icga2023,13,0.002010,0.001812
icga2023,14,0.001779,0.001054
icga2023,15,0.001357,0.000518
icga2023,16,0.001700,0.002465
icga2023,17,0.002758,0.002065
icga2023,18,0.001672,0.001318
icga2023,19,0.001240,0.000267
icga2023,20,0.001406,0.000716
icga2023,21,0.001963,0.001200
icga2023,22,0.002034,0.003649
icga2023,23,0.001441,0.001067
icga2023,24,0.001446,0.000494
icga2023,25,0.001478,0.001156
icga2023,26,0.001331,0.000622
icga2023,27,0.001952,0.003305
icga2023,28,0.001578,0.001379
icga2023,29,0.002226,0.002148
icga2023,30,0.002021,0.003734
icga2023,31,0.001799,0.002682
icga2023,32,0.001810,0.001912
icga2023,33,0.001781,0.001294
icga2023,34,0.001419,0.001885
icga2023,35,0.001382,0.000466
icga2023,36,0.001733,0.001055
icga2023,37,0.001297,0.000765
icga2023,38,0.001864,0.001279
icga2023,39,0.001677,0.003671
icga2023,40,0.002890,0.005742
icga2023,41,0.001732,0.000964
icga2023,42,0.002008,0.003195
icga2023,43,0.002293,0.002365
icga2023,44,0.001628,0.000888
icga2023,45,0.001635,0.001088
icga2023,46,0.001295,0.000517
icga2023,47,0.001317,0.002763
icga2023,48,0.001322,0.000368
icga2023,49,0.001549,0.000908
icga2023,50,0.001476,0.000928
icga2023,51,0.001919,0.002746
icga2023,52,0.002133,0.002705
icga2023,53,0.001618,0.003564
icga2023,54,0.001620,0.001461
icga2023,55,0.001849,0.001952
icga2023,56,0.002201,0.001551
icga2023,57,0.001992,0.001320
icga2023,58,0.001406,0.001088
icga2023,59,0.001620,0.002417
icga2023,60,0.001713,0.002008
icga2023,61,0.001661,0.002053
icga2023,62,0.001395,0.000526
icga2023,63,0.002014,0.001461
icga2023,64,0.001567,0.001735
icga2023,65,0.001441,0.001739
icga2023,66,0.001586,0.001629
icga2023,67,0.001295,0.001428
icga2023,68,0.001821,0.002179
icga2023,69,0.001403,0.000613
icga2023,70,0.001540,0.001571
icga2023,71,0.001463,0.001111
icga2023,72,0.001344,0.000659
icga2023,73,0.001808,0.001694
icga2023,74,0.002660,0.003362
icga2023,75,0.001673,0.000750
icga2023,76,0.001837,0.002727
icga2023,77,0.001971,0.004704
icga2023,78,0.001314,0.000290
icga2023,79,0.001839,0.002848
icga2023,80,0.001705,0.000636
icga2023,81,0.001831,0.001630
icga2023,82,0.001539,0.000576
icga2023,83,0.001677,0.003218
icga2023,84,0.002038,0.003669
icga2023,85,0.001933,0.000979
icga2023,86,0.002199,0.005838
icga2023,87,0.002266,0.003886
icga2023,88,0.001318,0.000371
icga2023,89,0.001663,0.001225
icga2023,90,0.001513,0.002120
icga2023,91,0.002239,0.001584
icga2023,92,0.001621,0.000749
icga2023,93,0.001539,0.001218
icga2023,94,0.001907,0.002816
icga2023,95,0.002173,0.001512
icga2023,96,0.002797,0.007206
icga2023,97,0.001702,0.001248
icga2023,98,0.003029,0.008663
icga2023,99,0.002437,0.005963
icga2023,100,0.002155,0.004197
icga2023,101,0.001441,0.001266
icga2023,102,0.001922,0.002549
icga2023,103,0.002294,0.006518
icga2023,104,0.001552,0.001597
icga2023,105,0.001745,0.002350
icga2023,106,0.002011,0.004315
icga2023,107,0.001505,0.000944
icga2023,108,0.002665,0.004176
icga2023,109,0.001667,0.001839
icga2023,110,0.001979,0.002645
icga2023,111,0.002291,0.001770
icga2023,112,0.001573,0.001026
icga2023,113,0.003053,0.006886
icga2023,114,0.002447,0.003691
icga2023,115,0.002036,0.001568
icga2023,116,0.002108,0.003831
icga2023,117,0.001255,0.000435
icga2023,118,0.002163,0.001767
icga2023,119,0.001637,0.002373
icga2023,120,0.002060,0.002884
icga2023,121,0.002056,0.002444
icga2023,122,0.002549,0.004063
icga2023,123,0.002544,0.003703
icga2023,124,0.001796,0.001877
icga2023,125,0.001986,0.003250
icga2023,126,0.001270,0.000353
icga2023,127,0.001744,0.001431
icga2023,128,0.002087,0.003633
icga2023,129,0.001697,0.002837
icga2023,130,0.001437,0.001758
icga2023,131,0.002725,0.003207
icga2023,132,0.001549,0.001929
icga2023,133,0.001443,0.001427
icga2023,134,0.001557,0.001243
icga2023,135,0.001947,0.002167
icga2023,136,0.001576,0.001425
icga2023,137,0.003426,0.004839
icga2023,138,0.001942,0.001963
icga2023,139,0.002105,0.003718
icga2023,140,0.001649,0.001263
icga2023,141,0.002684,0.005146
icga2023,142,0.001647,0.001895
icga2023,143,0.003168,0.004999
icga2023,144,0.006894,0.011861
icga2023,145,0.002326,0.003134
icga2023,146,0.002744,0.006081
icga2023,147,0.001981,0.001934
icga2023,148,0.002327,0.003123
icga2023,149,0.003628,0.005211
icga2023,150,0.001679,0.002804
icga2023,151,0.002218,0.003628
icga2023,152,0.002223,0.001587
icga2023,153,0.002098,0.002215
icga2023,154,0.002663,0.004018
icga2023,155,0.001995,0.002399
icga2023,156,0.002596,0.002817
icga2023,157,0.002255,0.004758
icga2023,158,0.002008,0.001756
icga2023,159,0.001708,0.002007
icga2023,160,0.002644,0.004349
icga2023,161,0.001733,0.003911
icga2023,162,0.003578,0.006933
icga2023,163,0.002098,0.002060
icga2023,164,0.002009,0.001811
icga2023,165,0.003420,0.011605
icga2023,166,0.002795,0.004544
icga2023,167,0.002311,0.002318
icga2023,168,0.001958,0.001775
icga2023,169,0.003235,0.005553
icga2023,170,0.001719,0.001299
icga2023,171,0.002795,0.002893
icga2023,172,0.001632,0.001233
icga2023,173,0.001480,0.002150
icga2023,174,0.003336,0.007351
icga2023,175,0.002206,0.004114
icga2023,176,0.002385,0.005392
icga2023,177,0.005066,0.009357
icga2023,178,0.002426,0.007197
icga2023,179,0.002200,0.003073
icga2023,180,0.004175,0.011695
icga2023,181,0.002197,0.001978
icga2023,182,0.003901,0.011116
icga2023,183,0.002132,0.002753
icga2023,184,0.002280,0.005082
icga2023,185,0.003181,0.006644
icga2023,186,0.001818,0.002922
icga2023,187,0.005778,0.015665
icga2023,188,0.002827,0.003922
icga2023,189,0.005003,0.016796
icga2023,190,0.006886,0.019662
icga2023,191,0.002527,0.004268
icga2023,192,0.002085,0.001449
icga2023,193,0.001763,0.001774
icga2023,194,0.003139,0.005377
icga2023,195,0.002422,0.002059
icga2023,196,0.002262,0.004154
icga2023,197,0.003360,0.006912
icga2023,198,0.003138,0.004852
icga2023,199,0.001508,0.003202
icga2023,200,0.004153,0.007810
icga2023,201,0.017564,0.007939
icga2023,202,0.009666,0.012458
icga2023,203,0.003614,0.010347
icga2023,204,0.002045,0.001731
icga2023,205,0.007488,0.009435
icga2023,206,0.002274,0.003416
icga2023,207,0.003343,0.010517
icga2023,208,0.002626,0.003176
icga2023,209,0.003654,0.008141
icga2023,210,0.005598,0.016486
icga2023,211,0.003311,0.006345
icga2023,212,0.008651,0.025368
icga2023,213,0.002439,0.005791
icga2023,214,0.001582,0.004198
icga2023,215,0.002867,0.004969
icga2023,216,0.003494,0.004166
icga2023,217,0.002059,0.003056
icga2023,218,0.002418,0.004724
icga2023,219,0.003004,0.006956
icga2023,220,0.004250,0.009627
icga2023,221,0.003436,0.006642
icga2023,222,0.002859,0.006006
icga2023,223,0.003180,0.004197
icga2023,224,0.002363,0.002480
icga2023,225,0.002978,0.006145
icga2023,226,0.003471,0.035665
icga2023,227,0.002446,0.005221
icga2023,228,0.002763,0.006755
icga2023,229,0.008054,0.016189
icga2023,230,0.002487,0.005317
icga2023,231,0.002305,0.004594
icga2023,232,0.004115,0.010845
icga2023,233,0.002678,0.007261
icga2023,234,0.002615,0.005224
icga2023,235,0.003728,0.008282
icga2023,236,0.005297,0.011108
icga2023,237,0.002735,0.003620
icga2023,238,0.005243,0.007935
icga2023,239,0.002683,0.006125
icga2023,240,0.002497,0.003865
icga2023,241,0.005958,0.013919
icga2023,242,0.002176,0.003598
icga2023,243,0.002278,0.003538
icga2023,244,0.003959,0.005969
icga2023,245,0.002890,0.005822
icga2023,246,0.008391,0.026955
icga2023,247,0.004327,0.009977
icga2023,248,0.003918,0.007437
icga2023,249,0.004260,0.010183
icga2023,250,0.004828,0.010580
icga2023,251,0.007287,0.013764
icga2023,252,0.003311,0.007716
icga2023,253,0.005137,0.011397
icga2023,254,0.002062,0.003306
icga2023,255,0.002964,0.006368
icga2023,256,0.005730,0.013386
icga2023,257,0.002210,0.003402
icga2023,258,0.002453,0.006578
icga2023,259,0.015408,0.015886
icga2023,260,0.010506,0.048636
icga2023,261,0.003156,0.006458
icga2023,262,0.003102,0.005998
icga2023,263,0.010644,0.022886
icga2023,264,0.002546,0.006231
icga2023,265,0.004014,0.009042
icga2023,266,0.013425,0.038166
icga2023,267,0.005482,0.015435
icga2023,268,0.002809,0.003985
icga2023,269,0.002494,0.002824
icga2023,270,0.003407,0.007373
icga2023,271,0.008705,0.021577
icga2023,272,0.021640,0.034052
icga2023,273,0.002979,0.004060
icga2023,274,0.005399,0.011051
icga2023,275,0.008864,0.021243
icga2023,276,0.004639,0.009809
icga2023,277,0.002380,0.005592
icga2023,278,0.002533,0.002952
icga2023,279,0.003928,0.006314
icga2023,280,0.003305,0.003156
icga2023,281,0.002475,0.005179
icga2023,282,0.003965,0.007857
icga2023,283,0.016069,0.022399
icga2023,284,0.006380,0.015922
icga2023,285,0.004262,0.009017
icga2023,286,0.003959,0.008840
icga2023,287,0.128986,0.110370
icga2023,288,0.015854,0.023491
icga2023,289,0.007694,0.022886
icga2023,290,0.003900,0.008572
icga2023,291,0.005027,0.011867
icga2023,292,0.006877,0.019518
icga2023,293,0.008986,0.023012
icga2023,294,0.005003,0.011994
icga2023,295,0.004625,0.006826
icga2023,296,0.010657,0.015192
icga2023,297,0.004234,0.010949
icga2023,298,0.007115,0.032113
icga2023,299,0.005503,0.014628
icga2023,300,0.002675,0.005729
icga2023,301,0.002757,0.004742
icga2023,302,0.005306,0.013025
icga2023,303,0.005572,0.054240
icga2023,304,0.003925,0.007437
icga2023,305,0.003374,0.006065
icga2023,306,0.003554,0.009538
icga2023,307,0.005716,0.012393
icga2023,308,0.023805,0.036863
icga2023,309,0.013242,0.053938
icga2023,310,0.005851,0.013631
icga2023,311,0.015540,0.105178
icga2023,312,0.005934,0.011314
icga2023,313,0.004191,0.009893
icga2023,314,0.003912,0.008630
icga2023,315,0.010645,0.013542
icga2023,316,0.031453,0.042670
icga2023,317,0.006537,0.012558
icga2023,318,0.005425,0.009432
icga2023,319,0.006550,0.021032
icga2023,320,0.009967,0.037294
icga2023,321,0.003039,0.007117
icga2023,322,0.011217,0.102069
icga2023,323,0.018012,0.039294
icga2023,324,0.006815,0.025099
icga2023,325,0.002717,0.002926
icga2023,326,0.002765,0.005974
icga2023,327,0.005146,0.007409
icga2023,328,0.003901,0.011407
icga2023,329,0.003666,0.009244
icga2023,330,0.003054,0.006273
icga2023,331,0.024381,0.078546
icga2023,332,0.010418,0.028011
icga2023,333,0.010283,0.016104
icga2023,334,0.015754,0.028446
icga2023,335,0.030279,0.016835
icga2023,336,0.033860,0.029221
icga2023,337,0.015145,0.013635
icga2023,338,0.009886,0.086610
icga2023,339,0.006590,0.013662
icga2023,340,0.007269,0.022349
icga2023,341,0.014793,0.024304
icga2023,342,0.007857,0.024507
icga2023,343,0.001973,0.001753
icga2023,344,0.012306,0.056398
icga2023,345,0.003796,0.007739
icga2023,346,0.010766,0.020834
icga2023,347,0.003712,0.007191
icga2023,348,0.017494,0.055340
icga2023,349,0.006421,0.017179
icga2023,350,0.021710,0.050401
icga2023,351,0.051437,0.022135
icga2023,352,0.005385,0.017815
icga2023,353,0.045036,0.047189
icga2023,354,0.004707,0.009603
icga2023,355,0.012728,0.040336
icga2023,356,0.030852,0.112287
icga2023,357,0.004463,0.006640
icga2023,358,0.004444,0.007637
icga2023,359,0.009143,0.072111
icga2023,360,0.026622,6.611174
icga2023,361,0.005976,0.012181
icga2023,362,0.012380,0.019817
icga2023,363,0.009433,0.015363
icga2023,364,0.005276,0.011120
icga2023,365,0.006745,0.021249
icga2023,366,0.031182,0.034055
icga2023,367,1.220592,0.133012
icga2023,368,0.007230,0.018795
icga2023,369,0.003233,0.007624
icga2023,370,0.024451,0.414446
icga2023,371,0.005224,0.011349
icga2023,372,0.033049,0.065289
icga2023,373,0.005416,0.011953
icga2023,374,0.027382,0.026415
icga2023,375,0.009728,0.040641
icga2023,376,0.004788,0.006829
icga2023,377,0.019552,0.024016
icga2023,378,0.006130,0.021989
icga2023,379,0.013858,0.028744
icga2023,380,0.007806,0.013415
icga2023,381,0.007306,0.016355
icga2023,382,0.005473,0.014718
icga2023,383,0.010896,0.100180
icga2023,384,0.013926,0.058628
icga2023,385,0.015711,0.089047
icga2023,386,0.010883,0.150270
icga2023,387,0.013116,0.027265
icga2023,388,0.007557,0.023578
icga2023,389,0.004432,0.009356
icga2023,390,0.002406,0.002482
icga2023,391,0.006767,0.017281
icga2023,392,0.005684,0.013001
icga2023,393,0.005314,0.013496
icga2023,394,0.418584,0.891731
icga2023,395,0.014845,0.058869
icga2023,396,0.003619,0.007200
icga2023,397,0.032177,0.148016
icga2023,398,0.006956,0.016773
icga2023,399,0.009579,0.036128
icga2023,400,0.016677,0.022476
icga2023,401,0.007414,0.018627
icga2023,402,0.013132,0.083782
icga2023,403,0.209294,0.584638
icga2023,404,0.031814,0.043445
icga2023,405,0.005447,0.129192
icga2023,406,0.026453,0.044810
icga2023,407,0.012120,0.222042
icga2023,408,0.003165,0.011288
icga2023,409,0.019849,0.062024
icga2023,410,0.123807,0.021147
icga2023,411,0.007211,0.022458
icga2023,412,0.041088,0.024058
icga2023,413,0.023343,0.024363
icga2023,414,0.151609,0.175277
icga2023,415,0.135188,0.183534
icga2023,416,0.120141,0.099959
icga2023,417,0.007766,0.022534
icga2023,418,1.771493,0.658272
icga2023,419,0.007540,0.013497
icga2023,420,0.049634,0.086933
icga2023,421,0.008724,0.013859
icga2023,422,0.008292,0.021582
icga2023,423,1.253293,21.565979
icga2023,424,0.010107,0.070425
icga2023,425,0.005431,0.009903
icga2023,426,0.020234,0.045753
icga2023,427,0.010074,0.034240
icga2023,428,0.003240,0.005769
icga2023,429,0.016094,0.015416
icga2023,430,0.050189,0.122952
icga2023,431,0.047692,0.037281
icga2023,432,0.004662,0.008517
icga2023,433,0.004662,0.008441
icga2023,434,0.006711,0.012253
icga2023,435,0.081841,0.027287
icga2023,436,0.015312,0.059766
icga2023,437,0.041643,0.033575
icga2023,438,0.007847,0.016968
icga2023,439,0.008201,0.044027
icga2023,440,0.012395,0.134681
icga2023,441,0.018698,0.027812
icga2023,442,0.019012,0.099738
icga2023,443,0.018087,0.074160
icga2023,444,0.269491,0.661741
icga2023,445,0.043125,0.136559
icga2023,446,1.890446,0.894370
icga2023,447,0.006819,0.072534
icga2023,448,0.013418,0.016014
icga2023,449,0.003157,0.006242
icga2023,450,0.007381,0.015585
icga2023,451,0.016428,0.014681
icga2023,452,0.037523,0.025055
icga2023,453,0.007686,0.018751
icga2023,454,0.008133,0.099784
icga2023,455,0.077177,0.023216
icga2023,456,0.009177,0.044726
icga2023,457,0.105351,0.041303
icga2023,458,3.346119,2.963163
icga2023,459,0.037836,0.065076
icga2023,460,0.038042,0.198440
icga2023,461,5.203603,2.867694
icga2023,462,0.019943,0.041135
icga2023,463,0.070977,0.046451
icga2023,464,0.062975,0.076826
icga2023,465,0.007584,0.029308
icga2023,466,0.092058,0.029453
icga2023,467,0.494293,0.490148
icga2023,468,0.012432,0.395765
icga2023,469,0.012141,0.051726
icga2023,470,0.016590,0.062177
icga2023,471,0.012037,0.027980
icga2023,472,0.018226,0.041784
icga2023,473,0.114509,0.124327
icga2023,474,0.193576,0.330526
icga2023,475,0.007064,0.026785
icga2023,476,0.534115,4.056625
icga2023,477,0.009638,0.030301
icga2023,478,0.087116,0.640067
icga2023,479,0.073982,0.023277
icga2023,480,0.022394,0.143955
icga2023,481,0.005658,0.011802
icga2023,482,0.044784,0.502225
icga2023,483,0.004247,0.006232
icga2023,484,0.016774,0.031224
icga2023,485,0.007101,0.020355
icga2023,486,0.015503,0.025229
icga2023,487,0.269947,0.390058
icga2023,488,1.827466,4.253892
icga2023,489,0.015968,0.056331
icga2023,490,0.029996,0.024033
icga2023,491,0.011072,0.020092
icga2023,492,0.005476,0.013842
icga2023,493,0.272397,0.493726
icga2023,494,0.010984,0.019302
icga2023,495,1.684356,0.347198
icga2023,496,0.107189,0.109294
icga2023,497,0.094731,0.032736
icga2023,498,1.284894,5.842615
icga2023,499,0.011524,0.052501
icga2023,500,0.009377,0.028919
icga2023,501,2.452774,16.761571
icga2023,502,0.008722,0.023786
icga2023,503,0.799843,0.686986
icga2023,504,0.007662,0.064058
icga2023,505,0.387460,0.423087
icga2023,506,0.111769,0.048741
icga2023,507,0.094226,0.059115
icga2023,508,0.016617,0.028078
icga2023,509,0.163712,0.185884
icga2023,510,0.011936,0.022404
icga2023,511,0.163332,0.248467
icga2023,512,0.006964,0.050926
icga2023,513,0.021012,0.149884
icga2023,514,0.078377,0.038406
icga2023,515,0.041429,0.137913
icga2023,516,0.009559,0.029956
icga2023,517,0.015088,0.026888
icga2023,518,0.132706,0.190342
icga2023,519,0.012951,0.026525
icga2023,520,0.007086,0.014727
icga2023,521,0.006766,4.620650
icga2023,522,0.007796,0.027398
icga2023,523,0.049473,0.758986
icga2023,524,0.009677,0.235500
icga2023,525,0.106684,0.105909
icga2023,526,0.115288,0.075445
icga2023,527,0.026855,0.114248
icga2023,528,0.011295,0.076408
icga2023,529,0.217025,1.153111
icga2023,530,3.347693,3.787113
icga2023,531,0.009049,0.017010
icga2023,532,0.211806,9.459690
icga2023,533,0.008393,0.023939
icga2023,534,0.011119,0.173851
icga2023,535,0.016775,0.010617
icga2023,536,0.005794,0.026064
icga2023,537,0.021769,0.082778
icga2023,538,0.090260,0.032244
icga2023,539,0.023440,2.031910
icga2023,540,0.006591,0.028881
icga2023,541,0.014176,0.175688
icga2023,542,0.009536,0.090674
icga2023,543,0.629655,0.204011
icga2023,544,0.026889,0.036028
icga2023,545,0.077129,0.259834
icga2023,546,0.027477,0.026403
icga2023,547,0.011409,0.019315
icga2023,548,0.551757,0.251071
icga2023,549,0.051010,3.146476
icga2023,550,0.761414,9.473262
icga2023,551,0.095799,0.034184
icga2023,552,0.294635,2.608897
icga2023,553,0.018896,0.101213
icga2023,554,3.060735,5.197908
icga2023,555,0.008852,0.021557
icga2023,556,0.014100,0.120601
icga2023,557,0.006638,0.021908
icga2023,558,0.023053,0.042264
icga2023,559,0.047495,0.129847
icga2023,560,0.121662,3.286117
icga2023,561,0.008244,0.020036
icga2023,562,0.349118,0.329513
icga2023,563,0.156002,0.238641
icga2023,564,0.549253,5.409967
icga2023,565,0.617108,1.217937
icga2023,566,0.350374,1.822926
icga2023,567,0.022901,0.279642
icga2023,568,0.022635,0.394625
icga2023,569,0.008897,0.044887
icga2023,570,0.010233,0.032060
icga2023,571,0.177514,0.232942
icga2023,572,0.010910,0.056461
icga2023,573,0.033082,0.149860
icga2023,574,0.012090,0.021751
icga2023,575,0.033038,0.154728
icga2023,576,0.342857,0.202049
icga2023,577,0.104160,0.162877
icga2023,578,0.042143,0.113404
icga2023,579,1.753584,0.807659
icga2023,580,0.105495,0.284159
icga2023,581,8.496609,38.545263
icga2023,582,0.029493,0.130395
icga2023,583,0.104168,0.031166
icga2023,584,0.011789,0.032054
icga2023,585,0.146323,0.177000
icga2023,586,0.020550,0.023978
icga2023,587,0.059418,0.023826
icga2023,588,0.027235,0.055417
icga2023,589,0.013547,0.133541
icga2023,590,0.018607,0.129136
icga2023,591,2.805593,7.798265
icga2023,592,0.015311,0.221606
icga2023,593,0.101312,0.039585
icga2023,594,0.320858,0.311447
icga2023,595,0.021282,0.037613
icga2023,596,0.730551,1.428621
icga2023,597,1.079657,0.346733
icga2023,598,0.272372,0.127842
icga2023,599,0.108140,0.187176
icga2023,600,0.172193,0.230336
icga2023,601,0.006448,0.018933
icga2023,602,0.126904,0.296963
icga2023,603,0.022268,0.051966
icga2023,604,0.160678,0.133990
icga2023,605,0.027730,0.097007
icga2023,606,0.006819,0.065678
icga2023,607,0.014130,0.058887
icga2023,608,0.881884,5.619815
icga2023,609,0.013158,0.046552
icga2023,610,0.034897,1.230964
icga2023,611,0.008497,0.054317
icga2023,612,0.007666,0.050099
icga2023,613,0.021597,0.026940
icga2023,614,6.645581,4.535380
icga2023,615,0.124470,0.087939
icga2023,616,0.400556,0.857941
icga2023,617,0.007751,0.033336
icga2023,618,0.202545,0.996030
icga2023,619,0.019085,0.090756
icga2023,620,0.478428,3.332401
icga2023,621,0.089225,4.168644
icga2023,622,0.011686,0.108321
icga2023,623,0.112814,0.029748
icga2023,624,0.077336,2.166430
icga2023,625,0.072519,0.027107
icga2023,626,0.044656,0.021173
icga2023,627,0.205533,0.300295
icga2023,628,1.793711,0.661790
icga2023,629,0.041497,0.427135
icga2023,630,3.208107,2.044716
icga2023,631,0.010632,1.938200
icga2023,632,0.130197,0.185682
icga2023,633,0.108326,0.022055
icga2023,634,0.379837,0.151089
icga2023,635,0.065273,0.020787
icga2023,636,0.009029,0.024528
icga2023,637,0.083286,0.031625
icga2023,638,0.138410,0.173555
icga2023,639,0.008217,0.027747
icga2023,640,0.017605,0.044651
icga2023,641,0.454848,0.397698
icga2023,642,0.009783,0.033237
icga2023,643,0.006940,0.165999
icga2023,644,0.024382,0.025964
icga2023,645,0.009639,0.031219
icga2023,646,1.315713,5.174341
icga2023,647,0.015522,0.047195
icga2023,648,0.274500,0.512081
icga2023,649,0.081677,0.025188
icga2023,650,0.041353,0.140550
icga2023,651,1.767749,1.450229
icga2023,652,0.793029,0.155176
icga2023,653,1.326809,0.313757
icga2023,654,0.078657,0.344246
icga2023,655,0.044621,0.698453
icga2023,656,0.237978,0.373723
icga2023,657,0.021189,0.016746
icga2023,658,0.405463,6.091722
icga2023,659,0.014367,0.442808
icga2023,660,0.145330,0.183103
icga2023,661,0.067253,0.019597
icga2023,662,0.104767,0.132671
icga2023,663,0.074318,0.367487
icga2023,664,2.044684,3.605510
icga2023,665,0.057273,0.027592
icga2023,666,0.057774,0.025613
icga2023,667,1.842414,1.617044
icga2023,668,0.075919,0.092937
icga2023,669,0.188827,1.020094
icga2023,670,0.071481,0.033121
icga2023,671,0.042200,0.038924
icga2023,672,0.102678,0.074540
icga2023,673,0.073931,0.044594
icga2023,674,0.082899,0.026334
icga2023,675,0.150360,0.211485
icga2023,676,0.061495,0.026589
icga2023,677,0.538477,0.442241
icga2023,678,1.560916,1.007462
icga2023,679,0.032860,0.095456
icga2023,680,0.046073,0.038516
icga2023,681,0.014989,0.020250
icga2023,682,0.012280,0.024241
icga2023,683,0.133890,4.507143
icga2023,684,0.244036,26.618010
icga2023,685,0.004556,0.016214
icga2023,686,0.056803,0.040911
icga2023,687,0.443592,2.423652
icga2023,688,0.010118,0.194331
icga2023,689,0.084653,0.033930
icga2023,690,0.005844,0.026723
icga2023,691,0.071095,0.071820
icga2023,692,0.055999,0.029166
icga2023,693,0.025271,0.022165
icga2023,694,0.055219,0.046392
icga2023,695,0.023192,0.405424
icga2023,696,0.012517,0.977042
icga2023,697,0.018549,0.277424
icga2023,698,1.316182,88.428494
icga2023,699,1.296144,13.057361
icga2023,700,0.030889,0.028104
icga2023,701,0.007920,0.026773
icga2023,702,0.041991,0.033799
icga2023,703,0.013043,0.018219
icga2023,704,0.076588,0.044185
icga2023,705,0.007675,0.020611
icga2023,706,4.001541,8.508484
icga2023,707,0.019574,0.159716
icga2023,708,0.010682,0.033607
icga2023,709,0.096697,0.100321
icga2023,710,0.117757,0.037109
icga2023,711,0.689859,0.805164
icga2023,712,0.316686,0.195084
icga2023,713,0.050711,0.027333
icga2023,714,0.161828,0.216778
icga2023,715,0.316834,0.309909
icga2023,716,0.248597,0.078853
icga2023,717,0.031453,0.081591
icga2023,718,0.060311,0.056379
icga2023,719,0.333483,0.627718
icga2023,720,0.017132,0.182640
icga2023,721,0.062138,0.035071
icga2023,722,0.010097,0.254281
icga2023,723,0.006664,0.062012
icga2023,724,0.099987,0.079425
icga2023,725,0.051365,0.040859
icga2023,726,0.058017,0.040442
icga2023,727,0.350492,0.507230
icga2023,728,0.567136,169.305910
icga2023,729,1.846524,48.576866
icga2023,730,2.688028,4.528650
icga2023,731,0.321649,19.972075
icga2023,732,0.011068,0.097729
icga2023,733,0.053147,0.046893
icga2023,734,0.030085,0.388961
icga2023,735,0.013168,0.092129
icga2023,736,0.112738,0.036912
icga2023,737,0.108076,0.029099
icga2023,738,0.054775,0.721991
icga2023,739,0.008644,0.022811
icga2023,740,0.007688,0.026338
icga2023,741,0.283861,0.302515
icga2023,742,0.009325,0.030491
icga2023,743,0.058587,6.411828
icga2023,744,0.007012,0.030238
icga2023,745,0.011823,0.033066
icga2023,746,0.264582,0.453452
icga2023,747,0.014993,0.124761
icga2023,748,0.067115,0.097565
icga2023,749,0.016484,0.071209
icga2023,750,0.014294,0.387014
icga2023,751,0.076762,0.026393
icga2023,752,0.008211,0.025263
icga2023,753,0.057005,0.045380
icga2023,754,0.110438,0.214793
icga2023,755,0.008664,0.334452
icga2023,756,0.062679,0.021667
icga2023,757,0.010251,0.128108
icga2023,758,0.132646,0.184211
icga2023,759,0.009128,0.026978
icga2023,760,0.075294,0.063745
icga2023,761,0.129301,0.186669
icga2023,762,0.009804,0.034706
icga2023,763,0.090109,0.201913
icga2023,764,0.012980,0.107115
icga2023,765,0.096974,0.124961
icga2023,766,0.046970,0.592442
icga2023,767,0.096134,0.034947
icga2023,768,0.012974,4.130628
icga2023,769,0.006348,0.151788
icga2023,770,0.067597,0.065600
icga2023,771,0.061066,0.023753
icga2023,772,0.007310,0.029741
icga2023,773,0.009236,0.015296
icga2023,774,0.049768,3.178434
icga2023,775,0.011564,0.030353
icga2023,776,0.007801,0.027926
icga2023,777,0.066838,0.027463
icga2023,778,0.019183,0.022750
icga2023,779,0.007724,0.105001
icga2023,780,0.011860,0.067440
icga2023,781,2.205029,8.022134
icga2023,782,0.043593,0.126300
icga2023,783,0.040049,0.390131
icga2023,784,0.070826,0.287537
icga2023,785,0.017470,1.420428
icga2023,786,0.131756,0.485616
icga2023,787,0.020281,0.040101
icga2023,788,0.007293,0.079070
icga2023,789,0.025590,0.032550
icga2023,790,0.008334,0.026253
icga2023,791,0.006757,0.080577
icga2023,792,0.011170,0.126282
icga2023,793,0.077959,0.024104
icga2023,794,0.008266,0.020066
icga2023,795,0.009740,0.057776
icga2023,796,0.049240,0.456685
icga2023,797,0.021065,0.384121
icga2023,798,0.119949,0.159227
icga2023,799,1.787768,2.031363
icga2023,800,0.023902,0.030821
icga2023,801,0.016280,0.041933
icga2023,802,0.010324,0.219359
icga2023,803,0.006713,0.030765
icga2023,804,0.046139,0.134291
icga2023,805,0.010055,0.022227
icga2023,806,0.027950,0.053964
icga2023,807,0.007226,0.032308
icga2023,808,0.007607,0.031246
icga2023,809,0.009834,0.064318
icga2023,810,0.010818,0.020318
icga2023,811,0.026174,1.230113
icga2023,812,0.007535,0.022070
icga2023,813,0.007339,0.031538
icga2023,814,0.011013,0.028770
icga2023,815,0.008418,0.035109
icga2023,816,0.007110,0.018083
icga2023,817,0.060584,0.031243
icga2023,818,0.103347,0.175932
icga2023,819,0.008246,0.069908
icga2023,820,0.058818,0.181045
icga2023,821,0.022243,0.125918
icga2023,822,0.006887,0.025983
icga2023,823,0.007898,0.020334
icga2023,824,0.038826,0.025262
icga2023,825,0.015928,0.095847
icga2023,826,0.008326,0.196166
icga2023,827,0.008588,0.067286
icga2023,828,0.054968,0.027737
icga2023,829,0.009931,0.028314
icga2023,830,1.288711,0.664594
icga2023,831,0.007450,0.365865
icga2023,832,0.009098,0.047279
icga2023,833,0.012840,0.040608
icga2023,834,0.014468,0.053751
icga2023,835,0.022914,0.148140
icga2023,836,0.009866,0.029960
icga2023,837,0.092510,0.091133
icga2023,838,0.011305,0.025982
icga2023,839,0.007754,0.025310
icga2023,840,0.030940,0.031783
icga2023,841,0.007968,0.235318
icga2023,842,0.007589,0.058765
icga2023,843,0.034707,0.052835
icga2023,844,0.031339,0.606318
icga2023,845,0.010141,0.041694
icga2023,846,0.010266,0.022990
icga2023,847,0.154027,0.025161
icga2023,848,0.083286,0.048170
icga2023,849,0.022989,0.043190
icga2023,850,0.011544,0.139677
icga2023,851,0.011304,0.026079
icga2023,852,0.093699,0.267044
icga2023,853,0.050146,0.065667
icga2023,854,0.090854,0.067530
icga2023,855,0.007220,0.117106
icga2023,856,0.035690,0.060647
icga2023,857,0.010187,0.277839
icga2023,858,0.152011,0.221695
icga2023,859,0.008061,0.038506
icga2023,860,0.272218,0.415633
icga2023,861,0.053540,0.165513
icga2023,862,0.044404,0.094834
icga2023,863,0.011503,0.014021
icga2023,864,0.033850,0.017455
icga2023,865,0.009689,0.031987
icga2023,866,0.027851,0.111512
icga2023,867,0.087585,2.664990
icga2023,868,0.010697,0.072650
icga2023,869,0.009714,0.022889
icga2023,870,0.006304,0.031418
icga2023,871,0.008607,0.026064
icga2023,872,0.022120,0.080917
icga2023,873,0.007979,0.029717
icga2023,874,0.063989,0.155729
icga2023,875,0.014074,0.024122
icga2023,876,0.085728,0.023406
icga2023,877,0.030987,0.072843
icga2023,878,1.824201,4.296704
icga2023,879,0.020114,0.041249
icga2023,880,0.008977,0.015815
icga2023,881,0.009389,0.028268
icga2023,882,0.009921,0.028208
icga2023,883,0.060286,0.025436
icga2023,884,0.067000,0.036658
icga2023,885,0.009434,0.251177
icga2023,886,0.012451,0.025807
icga2023,887,0.045189,1.678389
icga2023,888,0.019590,0.022497
icga2023,889,0.039801,0.135230
icga2023,890,0.007559,0.020472
icga2023,891,0.008520,0.026131
icga2023,892,0.068505,0.019377
icga2023,893,0.007343,0.035265
icga2023,894,0.030750,0.104525
icga2023,895,0.008672,0.023787
icga2023,896,0.009036,0.027145
icga2023,897,0.005726,0.021674
icga2023,898,0.076837,0.023521
icga2023,899,0.083941,0.044246
icga2023,900,0.084262,0.036484
icga2023,901,0.012189,0.062689
icga2023,902,0.005940,0.026343
icga2023,903,0.019018,0.037224
icga2023,904,0.059358,0.023815
icga2023,905,0.044401,0.026066
icga2023,906,0.006281,0.035846
icga2023,907,0.042900,0.047377
icga2023,908,0.006939,0.026151
icga2023,909,0.010043,0.032724
icga2023,910,0.058301,0.081508
icga2023,911,0.009993,0.027281
icga2023,912,0.061771,0.040509
icga2023,913,0.007258,0.021598
icga2023,914,0.012207,0.024226
icga2023,915,0.031249,0.044867
icga2023,916,0.009184,0.220765
icga2023,917,0.008808,0.025341
icga2023,918,0.009319,0.024418
icga2023,919,0.032664,0.494949
icga2023,920,0.121341,0.087150
icga2023,921,0.063031,0.022852
icga2023,922,0.046067,0.018721
icga2023,923,0.006708,0.023289
icga2023,924,0.005906,0.037395
icga2023,925,0.006586,0.030803
icga2023,926,0.007188,0.040248
icga2023,927,0.009438,0.033570
icga2023,928,0.086688,0.081864
icga2023,929,0.007122,0.021097
icga2023,930,0.005812,0.022103
icga2023,931,0.035624,0.043613
icga2023,932,0.040537,0.020538
icga2023,933,0.057025,0.286277
icga2023,934,0.010543,0.016811
icga2023,935,0.028035,0.022460
icga2023,936,0.109855,0.107417
icga2023,937,0.092608,0.047494
icga2023,938,0.007762,0.074946
icga2023,939,0.200081,0.153384
icga2023,940,0.024850,0.020365
icga2023,941,0.047887,0.066688
icga2023,942,0.010968,0.028616
icga2023,943,0.051979,0.165860
icga2023,944,0.010024,0.061609
icga2023,945,0.008335,0.020971
icga2023,946,1.312551,0.318950
icga2023,947,0.010118,0.027262
icga2023,948,0.015813,0.026832
icga2023,949,0.008236,0.030058
icga2023,950,0.006318,0.029327
icga2023,951,0.007886,0.031009
icga2023,952,0.016195,0.028502
icga2023,953,0.017464,0.188234
icga2023,954,0.008975,0.226008
icga2023,955,0.012335,0.053115
icga2023,956,0.039960,0.126418
icga2023,957,0.006936,0.017144
icga2023,958,0.011054,0.021709
icga2023,959,0.124740,0.035984
icga2023,960,0.033614,0.021471
icga2023,961,0.097017,0.119863
icga2023,962,0.014726,0.020176
icga2023,963,0.062752,0.802061
icga2023,964,0.035863,0.023598
icga2023,965,0.009923,0.019855
icga2023,966,0.046445,0.038118
icga2023,967,0.010693,0.053785
icga2023,968,0.011036,0.047646
icga2023,969,0.007408,0.022086
icga2023,970,0.048898,0.021960
icga2023,971,0.051534,0.021533
icga2023,972,0.249593,0.032608
icga2023,973,0.008021,0.021795
icga2023,974,0.012723,0.059238
icga2023,975,0.006615,0.018216
icga2023,976,0.009197,0.154881
icga2023,977,0.013062,0.022899
icga2023,978,0.023912,0.024383
icga2023,979,0.009646,0.022119
icga2023,980,0.009965,0.108886
icga2023,981,1.324885,37.470692
icga2023,982,0.013594,0.022753
icga2023,983,0.009914,0.023815
icga2023,984,0.012240,0.027736
icga2023,985,0.007547,0.033881
icga2023,986,0.007429,0.213881
icga2023,987,0.031796,0.028984
icga2023,988,0.082060,0.083601
icga2023,989,0.162511,3506.023947
icga2023,990,0.006205,0.021472
icga2023,991,0.014567,0.018813
icga2023,992,0.049109,0.028819
icga2023,993,0.007318,0.138293
icga2023,994,0.005919,0.026015
icga2023,995,0.008588,0.023813
icga2023,996,0.007988,0.023286
icga2023,997,0.057513,0.024258
icga2023,998,0.013695,0.022730
icga2023,999,0.007259,0.028840
icga2023,1000,0.005414,0.024507
taai2011,1,0.005628,0.001669
taai2011,2,0.003855,0.000627
taai2011,3,0.001321,0.000888
taai2011,4,0.001437,0.000832
taai2011,5,0.001350,0.000552
taai2011,6,0.001350,0.003298
taai2011,7,0.001719,0.002286
taai2011,8,0.001468,0.002406
taai2011,9,0.001779,0.001681
taai2011,10,0.001760,0.001777
taai2011,11,0.001259,0.000404
taai2011,12,0.001361,0.000497
taai2011,13,0.001636,0.001612
taai2011,14,0.001678,0.001122
taai2011,15,0.001759,0.000706
taai2011,16,0.001461,0.001075
taai2011,17,0.002328,0.002938
taai2011,18,0.001909,0.002485
taai2011,19,0.001713,0.002145
taai2011,20,0.001565,0.000664
taai2011,21,0.001644,0.001324
taai2011,22,0.001634,0.002748
taai2011,23,0.001599,0.000951
taai2011,24,0.002676,0.003518
taai2011,25,0.001558,0.000785
taai2011,26,0.001741,0.001779
taai2011,27,0.001615,0.002403
taai2011,28,0.001401,0.000492
taai2011,29,0.002073,0.002836
taai2011,30,0.002161,0.002892
taai2011,31,0.001413,0.000968
taai2011,32,0.001268,0.000365
taai2011,33,0.001422,0.002045
taai2011,34,0.001624,0.000940
taai2011,35,0.001329,0.000578
taai2011,36,0.001546,0.000809
taai2011,37,0.001320,0.001158
taai2011,38,0.001677,0.001343
taai2011,39,0.001742,0.003385
taai2011,40,0.001490,0.000836
taai2011,41,0.001297,0.000797
taai2011,42,0.001380,0.001726
taai2011,43,0.002050,0.002445
taai2011,44,0.001474,0.001799
taai2011,45,0.001729,0.001650
taai2011,46,0.001602,0.002914
taai2011,47,0.001260,0.000355
taai2011,48,0.001303,0.001458
taai2011,49,0.001890,0.003974
taai2011,50,0.001584,0.001243
taai2011,51,0.001538,0.000643
taai2011,52,0.002137,0.004678
taai2011,53,0.003630,0.005140
taai2011,54,0.001583,0.000735
taai2011,55,0.001688,0.001609
taai2011,56,0.002035,0.001935
taai2011,57,0.001753,0.001092
taai2011,58,0.002126,0.002509
taai2011,59,0.001758,0.001449
taai2011,60,0.002430,0.003038
taai2011,61,0.002779,0.004221
taai2011,62,0.002140,0.005113
taai2011,63,0.001644,0.001238
taai2011,64,0.001554,0.001414
taai2011,65,0.001980,0.002584
taai2011,66,0.003606,0.007590
taai2011,67,0.002190,0.004256
taai2011,68,0.001618,0.000670
taai2011,69,0.001494,0.001849
taai2011,70,0.001467,0.001269
taai2011,71,0.002873,0.003525
taai2011,72,0.001424,0.001204
taai2011,73,0.001475,0.000836
taai2011,74,0.001449,0.000926
taai2011,75,0.002928,0.005442
taai2011,76,0.002154,0.002422
taai2011,77,0.001649,0.001123
taai2011,78,0.002274,0.005109
taai2011,79,0.001622,0.001250
taai2011,80,0.001682,0.002113
taai2011,81,0.001816,0.001145
taai2011,82,0.001931,0.002082
taai2011,83,0.001325,0.000892
taai2011,84,0.001979,0.002181
taai2011,85,0.001606,0.001220
taai2011,86,0.001689,0.001368
taai2011,87,0.003898,0.007658
taai2011,88,0.001358,0.000860
taai2011,89,0.002643,0.002669
taai2011,90,0.001674,0.001419
taai2011,91,0.001857,0.002122
taai2011,92,0.004128,0.007399
taai2011,93,0.001529,0.000530
taai2011,94,0.002117,0.003567
taai2011,95,0.002169,0.002423
taai2011,96,0.001695,0.001758
taai2011,97,0.001479,0.001430
taai2011,98,0.002018,0.003294
taai2011,99,0.001753,0.002960
taai2011,100,0.001789,0.001966
taai2011,101,0.002099,0.003141
taai2011,102,0.001958,0.004470
taai2011,103,0.001759,0.002210
taai2011,104,0.001784,0.001830
taai2011,105,0.001536,0.002220
taai2011,106,0.002178,0.002260
taai2011,107,0.001860,0.001510
taai2011,108,0.001661,0.003986
taai2011,109,0.001799,0.000947
taai2011,110,0.001525,0.003178
taai2011,111,0.002548,0.003159
taai2011,112,0.001575,0.001127
taai2011,113,0.001523,0.000711
taai2011,114,0.002434,0.002729
taai2011,115,0.001809,0.002143
taai2011,116,0.001858,0.001864
taai2011,117,0.001688,0.000819
taai2011,118,0.001661,0.001687
taai2011,119,0.001351,0.000871
taai2011,120,0.001955,0.003402
taai2011,121,0.001590,0.001449
taai2011,122,0.002732,0.005469
taai2011,123,0.001585,0.001749
taai2011,124,0.001853,0.001483
taai2011,125,0.002003,0.005953
taai2011,126,0.002131,0.002647
taai2011,127,0.001941,0.001785
taai2011,128,0.002014,0.005311
taai2011,129,0.001853,0.002269
taai2011,130,0.002097,0.003915
taai2011,131,0.009649,0.014356
taai2011,132,0.001973,0.001295
taai2011,133,0.002418,0.006020
taai2011,134,0.003301,0.006932
taai2011,135,0.002479,0.003384
taai2011,136,0.003199,0.007090
taai2011,137,0.002332,0.003178
taai2011,138,0.003177,0.003865
taai2011,139,0.001796,0.001210
taai2011,140,0.001773,0.002639
taai2011,141,0.003897,0.006987
taai2011,142,0.002192,0.004687
taai2011,143,0.002892,0.006496
taai2011,144,0.002008,0.001993
taai2011,145,0.001806,0.003628
taai2011,146,0.002178,0.003423
taai2011,147,0.002255,0.002194
taai2011,148,0.002222,0.005290
taai2011,149,0.002942,0.005253
taai2011,150,0.002106,0.002842
taai2011,151,0.002665,0.004112
taai2011,152,0.001803,0.001674
taai2011,153,0.007164,0.014661
taai2011,154,0.002344,0.003129
taai2011,155,0.002677,0.005426
taai2011,156,0.002254,0.006415
taai2011,157,0.002270,0.004577
taai2011,158,0.002270,0.003078
taai2011,159,0.001386,0.003120
taai2011,160,0.001506,0.002225
taai2011,161,0.004589,0.012338
taai2011,162,0.002491,0.003129
taai2011,163,0.001867,0.002912
taai2011,164,0.002177,0.002293
taai2011,165,0.004391,0.010269
taai2011,166,0.002587,0.005885
taai2011,167,0.001983,0.002057
taai2011,168,0.002124,0.004659
taai2011,169,0.001889,0.001692
taai2011,170,0.002163,0.004094
taai2011,171,0.001736,0.003973
taai2011,172,0.002375,0.004648
taai2011,173,0.001838,0.001320
taai2011,174,0.002735,0.003665
taai2011,175,0.002444,0.004907
taai2011,176,0.002178,0.005170
taai2011,177,0.001839,0.001427
taai2011,178,0.003629,0.007184
taai2011,179,0.001962,0.001060
taai2011,180,0.002888,0.007260
taai2011,181,0.002503,0.004127
taai2011,182,0.001578,0.002064
taai2011,183,0.001500,0.002364
taai2011,184,0.002084,0.005067
taai2011,185,0.002463,0.004086
taai2011,186,0.002934,0.006133
taai2011,187,0.004230,0.011785
taai2011,188,0.004287,0.015737
taai2011,189,0.001852,0.003253
taai2011,190,0.002237,0.003275
taai2011,191,0.003311,0.007184
taai2011,192,0.002607,0.006611
taai2011,193,0.002455,0.004596
taai2011,194,0.002058,0.001936
taai2011,195,0.003632,0.008185
taai2011,196,0.003118,0.006348
taai2011,197,0.001999,0.002640
taai2011,198,0.002104,0.002152
taai2011,199,0.001760,0.002964
taai2011,200,0.007343,0.025487
taai2011,201,0.001891,0.003523
taai2011,202,0.001787,0.001777
taai2011,203,0.002541,0.004114
taai2011,204,0.002410,0.004075
taai2011,205,0.002506,0.007200
taai2011,206,0.006539,0.015603
taai2011,207,0.003747,0.009616
taai2011,208,0.002226,0.004161
taai2011,209,0.006578,0.015138
taai2011,210,0.003194,0.004287
taai2011,211,0.004675,0.010107
taai2011,212,0.003255,0.005591
taai2011,213,0.001862,0.002849
taai2011,214,0.002613,0.007148
taai2011,215,0.003352,0.007014
taai2011,216,0.004931,0.012357
taai2011,217,0.001747,0.001948
taai2011,218,0.003383,0.004824
taai2011,219,0.004068,0.011183
taai2011,220,0.002257,0.006059
taai2011,221,0.001607,0.002424
taai2011,222,0.002588,0.008048
taai2011,223,0.001997,0.003687
taai2011,224,0.002128,0.003330
taai2011,225,0.004922,0.009785
taai2011,226,0.002796,0.006080
taai2011,227,0.003337,0.005516
taai2011,228,0.002872,0.004959
taai2011,229,0.003372,0.008988
taai2011,230,0.002106,0.005768
taai2011,231,0.004181,0.007794
taai2011,232,0.015078,0.008017
taai2011,233,0.004918,0.008523
taai2011,234,0.003032,0.007293
taai2011,235,0.003402,0.004786
taai2011,236,0.006035,0.020204
taai2011,237,0.005865,0.011815
taai2011,238,0.002524,0.006952
taai2011,239,0.006344,0.008740
taai2011,240,0.004553,0.008978
taai2011,241,0.002435,0.005318
taai2011,242,0.001851,0.002155
taai2011,243,0.002527,0.005297
taai2011,244,0.002590,0.005439
taai2011,245,0.001761,0.002170
taai2011,246,0.005085,0.018004
taai2011,247,0.002078,0.006900
taai2011,248,0.003128,0.006990
taai2011,249,0.002548,0.002599
taai2011,250,0.002903,0.004280
taai2011,251,0.002477,0.005302
taai2011,252,0.003233,0.006074
taai2011,253,0.001792,0.003211
taai2011,254,0.004328,0.011846
taai2011,255,0.004050,0.007608
taai2011,256,0.003043,0.005989
taai2011,257,0.001713,0.004251
taai2011,258,0.004654,0.010794
taai2011,259,0.002400,0.003529
taai2011,260,0.007211,0.023444
taai2011,261,0.004160,0.009526
taai2011,262,0.005361,0.006651
taai2011,263,0.002831,0.007333
taai2011,264,0.003581,0.011032
taai2011,265,0.010999,0.015926
taai2011,266,0.007941,0.012952
taai2011,267,0.006565,0.013022
taai2011,268,0.002446,0.006494
taai2011,269,0.002693,0.005813
taai2011,270,0.003507,0.006705
taai2011,271,0.004064,0.015675
taai2011,272,0.004870,0.013908
taai2011,273,0.002834,0.005251
taai2011,274,0.001787,0.002730
taai2011,275,0.003702,0.008977
taai2011,276,0.002957,0.010048
taai2011,277,0.002809,0.005786
taai2011,278,0.002071,0.003844
taai2011,279,0.007592,0.017849
taai2011,280,0.004220,0.006478
taai2011,281,0.004258,0.007055
taai2011,282,0.005087,0.010490
taai2011,283,0.002438,0.004488
taai2011,284,0.004443,0.008336
taai2011,285,0.003273,0.006812
taai2011,286,0.002046,0.005745
taai2011,287,0.004175,0.009156
taai2011,288,0.003733,0.008660
taai2011,289,0.001918,0.001998
taai2011,290,0.010543,0.020207
taai2011,291,0.061494,0.307851
taai2011,292,0.003633,0.009156
taai2011,293,0.004359,0.012957
taai2011,294,0.007563,0.016691
taai2011,295,0.008761,0.018643
taai2011,296,0.004347,0.008971
taai2011,297,0.002951,0.009702
taai2011,298,0.008635,0.016622
taai2011,299,0.054102,0.042647
taai2011,300,0.008241,0.028489
taai2011,301,0.003382,0.005000
taai2011,302,0.004747,0.012049
taai2011,303,0.008343,0.013515
taai2011,304,0.003371,0.006634
taai2011,305,0.005641,0.021375
taai2011,306,0.017839,0.055236
taai2011,307,0.005955,0.013306
taai2011,308,0.004707,0.018261
taai2011,309,0.010554,0.026114
taai2011,310,1.202783,0.538797
taai2011,311,0.005046,0.010025
taai2011,312,0.004412,0.013680
taai2011,313,0.003496,0.007484
taai2011,314,0.002777,0.006131
taai2011,315,0.014827,0.397589
taai2011,316,0.004318,0.010854
taai2011,317,0.010883,0.037003
taai2011,318,0.003693,0.010037
taai2011,319,0.005014,0.012840
taai2011,320,0.003915,0.007750
taai2011,321,0.008690,0.016095
taai2011,322,0.002996,0.005504
taai2011,323,0.005560,0.015357
taai2011,324,0.016666,0.190283
taai2011,325,0.007103,0.016700
taai2011,326,0.011396,0.017037
taai2011,327,0.081601,0.051553
taai2011,328,0.014454,0.054853
taai2011,329,0.005309,0.013412
taai2011,330,0.018136,0.044807
taai2011,331,0.008265,0.015926
taai2011,332,0.034592,0.013589
taai2011,333,0.003779,0.009718
taai2011,334,0.007941,0.015300
taai2011,335,0.007272,0.022130
taai2011,336,0.005587,0.014022
taai2011,337,0.007385,0.020423
taai2011,338,0.007572,0.016543
taai2011,339,0.002753,0.004430
taai2011,340,0.009875,0.034542
taai2011,341,0.005528,0.014663
taai2011,342,0.009187,0.034997
taai2011,343,0.005415,0.015910
taai2011,344,0.018475,0.014044
taai2011,345,0.033360,0.022225
taai2011,346,0.014507,0.065543
taai2011,347,0.041383,0.027733
taai2011,348,0.011223,0.014210
taai2011,349,0.007782,0.041463
taai2011,350,0.007170,0.016484
taai2011,351,0.007084,0.025404
taai2011,352,0.028040,0.018232
taai2011,353,0.010418,0.029036
taai2011,354,0.003960,0.006081
taai2011,355,0.009025,0.034395
taai2011,356,0.008721,0.028947
taai2011,357,0.086698,0.053227
taai2011,358,0.010378,0.036141
taai2011,359,0.003835,0.011407
taai2011,360,0.004022,0.034909
taai2011,361,0.007601,0.046953
taai2011,362,0.030324,0.033903
taai2011,363,0.004356,0.011110
taai2011,364,0.014733,0.022094
taai2011,365,0.003154,0.004007
taai2011,366,0.019890,0.036537
taai2011,367,0.015419,0.094435
taai2011,368,0.014024,0.029301
taai2011,369,0.045612,0.044194
taai2011,370,0.006647,0.013577
taai2011,371,0.042819,0.235868
taai2011,372,0.238722,1.039194
taai2011,373,0.147287,0.116067
taai2011,374,0.008460,0.018618
taai2011,375,0.003654,0.007683
taai2011,376,0.014203,0.024302
taai2011,377,0.035843,0.050043
taai2011,378,0.006398,0.015532
taai2011,379,0.012077,0.029202
taai2011,380,0.017892,0.015541
taai2011,381,0.013264,0.072127
taai2011,382,0.018077,0.322583
taai2011,383,0.013363,0.043564
taai2011,384,0.030923,0.071931
taai2011,385,0.075448,0.017632
taai2011,386,0.009104,0.083070
taai2011,387,0.011106,0.121280
taai2011,388,0.002584,0.003064
taai2011,389,0.004213,0.015971
taai2011,390,0.016619,0.057347
taai2011,391,0.004481,0.008860
taai2011,392,0.006788,0.011975
taai2011,393,0.008097,0.021294
taai2011,394,0.173199,2.028052
taai2011,395,3.080699,39.648498
taai2011,396,0.030054,0.040830
taai2011,397,0.063522,0.061193
taai2011,398,0.078435,0.061928
taai2011,399,0.006315,0.013498
taai2011,400,0.006239,0.023386
taai2011,401,0.005162,0.011722
taai2011,402,0.064227,0.065954
taai2011,403,0.006928,0.037834
taai2011,404,0.020503,0.176871
taai2011,405,0.013038,0.043623
taai2011,406,0.003906,0.011733
taai2011,407,0.003521,0.008969
taai2011,408,0.035612,0.025282
taai2011,409,0.034387,0.085455
taai2011,410,0.008151,0.015194
taai2011,411,0.063427,0.130102
taai2011,412,0.006053,0.020524
taai2011,413,0.008273,0.022146
taai2011,414,0.004647,0.015375
taai2011,415,0.006830,0.040933
taai2011,416,0.005515,0.033163
taai2011,417,0.007397,0.032735
taai2011,418,0.017246,0.053603
taai2011,419,0.037458,0.281360
taai2011,420,0.005322,0.022153
taai2011,421,0.006944,0.021919
taai2011,422,0.009540,0.019282
taai2011,423,0.008030,0.020963
taai2011,424,0.007812,0.021663
taai2011,425,0.008250,0.018977
taai2011,426,0.004320,0.008500
taai2011,427,0.019057,0.087904
taai2011,428,0.006743,0.218254
taai2011,429,0.006840,0.014981
taai2011,430,0.023060,0.043563
taai2011,431,0.042850,0.063347
taai2011,432,0.008644,0.014808
taai2011,433,0.020105,0.064422
taai2011,434,0.009471,0.038490
taai2011,435,0.004631,0.008882
taai2011,436,0.093657,0.042648
taai2011,437,0.116801,0.042036
taai2011,438,0.018077,0.036744
taai2011,439,0.008369,0.023358
taai2011,440,0.017885,0.020218
taai2011,441,0.035288,0.065370
taai2011,442,0.032831,0.198276
taai2011,443,0.075387,0.140857
taai2011,444,0.011588,0.054077
taai2011,445,0.013293,0.041029
taai2011,446,0.115567,0.086651
taai2011,447,0.114356,0.024171
taai2011,448,0.007022,0.016030
taai2011,449,0.041650,0.158211
taai2011,450,0.083092,0.118277
taai2011,451,0.027654,0.027962
taai2011,452,0.049805,0.081450
taai2011,453,0.005945,0.028867
taai2011,454,0.014930,0.174134
taai2011,455,0.127444,0.788542
taai2011,456,0.020339,0.372686
taai2011,457,0.025214,0.017819
taai2011,458,0.013497,0.036863
taai2011,459,0.025266,0.052153
taai2011,460,0.079683,0.023770
taai2011,461,0.016595,0.025589
taai2011,462,0.045866,0.338456
taai2011,463,0.009746,0.015286
taai2011,464,0.003709,0.010241
taai2011,465,0.677416,1.933194
taai2011,466,0.018321,0.041163
taai2011,467,0.004179,0.008934
taai2011,468,0.008009,0.020321
taai2011,469,1.716402,1.546006
taai2011,470,0.042995,0.099006
taai2011,471,0.171264,0.041254
taai2011,472,0.019258,0.031551
taai2011,473,0.008674,0.021726
taai2011,474,0.099203,0.080949
taai2011,475,0.019522,0.023243
taai2011,476,0.133485,0.128719
taai2011,477,0.078338,0.206891
taai2011,478,1.766142,1.302341
taai2011,479,0.015647,0.026801
taai2011,480,0.008860,0.039418
taai2011,481,0.018190,0.051096
taai2011,482,0.053377,0.039834
taai2011,483,0.027925,1.630315
taai2011,484,0.007324,0.016698
taai2011,485,0.008748,0.017959
taai2011,486,0.126056,0.151412
taai2011,487,0.774089,2.388639
taai2011,488,0.011249,0.041184
taai2011,489,0.009722,0.105634
taai2011,490,0.047050,0.023738
taai2011,491,0.201520,3.298073
taai2011,492,0.018334,0.112417
taai2011,493,2.617618,2.257619
taai2011,494,0.712301,1.777674
taai2011,495,0.172174,0.263996
taai2011,496,1.403964,3.936204
taai2011,497,0.006117,0.018876
taai2011,498,0.011520,0.023470
taai2011,499,0.060635,0.196412
taai2011,500,1.000829,0.310148
taai2011,501,0.587934,0.402717
taai2011,502,0.109368,0.098155
taai2011,503,0.013686,0.036831
taai2011,504,0.038996,0.956438
taai2011,505,0.041138,0.083475
taai2011,506,0.009717,0.031904
taai2011,507,2.378416,17.434611
taai2011,508,0.024154,0.039954
taai2011,509,0.012087,0.934630
taai2011,510,14.615717,20.583443
taai2011,511,0.123093,0.142952
taai2011,512,0.020016,0.032032
taai2011,513,0.052459,0.143611
taai2011,514,0.005493,0.107631
taai2011,515,0.005810,0.064399
taai2011,516,0.007522,0.025942
taai2011,517,0.024043,0.039388
taai2011,518,0.063588,0.016699
taai2011,519,0.014517,0.042091
taai2011,520,0.008638,0.054966
taai2011,521,0.026729,0.083346
taai2011,522,3.569860,0.479432
taai2011,523,0.008202,0.020882
taai2011,524,0.009999,0.241249
taai2011,525,0.029493,0.040945
taai2011,526,0.015853,0.631785
taai2011,527,0.006656,0.054314
taai2011,528,0.015957,0.039226
taai2011,529,0.526759,0.477760
taai2011,530,0.024747,0.034620
taai2011,531,1.961763,1.689895
taai2011,532,0.012388,0.025290
taai2011,533,0.153772,0.214480
taai2011,534,0.027402,0.033635
taai2011,535,0.010552,0.019099
taai2011,536,0.084396,0.808046
taai2011,537,0.035876,0.369697
taai2011,538,0.016469,0.104709
taai2011,539,0.069482,0.023606
taai2011,540,0.007320,0.053956
taai2011,541,0.077711,0.023966
taai2011,542,0.104082,0.055968
taai2011,543,0.006588,0.015951
taai2011,544,0.111074,0.084680
taai2011,545,0.014845,0.208754
taai2011,546,0.044324,0.032256
taai2011,547,0.007853,0.038678
taai2011,548,0.054309,0.030749
taai2011,549,2.715566,3.226404
taai2011,550,0.008173,0.038053
taai2011,551,0.007630,0.038189
taai2011,552,0.006086,0.015708
taai2011,553,0.008932,0.021521
taai2011,554,0.009000,0.060608
taai2011,555,0.016445,0.117511
taai2011,556,0.315224,0.502597
taai2011,557,0.008739,0.660748
taai2011,558,0.029329,0.085334
taai2011,559,0.176511,0.978020
taai2011,560,0.006615,0.020859
taai2011,561,0.016245,0.031632
taai2011,562,0.017874,0.246943
taai2011,563,2.239135,4.511451
taai2011,564,0.009484,0.025362
taai2011,565,0.029878,0.176596
taai2011,566,0.007427,0.018294
taai2011,567,0.025315,0.044831
taai2011,568,0.029966,0.040896
taai2011,569,0.006211,0.019421
taai2011,570,0.117026,4.058449
taai2011,571,0.337549,0.285824
taai2011,572,0.048439,0.119828
taai2011,573,0.154794,0.239102
taai2011,574,1.265597,3.850313
taai2011,575,0.011337,0.049200
taai2011,576,0.079013,0.038765
taai2011,577,1.796203,0.907726
taai2011,578,0.015940,0.093882
taai2011,579,2.563869,2.964477
taai2011,580,0.009583,0.073604
taai2011,581,0.027364,0.028647
taai2011,582,0.012606,0.518877
taai2011,583,0.025789,0.078794
taai2011,584,0.015660,0.024826
taai2011,585,1.018108,0.578605
taai2011,586,0.175002,0.580598
taai2011,587,5.227082,3.652919
taai2011,588,0.083808,0.048040
taai2011,589,0.012158,0.505349
taai2011,590,0.124642,0.150705
taai2011,591,8.140035,5.816681
taai2011,592,0.032274,0.047943
taai2011,593,0.016679,0.034236
taai2011,594,0.011883,0.022905
taai2011,595,0.017278,0.027386
taai2011,596,0.009594,0.018000
taai2011,597,0.213180,0.272804
taai2011,598,0.011192,0.197475
taai2011,599,0.073561,0.053953
taai2011,600,0.038469,0.074289
taai2011,601,0.134201,0.116291
taai2011,602,0.898287,0.428637
taai2011,603,0.041404,0.106872
taai2011,604,0.009084,0.022026
taai2011,605,0.077431,0.057120
taai2011,606,0.029751,0.379938
taai2011,607,0.020328,0.115917
taai2011,608,2.531893,1.093783
taai2011,609,0.300647,0.374011
taai2011,610,0.020518,0.224694
taai2011,611,0.117995,0.935596
taai2011,612,0.042058,0.036351
taai2011,613,0.039026,0.031723
taai2011,614,0.110383,0.033476
taai2011,615,0.015756,0.064182
taai2011,616,0.057075,1.383283
taai2011,617,0.203064,1.582838
taai2011,618,0.008590,0.070755
taai2011,619,0.062941,0.084983
taai2011,620,0.247428,0.330150
taai2011,621,0.032254,0.100513
taai2011,622,0.018575,0.136268
taai2011,623,0.020939,0.028588
taai2011,624,0.084939,0.021278
taai2011,625,0.606689,9.939561
taai2011,626,0.061582,0.046473
taai2011,627,0.119448,0.123109
taai2011,628,0.010081,0.058779
taai2011,629,0.110052,1.122845
taai2011,630,0.127673,0.169841
taai2011,631,0.220957,3.057926
taai2011,632,0.051295,0.030621
taai2011,633,0.111347,0.118487
taai2011,634,0.010542,0.021818
taai2011,635,0.024854,0.041224
taai2011,636,0.006524,0.021479
taai2011,637,0.073842,0.059637
taai2011,638,0.093020,0.095571
taai2011,639,0.009776,0.019133
taai2011,640,0.219698,0.818419
taai2011,641,0.856040,2.975001
taai2011,642,1.227362,10.068648
taai2011,643,0.051796,0.089727
taai2011,644,2.381443,5.002926
taai2011,645,0.007352,0.019910
taai2011,646,0.509688,6.436336
taai2011,647,0.038770,0.260605
taai2011,648,0.123153,0.848576
taai2011,649,0.098741,0.043785
taai2011,650,0.038607,0.141500
taai2011,651,0.105384,0.243566
taai2011,652,3.725524,19.094254
taai2011,653,0.029548,0.063794
taai2011,654,0.078580,0.018766
taai2011,655,0.103910,0.071763
taai2011,656,0.007189,0.025293
taai2011,657,0.090210,0.038542
taai2011,658,0.008041,0.025047
taai2011,659,0.120637,0.112011
taai2011,660,0.138983,0.973311
taai2011,661,0.055922,0.166649
taai2011,662,0.570493,1.599847
taai2011,663,0.041648,0.506476
taai2011,664,0.007536,0.052001
taai2011,665,0.068726,0.119119
taai2011,666,0.080481,0.078097
taai2011,667,0.007079,0.016944
taai2011,668,0.007020,0.014781
taai2011,669,0.006485,0.017370
taai2011,670,0.006728,0.119313
taai2011,671,0.087149,0.104447
taai2011,672,0.157119,0.570752
taai2011,673,0.018415,0.023304
taai2011,674,0.039787,0.078631
taai2011,675,0.094729,0.045064
taai2011,676,0.065107,0.696114
taai2011,677,0.008329,18.972549
taai2011,678,0.117738,0.121635
taai2011,679,0.213669,1.024074
taai2011,680,0.016445,0.116121
taai2011,681,0.310493,9.267562
taai2011,682,0.048375,0.047021
taai2011,683,0.302342,0.325459
taai2011,684,0.020459,0.086527
taai2011,685,1.907505,1.661740
taai2011,686,0.277819,0.343518
taai2011,687,0.040050,0.068552
taai2011,688,0.095640,0.039007
taai2011,689,0.082634,0.025779
taai2011,690,0.186674,15.134717
taai2011,691,0.106077,0.138483
taai2011,692,0.007426,0.019236
taai2011,693,0.052859,0.045154
taai2011,694,0.522069,0.191222
taai2011,695,0.009987,0.063894
taai2011,696,0.160464,0.130389
taai2011,697,0.060813,0.376001
taai2011,698,0.135644,0.338739
taai2011,699,0.008075,0.018708
taai2011,700,0.017203,0.035690
taai2011,701,0.150468,0.192072
taai2011,702,0.232276,2.594405
taai2011,703,0.054044,0.027680
taai2011,704,0.016538,0.075772
taai2011,705,0.571932,1.329572
taai2011,706,0.022553,0.019219
taai2011,707,0.007563,0.022718
taai2011,708,0.029330,0.027661
taai2011,709,0.006429,0.032171
taai2011,710,0.028100,0.154478
taai2011,711,0.121968,0.028664
taai2011,712,0.044564,0.023733
taai2011,713,0.527658,0.885246
taai2011,714,0.432840,0.669335
taai2011,715,0.081364,0.029934
taai2011,716,0.015596,3.190957
taai2011,717,0.027001,0.060507
taai2011,718,0.050335,0.086392
taai2011,719,0.011029,0.098079
taai2011,720,0.076439,0.023349
taai2011,721,1.810869,1.679363
taai2011,722,0.012695,0.036533
taai2011,723,0.013734,0.018859
taai2011,724,0.128274,0.157899
taai2011,725,0.029052,0.056781
taai2011,726,0.019123,0.022446
taai2011,727,0.322195,53.509378
taai2011,728,0.092346,0.075636
taai2011,729,0.134896,0.184562
taai2011,730,0.015498,0.133278
taai2011,731,0.644332,14.040946
taai2011,732,0.011814,0.024557
taai2011,733,0.014343,0.040676
taai2011,734,0.008212,0.046332
taai2011,735,0.047886,6.522146
taai2011,736,0.036783,7.504468
taai2011,737,0.009265,0.034350
taai2011,738,0.087258,0.021962
taai2011,739,0.031112,0.082792
taai2011,740,0.024568,0.278387
taai2011,741,0.077541,0.030384
taai2011,742,0.187121,1.947733
taai2011,743,0.025147,0.250578
taai2011,744,2.727791,2.606590
taai2011,745,0.053330,2.386870
taai2011,746,0.008153,0.070282
taai2011,747,0.011541,0.256657
taai2011,748,0.010921,0.031254
taai2011,749,0.026646,0.031710
taai2011,750,0.082710,0.804222
taai2011,751,0.386197,0.453367
taai2011,752,4.461297,3.675773
taai2011,753,0.053734,0.188724
taai2011,754,0.009386,0.020953
taai2011,755,0.006573,0.246841
taai2011,756,0.018109,0.037451
taai2011,757,0.054065,0.050716
taai2011,758,0.019789,11.681200
taai2011,759,0.065510,0.045064
taai2011,760,0.069044,0.035106
taai2011,761,0.007988,0.022837
taai2011,762,0.101672,0.031508
taai2011,763,0.013628,0.036887
taai2011,764,0.008201,0.021038
taai2011,765,0.009972,0.138618
taai2011,766,0.008514,0.023237
taai2011,767,0.182680,0.274315
taai2011,768,0.009403,0.135019
taai2011,769,0.010201,0.021461
taai2011,770,0.190182,0.856066
taai2011,771,0.271096,0.197288
taai2011,772,0.010559,0.028829
taai2011,773,0.011253,0.108104
taai2011,774,0.006270,0.038333
taai2011,775,0.010848,0.350142
taai2011,776,0.016572,0.088073
taai2011,777,0.093907,0.078072
taai2011,778,0.266498,1.646034
taai2011,779,0.016829,0.041960
taai2011,780,0.010121,0.029487
taai2011,781,0.087762,0.191270
taai2011,782,0.105761,0.041381
taai2011,783,0.011517,1.523405
taai2011,784,0.006724,0.022912
taai2011,785,0.005522,0.028822
taai2011,786,0.061196,0.045196
taai2011,787,0.008556,0.033398
taai2011,788,0.006063,0.052757
taai2011,789,0.206755,1.414049
taai2011,790,0.014245,0.052286
taai2011,791,0.088464,0.087287
taai2011,792,0.021261,0.130222
taai2011,793,0.040500,0.025157
taai2011,794,0.027863,0.034029
taai2011,795,0.060313,0.028882
taai2011,796,0.022037,0.083141
taai2011,797,0.070473,0.053630
taai2011,798,0.073191,0.040530
taai2011,799,0.349022,0.871478
taai2011,800,0.008191,0.019445
taai2011,801,0.069000,0.029713
taai2011,802,0.023663,0.047083
taai2011,803,0.015575,0.032591
taai2011,804,0.015992,0.034570
taai2011,805,0.008014,0.024658
taai2011,806,0.030400,0.028862
taai2011,807,0.034367,0.054455
taai2011,808,0.134444,0.058314
taai2011,809,0.016124,0.026694
taai2011,810,0.119622,0.143473
taai2011,811,0.008512,0.035508
taai2011,812,0.006647,0.019964
taai2011,813,0.006040,0.015282
taai2011,814,0.022683,0.027908
taai2011,815,0.278749,3.825341
taai2011,816,0.014929,0.586740
taai2011,817,0.031222,0.166631
taai2011,818,0.415385,0.304457
taai2011,819,0.011647,4.363767
taai2011,820,0.062873,0.020833
taai2011,821,0.020139,0.047375
taai2011,822,0.007600,0.023002
taai2011,823,0.079862,0.155254
taai2011,824,0.006757,0.025411
taai2011,825,0.009194,0.246072
taai2011,826,0.023519,0.032104
taai2011,827,0.077735,0.025254
taai2011,828,0.008113,0.022910
taai2011,829,0.017951,0.019621
taai2011,830,0.006283,0.026682
taai2011,831,0.067793,0.078041
taai2011,832,0.043731,0.104932
taai2011,833,0.030326,0.264960
taai2011,834,0.111112,0.117256
taai2011,835,0.329363,0.405462
taai2011,836,1.370220,0.386379
taai2011,837,0.013688,0.035392
taai2011,838,0.011248,0.033709
taai2011,839,0.017042,0.031300
taai2011,840,0.008465,0.026953
taai2011,841,0.010829,0.020959
taai2011,842,0.008763,0.033835
taai2011,843,0.008976,0.091961
taai2011,844,0.111101,0.128883
taai2011,845,0.025688,0.026836
taai2011,846,0.069217,0.057770
taai2011,847,0.020170,0.251475
taai2011,848,0.018820,0.271581
taai2011,849,0.008774,0.026441
taai2011,850,0.005549,0.029297
taai2011,851,0.005882,0.022139
taai2011,852,0.117106,5.942475
taai2011,853,0.160298,0.980057
taai2011,854,0.012763,0.191573
taai2011,855,0.008973,0.069671
taai2011,856,0.008815,0.024975
taai2011,857,0.440108,0.141279
taai2011,858,0.008601,0.029686
taai2011,859,0.025773,0.024904
taai2011,860,0.008105,0.019015
taai2011,861,0.008464,0.023411
taai2011,862,0.056735,0.049525
taai2011,863,0.012919,0.026171
taai2011,864,0.073995,0.658278
taai2011,865,0.031021,0.058251
taai2011,866,0.007192,0.022470
taai2011,867,0.035600,0.024583
taai2011,868,0.016958,0.022811
taai2011,869,0.009628,0.027698
taai2011,870,0.010219,0.034757
taai2011,871,0.009662,0.020959
taai2011,872,0.030496,0.089242
taai2011,873,0.109569,0.126523
taai2011,874,0.006727,0.020465
taai2011,875,0.007522,0.018403
taai2011,876,0.017158,0.042805
taai2011,877,0.054624,0.031575
taai2011,878,0.007395,0.046449
taai2011,879,0.009575,0.040231
taai2011,880,0.036271,0.038667
taai2011,881,0.077486,0.022069
taai2011,882,0.008681,0.027604
taai2011,883,0.013516,0.043813
taai2011,884,0.019035,0.076810
taai2011,885,0.008806,0.020934
taai2011,886,0.032429,0.379583
taai2011,887,0.013533,0.329671
taai2011,888,0.007909,0.023052
taai2011,889,0.008623,0.193153
taai2011,890,0.258804,9.178582
taai2011,891,0.311833,0.479195
taai2011,892,0.011087,0.022665
taai2011,893,0.089590,0.057976
taai2011,894,0.008173,0.024595
taai2011,895,0.005942,0.021848
taai2011,896,0.013938,0.022877
taai2011,897,0.009413,0.018820
taai2011,898,0.098224,0.124875
taai2011,899,0.012716,0.037301
taai2011,900,0.055754,0.025138
taai2011,901,0.040350,0.034641
taai2011,902,0.007616,0.212007
taai2011,903,0.013368,0.017505
taai2011,904,0.007712,0.074215
taai2011,905,0.007463,0.027005
taai2011,906,0.013345,0.026494
taai2011,907,0.011144,0.040499
taai2011,908,0.009027,0.119908
taai2011,909,0.008024,0.029930
taai2011,910,0.052807,0.138781
taai2011,911,0.006943,4.335636
taai2011,912,0.008471,0.050129
taai2011,913,0.008283,0.049657
taai2011,914,0.007692,0.038583
taai2011,915,0.008951,0.054390
taai2011,916,0.015143,0.076557
taai2011,917,0.008869,0.040561
taai2011,918,0.007838,0.024236
taai2011,919,0.005275,0.029084
taai2011,920,0.006485,0.020909
taai2011,921,0.006321,0.031137
taai2011,922,0.005789,0.018201
taai2011,923,0.028829,0.027579
taai2011,924,0.070576,0.020563
taai2011,925,0.008395,0.027132
taai2011,926,0.014583,0.024812
taai2011,927,0.128820,0.095882
taai2011,928,0.093614,0.092668
taai2011,929,0.041124,0.023018
taai2011,930,0.082388,0.025110
taai2011,931,0.025803,0.034319
taai2011,932,0.007602,0.029106
taai2011,933,0.016601,0.063573
taai2011,934,0.019591,0.023735
taai2011,935,0.006690,0.019046
taai2011,936,0.503959,0.324575
taai2011,937,0.010753,0.066745
taai2011,938,0.453451,0.229841
taai2011,939,0.017899,0.025736
taai2011,940,0.007280,0.024312
taai2011,941,0.006787,0.026754
taai2011,942,0.007766,0.033462
taai2011,943,0.007462,0.023977
taai2011,944,0.007662,0.038379
taai2011,945,0.007875,0.042389
taai2011,946,0.071529,0.024259
taai2011,947,0.007082,0.089145
taai2011,948,0.006783,0.551279
taai2011,949,0.080433,0.043626
taai2011,950,0.008291,1.459301
taai2011,951,0.008827,0.022108
taai2011,952,0.006618,0.036268
taai2011,953,0.032723,0.034105
taai2011,954,0.177781,1.037315
taai2011,955,0.010459,0.101286
taai2011,956,0.017283,0.060417
taai2011,957,0.007586,0.031877
taai2011,958,0.007652,0.462541
taai2011,959,0.009002,0.026908
taai2011,960,0.008632,0.072803
taai2011,961,0.007207,0.021643
taai2011,962,0.006794,0.039131
taai2011,963,0.031984,0.025158
taai2011,964,0.010006,0.029561
taai2011,965,0.006512,0.020218
taai2011,966,0.007398,0.019786
taai2011,967,0.032895,0.129853
taai2011,968,0.036545,0.021055
taai2011,969,0.084921,0.124502
taai2011,970,0.049252,0.019222
taai2011,971,0.009158,0.019860
taai2011,972,0.012304,0.028326
taai2011,973,0.007805,0.031441
taai2011,974,0.008903,0.015556
taai2011,975,0.007742,0.019269
taai2011,976,0.023424,0.194853
taai2011,977,0.006859,0.058016
taai2011,978,0.006978,0.049102
taai2011,979,0.007811,0.025362
taai2011,980,0.041941,0.028861
taai2011,981,0.014266,0.069432
taai2011,982,0.055182,0.028369
taai2011,983,0.008057,0.022106
taai2011,984,0.063197,0.025109
taai2011,985,0.008375,0.030723
taai2011,986,0.008353,0.039165
taai2011,987,0.005203,0.019029
taai2011,988,0.007983,0.032972
taai2011,989,0.015196,0.015159
taai2011,990,0.019882,0.025214
taai2011,991,0.009214,0.023122
taai2011,992,0.015690,0.024425
taai2011,993,0.038880,0.027324
taai2011,994,0.011752,3.067487
taai2011,995,0.013338,0.050154
taai2011,996,0.011639,0.040753
taai2011,997,0.007185,0.059518
taai2011,998,0.237230,4.568795
taai2011,999,0.039074,0.018461
taai2011,1000,0.012300,0.029558
taai2013,1,0.005746,0.002365
taai2013,2,0.003828,0.001572
taai2013,3,0.001376,0.001135
taai2013,4,0.001604,0.001310
taai2013,5,0.001927,0.002246
taai2013,6,0.001249,0.000421
taai2013,7,0.002728,0.003937
taai2013,8,0.001351,0.000435
taai2013,9,0.001383,0.000759
taai2013,10,0.002312,0.001969
taai2013,11,0.001516,0.001035
taai2013,12,0.001715,0.002108
taai2013,13,0.001497,0.001088
taai2013,14,0.001596,0.001307
taai2013,15,0.001622,0.002265
taai2013,16,0.001412,0.001465
taai2013,17,0.001881,0.001534
taai2013,18,0.001582,0.001297
taai2013,19,0.001537,0.002771
taai2013,20,0.002153,0.002455
taai2013,21,0.001556,0.002182
taai2013,22,0.001910,0.001291
taai2013,23,0.001643,0.000847
taai2013,24,0.001529,0.001163
taai2013,25,0.001793,0.001471
taai2013,26,0.002359,0.004069
taai2013,27,0.002164,0.004218
taai2013,28,0.001734,0.001879
taai2013,29,0.001433,0.000991
taai2013,30,0.002744,0.004799
taai2013,31,0.002787,0.005688
taai2013,32,0.001546,0.001782
taai2013,33,0.001864,0.001307
taai2013,34,0.001815,0.001145
taai2013,35,0.001397,0.001127
taai2013,36,0.001775,0.001695
taai2013,37,0.001741,0.001910
taai2013,38,0.002633,0.004789
taai2013,39,0.001584,0.001377
taai2013,40,0.001749,0.003098
taai2013,41,0.002191,0.002331
taai2013,42,0.002181,0.002698
taai2013,43,0.001387,0.002196
taai2013,44,0.001630,0.001694
taai2013,45,0.001490,0.001148
taai2013,46,0.001502,0.002021
taai2013,47,0.002475,0.002951
taai2013,48,0.001703,0.001693
taai2013,49,0.001350,0.000490
taai2013,50,0.002122,0.002736
taai2013,51,0.001764,0.003079
taai2013,52,0.001634,0.001361
taai2013,53,0.002245,0.002414
taai2013,54,0.001921,0.001621
taai2013,55,0.001262,0.000298
taai2013,56,0.001552,0.002577
taai2013,57,0.001334,0.000462
taai2013,58,0.001963,0.002817
taai2013,59,0.002916,0.004813
taai2013,60,0.001602,0.001325
taai2013,61,0.001935,0.001968
taai2013,62,0.001907,0.002321
taai2013,63,0.002157,0.005309
taai2013,64,0.001344,0.000904
taai2013,65,0.001969,0.001633
taai2013,66,0.001667,0.003378
taai2013,67,0.001815,0.002426
taai2013,68,0.001977,0.002260
taai2013,69,0.001748,0.001194
taai2013,70,0.002396,0.004765
taai2013,71,0.002188,0.003930
taai2013,72,0.001688,0.001524
taai2013,73,0.001574,0.001118
taai2013,74,0.001359,0.000720
taai2013,75,0.001831,0.001892
taai2013,76,0.001477,0.001652
taai2013,77,0.001617,0.001034
taai2013,78,0.001659,0.001290
taai2013,79,0.001752,0.003282
taai2013,80,0.001905,0.002743
taai2013,81,0.002003,0.001808
taai2013,82,0.002030,0.001368
taai2013,83,0.002499,0.003548
taai2013,84,0.002089,0.001902
taai2013,85,0.001800,0.001742
taai2013,86,0.002398,0.003619
taai2013,87,0.002101,0.001697
taai2013,88,0.001700,0.001621
taai2013,89,0.001739,0.002612
taai2013,90,0.001908,0.003342
taai2013,91,0.001482,0.001146
taai2013,92,0.002596,0.005559
taai2013,93,0.001604,0.001646
taai2013,94,0.004408,0.009502
taai2013,95,0.002826,0.002777
taai2013,96,0.002677,0.004966
taai2013,97,0.001673,0.000756
taai2013,98,0.003473,0.008691
taai2013,99,0.020516,0.046103
taai2013,100,0.002495,0.004871
taai2013,101,0.001540,0.002289
taai2013,102,0.001771,0.001364
taai2013,103,0.001748,0.003804
taai2013,104,0.003193,0.005426
taai2013,105,0.001566,0.003217
taai2013,106,0.005214,0.013559
taai2013,107,0.001469,0.000839
taai2013,108,0.002282,0.003439
taai2013,109,0.001698,0.001895
taai2013,110,0.001942,0.001981
taai2013,111,0.002462,0.002449
taai2013,112,0.001372,0.000507
taai2013,113,0.002457,0.003144
taai2013,114,0.001604,0.001803
taai2013,115,0.003165,0.007281
taai2013,116,0.001307,0.001791
taai2013,117,0.001459,0.000527
taai2013,118,0.001390,0.001404
taai2013,119,0.002339,0.003988
taai2013,120,0.002153,0.004315
taai2013,121,0.002121,0.004568
taai2013,122,0.003452,0.007101
taai2013,123,0.001915,0.003028
taai2013,124,0.003286,0.008093
taai2013,125,0.001485,0.000459
taai2013,126,0.002435,0.003493
taai2013,127,0.002116,0.002604
taai2013,128,0.001733,0.001171
taai2013,129,0.001545,0.002079
taai2013,130,0.002106,0.004364
taai2013,131,0.001843,0.001539
taai2013,132,0.001763,0.002445
taai2013,133,0.001611,0.001800
taai2013,134,0.002054,0.002153
taai2013,135,0.002022,0.003152
taai2013,136,0.003176,0.005112
taai2013,137,0.002066,0.002656
taai2013,138,0.002387,0.004800
taai2013,139,0.002371,0.003786
taai2013,140,0.002716,0.003101
taai2013,141,0.001877,0.003496
taai2013,142,0.002475,0.004888
taai2013,143,0.002229,0.003558
taai2013,144,0.002128,0.003949
taai2013,145,0.002853,0.006112
taai2013,146,0.001791,0.001703
taai2013,147,0.003026,0.009285
taai2013,148,0.003217,0.006193
taai2013,149,0.003852,0.012392
taai2013,150,0.003415,0.006593
taai2013,151,0.001883,0.002810
taai2013,152,0.001751,0.002106
taai2013,153,0.002941,0.003166
taai2013,154,0.002308,0.002178
taai2013,155,0.001842,0.004147
taai2013,156,0.002075,0.004935
taai2013,157,0.005501,0.011539
taai2013,158,0.003929,0.012877
taai2013,159,0.001662,0.001094
taai2013,160,0.002773,0.006614
taai2013,161,0.002534,0.004465
taai2013,162,0.002765,0.004562
taai2013,163,0.002178,0.002761
taai2013,164,0.005752,0.012834
taai2013,165,0.001928,0.003645
taai2013,166,0.001659,0.001495
taai2013,167,0.001790,0.004038
taai2013,168,0.002960,0.006618
taai2013,169,0.002067,0.003893
taai2013,170,0.002035,0.005475
taai2013,171,0.002420,0.003689
taai2013,172,0.002661,0.003622
taai2013,173,0.003987,0.011937
taai2013,174,0.001813,0.003397
taai2013,175,0.001728,0.004130
taai2013,176,0.001771,0.001964
taai2013,177,0.001957,0.002093
taai2013,178,0.002433,0.003809
taai2013,179,0.004822,0.011021
taai2013,180,0.001445,0.001114
taai2013,181,0.002918,0.003888
taai2013,182,0.003764,0.009504
taai2013,183,0.002669,0.004998
taai2013,184,0.002056,0.004624
taai2013,185,0.002761,0.005480
taai2013,186,0.004788,0.011635
taai2013,187,0.001722,0.003281
taai2013,188,0.005814,0.009513
taai2013,189,0.001743,0.002463
taai2013,190,0.002393,0.004711
taai2013,191,0.001518,0.000766
taai2013,192,0.003245,0.005907
taai2013,193,0.002055,0.003661
taai2013,194,0.004654,0.011694
taai2013,195,0.002301,0.001424
taai2013,196,0.001982,0.001853
taai2013,197,0.003090,0.006846
taai2013,198,0.001763,0.002409
taai2013,199,0.001751,0.001489
taai2013,200,0.003202,0.026384
taai2013,201,0.002695,0.006144
taai2013,202,0.002365,0.003040
taai2013,203,0.003416,0.006740
taai2013,204,0.002292,0.003450
taai2013,205,0.003644,0.010058
taai2013,206,0.003678,0.007441
taai2013,207,0.003662,0.006268
taai2013,208,0.003205,0.005525
taai2013,209,0.003952,0.008026
taai2013,210,0.002453,0.003239
taai2013,211,0.003386,0.008148
taai2013,212,0.003619,0.003302
taai2013,213,0.001570,0.000715
taai2013,214,0.004311,0.007613
taai2013,215,0.003220,0.006891
taai2013,216,0.004169,0.009613
taai2013,217,0.002022,0.003249
taai2013,218,0.003387,0.006571
taai2013,219,0.003087,0.004756
taai2013,220,0.002896,0.006216
taai2013,221,0.001918,0.001409
taai2013,222,0.002655,0.003936
taai2013,223,0.002451,0.005049
taai2013,224,0.010199,0.018190
taai2013,225,0.017693,0.180646
taai2013,226,0.003493,0.005424
taai2013,227,0.002632,0.004640
taai2013,228,0.036807,0.127805
taai2013,229,0.002568,0.002302
taai2013,230,0.002035,0.003352
taai2013,231,0.002699,0.002786
taai2013,232,0.002969,0.005467
taai2013,233,0.007032,0.014323
taai2013,234,0.002476,0.004882
taai2013,235,0.002224,0.006393
taai2013,236,0.002482,0.004156
taai2013,237,0.004765,0.015276
taai2013,238,0.004264,0.009344
taai2013,239,0.002529,0.004677
taai2013,240,0.006123,0.017434
taai2013,241,0.006083,0.016917
taai2013,242,0.004153,0.010093
taai2013,243,0.003095,0.004411
taai2013,244,0.003961,0.011141
taai2013,245,0.002236,0.004337
taai2013,246,0.002088,0.001631
taai2013,247,0.004525,0.011563
taai2013,248,0.004003,0.014217
taai2013,249,0.002722,0.003654
taai2013,250,0.006887,0.047565
taai2013,251,0.008631,0.023417
taai2013,252,0.001816,0.001661
taai2013,253,0.006545,0.019148
taai2013,254,0.002378,0.006864
taai2013,255,0.047458,0.021780
taai2013,256,0.005576,0.016356
taai2013,257,0.006603,0.016747
taai2013,258,0.003529,0.006602
taai2013,259,0.005664,0.012504
taai2013,260,0.002597,0.004701
taai2013,261,0.001703,0.004686
taai2013,262,0.013020,0.012160
taai2013,263,0.002202,0.004015
taai2013,264,0.002865,0.011342
taai2013,265,0.003660,0.007032
taai2013,266,0.004189,0.006579
taai2013,267,0.002579,0.004456
taai2013,268,0.003183,0.005321
taai2013,269,0.003914,0.008624
taai2013,270,0.002794,0.005331
taai2013,271,0.002786,0.005346
taai2013,272,0.002841,0.006338
taai2013,273,0.003719,0.013988
taai2013,274,0.002833,0.005893
taai2013,275,0.002929,0.006179
taai2013,276,0.006183,0.027402
taai2013,277,0.002661,0.004455
taai2013,278,0.004054,0.012012
taai2013,279,0.006121,0.014599
taai2013,280,0.003833,0.010617
taai2013,281,0.005681,0.015295
taai2013,282,0.007409,0.023199
taai2013,283,0.005532,0.008626
taai2013,284,0.003057,0.005249
taai2013,285,0.001992,0.003205
taai2013,286,0.007615,0.013527
taai2013,287,0.003561,0.007597
taai2013,288,0.002492,0.003471
taai2013,289,0.003598,0.007983
taai2013,290,0.005524,0.014621
taai2013,291,0.002731,0.006539
taai2013,292,0.012589,0.021561
taai2013,293,0.002301,0.004094
taai2013,294,0.035745,0.206292
taai2013,295,0.003059,0.003616
taai2013,296,0.007473,0.027279
taai2013,297,0.006138,0.014327
taai2013,298,0.006046,0.022908
taai2013,299,0.088413,0.065851
taai2013,300,0.003367,0.006519
taai2013,301,0.003313,0.006447
taai2013,302,0.021480,0.030006
taai2013,303,0.029642,0.020143
taai2013,304,0.003717,0.006593
taai2013,305,0.020013,0.028201
taai2013,306,0.006977,0.013329
taai2013,307,0.004473,0.009593
taai2013,308,0.004115,0.012360
taai2013,309,0.003035,0.007722
taai2013,310,0.004084,0.011626
taai2013,311,0.030448,0.093253
taai2013,312,0.009421,0.015241
taai2013,313,0.004119,0.009606
taai2013,314,0.003937,0.008272
taai2013,315,0.004710,0.016705
taai2013,316,0.008310,0.017838
taai2013,317,0.007577,0.017271
taai2013,318,0.011704,0.009464
taai2013,319,0.008443,0.034424
taai2013,320,0.001904,0.004105
taai2013,321,0.010327,0.041664
taai2013,322,0.015331,0.037512
taai2013,323,0.006994,0.018248
taai2013,324,0.013258,0.019807
taai2013,325,0.011065,0.039601
taai2013,326,0.014445,0.015424
taai2013,327,0.002788,0.003292
taai2013,328,0.019460,0.076752
taai2013,329,0.004996,0.010054
taai2013,330,0.004766,0.012491
taai2013,331,0.010336,0.024526
taai2013,332,0.006280,0.014358
taai2013,333,0.003370,0.012338
taai2013,334,0.007538,0.508075
taai2013,335,0.005788,0.012553
taai2013,336,0.006480,0.013505
taai2013,337,0.006534,0.010199
taai2013,338,0.015047,0.020415
taai2013,339,0.006207,0.016707
taai2013,340,0.008136,0.011994
taai2013,341,0.007666,0.042809
taai2013,342,0.003323,0.004613
taai2013,343,0.047283,0.036204
taai2013,344,0.004192,0.008772
taai2013,345,0.010832,0.011411
taai2013,346,0.043598,0.084841
taai2013,347,0.010768,0.039754
taai2013,348,0.014162,0.041903
taai2013,349,0.028401,0.048460
taai2013,350,0.083533,0.018414
taai2013,351,0.122774,0.162197
taai2013,352,0.481164,0.400441
taai2013,353,0.008421,0.011781
taai2013,354,0.012108,0.034210
taai2013,355,0.012422,0.034208
taai2013,356,0.004734,0.010883
taai2013,357,0.012643,0.032225
taai2013,358,0.002839,0.007048
taai2013,359,0.020977,0.028988
taai2013,360,0.053053,0.079033
taai2013,361,0.008839,0.020734
taai2013,362,0.006767,0.013567
taai2013,363,0.008623,0.041192
taai2013,364,0.007119,0.026149
taai2013,365,0.005635,0.016651
taai2013,366,0.007345,0.013547
taai2013,367,0.007966,0.036261
taai2013,368,0.141143,0.208798
taai2013,369,0.020772,0.661515
taai2013,370,0.006772,0.017466
taai2013,371,0.089382,0.300430
taai2013,372,0.012559,0.110014
taai2013,373,0.002959,0.004856
taai2013,374,0.008167,0.022574
taai2013,375,0.008192,0.014422
taai2013,376,0.013984,0.070598
taai2013,377,0.005619,0.014896
taai2013,378,0.004765,0.019541
taai2013,379,0.005336,0.007456
taai2013,380,0.008282,0.167029
taai2013,381,0.008901,0.021332
taai2013,382,0.007069,0.034226
taai2013,383,0.002726,0.006425
taai2013,384,0.006997,0.438615
taai2013,385,0.008185,0.009012
taai2013,386,0.015251,0.054859
taai2013,387,0.031026,0.045141
taai2013,388,0.062743,0.052684
taai2013,389,1.259970,0.585452
taai2013,390,0.069084,0.031475
taai2013,391,0.047043,0.154948
taai2013,392,0.526852,0.315080
taai2013,393,0.007932,0.063633
taai2013,394,0.006634,0.040717
taai2013,395,0.002843,0.004554
taai2013,396,0.007392,0.061291
taai2013,397,0.016867,0.068493
taai2013,398,0.014385,0.058098
taai2013,399,0.005154,0.011216
taai2013,400,0.018032,0.043433
taai2013,401,0.013631,0.423737
taai2013,402,0.006062,0.015589
taai2013,403,0.025116,0.075123
taai2013,404,0.006474,0.023184
taai2013,405,0.008244,0.029014
taai2013,406,0.052538,0.086575
taai2013,407,0.008690,0.021848
taai2013,408,0.023981,0.034749
taai2013,409,0.005372,0.010663
taai2013,410,0.009640,0.018588
taai2013,411,0.040010,0.178049
taai2013,412,0.035360,0.455145
taai2013,413,0.016635,0.067118
taai2013,414,0.011346,0.142611
taai2013,415,0.064610,0.196221
taai2013,416,0.010308,0.022585
taai2013,417,0.037993,0.074377
taai2013,418,0.047049,0.035140
taai2013,419,0.031409,0.068653
taai2013,420,0.030411,0.093411
taai2013,421,0.042288,0.012562
taai2013,422,0.011621,0.016844
taai2013,423,0.405488,0.477114
taai2013,424,0.009600,0.017677
taai2013,425,0.067412,0.157020
taai2013,426,0.019421,0.193495
taai2013,427,0.517926,2.017057
taai2013,428,0.018639,0.108250
taai2013,429,0.024345,0.046898
taai2013,430,0.014825,0.058794
taai2013,431,0.096212,0.070986
taai2013,432,0.019474,0.124459
taai2013,433,0.005309,0.008689
taai2013,434,0.027368,0.484929
taai2013,435,0.024211,0.565523
taai2013,436,0.005624,0.019782
taai2013,437,0.015430,0.057421
taai2013,438,0.023403,0.057453
taai2013,439,0.010501,0.026437
taai2013,440,0.005802,0.006598
taai2013,441,0.003098,0.006095
taai2013,442,0.037736,0.052787
taai2013,443,0.074719,0.032519
taai2013,444,0.032372,0.063408
taai2013,445,0.012433,0.023987
taai2013,446,0.267396,0.563061
taai2013,447,0.006280,0.013040
taai2013,448,0.003552,0.013820
taai2013,449,0.211472,0.728378
taai2013,450,0.012369,0.317870
taai2013,451,0.008674,0.016927
taai2013,452,0.008915,0.040750
taai2013,453,0.015412,0.236486
taai2013,454,0.040610,0.275067
taai2013,455,1.019181,0.573764
taai2013,456,2.396325,8.992912
taai2013,457,0.007101,0.026142
taai2013,458,0.100812,0.096852
taai2013,459,0.075208,0.043474
taai2013,460,0.007721,0.018779
taai2013,461,0.019527,0.023209
taai2013,462,0.043291,0.023220
taai2013,463,0.009712,0.022794
taai2013,464,0.014343,0.078576
taai2013,465,0.466026,0.686153
taai2013,466,1.924144,0.387076
taai2013,467,0.062856,0.128239
taai2013,468,0.030528,2.868452
taai2013,469,0.014839,0.071453
taai2013,470,0.023996,0.037212
taai2013,471,0.017051,0.027893
taai2013,472,0.014395,0.039387
taai2013,473,1.026444,5.151157
taai2013,474,0.012224,0.032775
taai2013,475,1.647684,1.965330
taai2013,476,0.007298,0.020161
taai2013,477,0.005838,0.011906
taai2013,478,0.014400,0.020897
taai2013,479,0.008292,0.024389
taai2013,480,0.036941,0.232347
taai2013,481,0.084446,0.099012
taai2013,482,0.370208,0.519233
taai2013,483,0.440638,0.199316
taai2013,484,0.402651,0.342564
taai2013,485,0.030694,0.051812
taai2013,486,0.042967,0.025343
taai2013,487,0.033250,0.170385
taai2013,488,0.007277,0.022680
taai2013,489,0.039707,0.043920
taai2013,490,0.508362,2.622018
taai2013,491,0.249913,0.782215
taai2013,492,0.276694,0.134492
taai2013,493,0.098815,0.068062
taai2013,494,0.055309,0.232613
taai2013,495,0.015276,0.020780
taai2013,496,2.241999,7.906220
taai2013,497,0.043257,0.354314
taai2013,498,0.011763,0.094779
taai2013,499,0.008323,0.045145
taai2013,500,0.058095,0.103109
taai2013,501,0.095952,0.055123
taai2013,502,0.244290,1.947827
taai2013,503,1.804802,18.715810
taai2013,504,0.141153,0.044082
taai2013,505,1.807926,6.655895
taai2013,506,6.196602,0.277015
taai2013,507,0.007241,0.014464
taai2013,508,1.941146,0.271561
taai2013,509,0.098828,3.100129
taai2013,510,1.153072,11.661463
taai2013,511,2.612481,4.411486
taai2013,512,0.109306,0.257059
taai2013,513,0.012199,0.038189
taai2013,514,0.010612,0.844286
taai2013,515,3.497566,16.049592
taai2013,516,0.039360,0.036667
taai2013,517,0.017496,0.026436
taai2013,518,0.008972,0.024054
taai2013,519,6.224774,4.018129
taai2013,520,0.012053,0.029973
taai2013,521,0.076057,0.052547
taai2013,522,1.148564,0.142251
taai2013,523,0.472408,2.996327
taai2013,524,0.028070,1.381873
taai2013,525,0.090637,0.043169
taai2013,526,0.728773,26.343247
taai2013,527,0.006702,0.021810
taai2013,528,0.008275,0.016035
taai2013,529,0.074548,0.471794
taai2013,530,0.086723,0.044144
taai2013,531,0.011466,0.070227
taai2013,532,0.006595,0.119494
taai2013,533,0.163022,0.210976
taai2013,534,0.236347,0.327455
taai2013,535,0.091291,0.078300
taai2013,536,0.070415,0.292250
taai2013,537,0.064494,0.132854
taai2013,538,0.017512,0.080477
taai2013,539,0.012377,0.046523
taai2013,540,0.080436,7.664306
taai2013,541,0.004905,0.012584
taai2013,542,0.007278,0.011842
taai2013,543,2.565672,4.232794
taai2013,544,0.013696,0.036560
taai2013,545,0.064850,0.029316
taai2013,546,0.012245,0.062478
taai2013,547,0.448500,0.473305
taai2013,548,0.012993,22.543821
taai2013,549,0.026883,0.053732
taai2013,550,0.016412,0.448224
taai2013,551,0.593337,2.114749
taai2013,552,0.047168,0.084814
taai2013,553,0.031024,0.063387
taai2013,554,0.006752,0.012417
taai2013,555,0.017943,0.335880
taai2013,556,0.071766,0.059581
taai2013,557,0.057372,0.416243
taai2013,558,0.007338,0.021947
taai2013,559,0.179980,2.152169
taai2013,560,0.010320,0.037130
taai2013,561,0.062231,0.285140
taai2013,562,0.028152,0.988346
taai2013,563,0.017356,0.021599
taai2013,564,0.028467,0.033264
taai2013,565,0.008061,0.031658
taai2013,566,0.210249,0.353143
taai2013,567,0.046252,0.087540
taai2013,568,0.339327,0.794121
taai2013,569,0.075846,0.019222
taai2013,570,0.089614,0.069062
taai2013,571,0.107978,0.045753
taai2013,572,0.012540,0.028214
taai2013,573,0.023323,0.019818
taai2013,574,0.145183,0.182875
taai2013,575,2.451969,3.807523
taai2013,576,0.107425,7.498814
taai2013,577,0.018106,0.028741
taai2013,578,0.057869,0.043760
taai2013,579,0.004976,0.021866
taai2013,580,0.417811,0.348363
taai2013,581,0.021741,0.073426
taai2013,582,0.601216,0.964692
taai2013,583,0.121075,0.071541
taai2013,584,0.543951,2.902292
taai2013,585,0.227982,1.966076
taai2013,586,1.185441,1.270816
taai2013,587,1.564539,224.255536
taai2013,588,0.102674,0.040285
taai2013,589,0.603832,10.312737
taai2013,590,0.094970,0.068643
taai2013,591,0.011111,0.034523
taai2013,592,0.008811,0.058454
taai2013,593,0.057611,0.113890
taai2013,594,0.074424,0.027246
taai2013,595,0.032289,2.375702
taai2013,596,1.723628,132.443795
taai2013,597,0.010765,0.024818
taai2013,598,0.013790,0.129682
taai2013,599,1.299925,2.310083
taai2013,600,0.010150,0.021164
taai2013,601,1.220136,0.845614
taai2013,602,0.015180,0.034309
taai2013,603,0.062222,0.090498
taai2013,604,0.321096,0.533884
taai2013,605,1.262510,5.407374
taai2013,606,0.091054,0.048312
taai2013,607,0.044202,0.020186
taai2013,608,0.138915,0.895679
taai2013,609,0.026556,0.034624
taai2013,610,0.038727,0.140717
taai2013,611,0.015020,0.072168
taai2013,612,0.105799,0.067893
taai2013,613,0.017777,0.093719
taai2013,614,0.080194,0.043491
taai2013,615,0.128244,0.063721
taai2013,616,0.005996,0.018241
taai2013,617,0.023631,0.132520
taai2013,618,0.009014,0.289407
taai2013,619,0.007801,0.069245
taai2013,620,0.019239,0.075609
taai2013,621,0.009706,0.138213
taai2013,622,0.028536,0.089199
taai2013,623,0.316396,0.540341
taai2013,624,0.011396,0.022266
taai2013,625,0.256892,0.462509
taai2013,626,0.072195,0.032972
taai2013,627,0.049931,0.018608
taai2013,628,0.018931,0.100425
taai2013,629,0.013576,0.050311
taai2013,630,0.009254,0.052861
taai2013,631,0.013902,0.027475
taai2013,632,1.778553,0.389880
taai2013,633,0.079483,0.141515
taai2013,634,0.006864,0.016836
taai2013,635,0.052166,0.042278
taai2013,636,0.015379,0.022786
taai2013,637,0.743563,0.603381
taai2013,638,1.045699,24.209137
taai2013,639,0.445435,1.445973
taai2013,640,2.698870,66.169722
taai2013,641,0.072591,0.034938
taai2013,642,0.056597,0.132840
taai2013,643,0.017641,0.052472
taai2013,644,0.513271,4.540900
taai2013,645,0.160890,0.214923
taai2013,646,0.083784,0.021539
taai2013,647,0.012436,0.038491
taai2013,648,0.020328,1.424961
taai2013,649,0.069569,0.022591
taai2013,650,0.125777,0.471802
taai2013,651,0.017315,0.594181
taai2013,652,0.121445,0.193919
taai2013,653,0.120228,0.154830
taai2013,654,0.089268,0.037359
taai2013,655,0.636640,0.255103
taai2013,656,0.010820,0.086687
taai2013,657,0.119873,0.108503
taai2013,658,0.018150,0.386072
taai2013,659,0.116111,0.192184
taai2013,660,0.059718,0.865850
taai2013,661,0.098439,0.035453
taai2013,662,0.011840,0.019907
taai2013,663,0.079984,0.061448
taai2013,664,0.015406,0.040732
taai2013,665,0.006290,0.022432
taai2013,666,0.068953,0.063211
taai2013,667,0.329663,1.041254
taai2013,668,0.014200,0.032708
taai2013,669,0.021120,2.952990
taai2013,670,0.124359,1.454008
taai2013,671,0.009214,0.040936
taai2013,672,0.638568,0.809376
taai2013,673,0.009122,0.020088
taai2013,674,0.011841,0.089651
taai2013,675,0.043589,0.247776
taai2013,676,0.014801,0.077202
taai2013,677,0.031743,0.125974
taai2013,678,0.013172,0.047789
taai2013,679,0.019449,0.196180
taai2013,680,0.290585,1.966594
taai2013,681,0.010486,0.053770
taai2013,682,0.008842,0.035667
taai2013,683,0.010960,0.063990
taai2013,684,0.348798,1.665953
taai2013,685,0.297650,0.437386
taai2013,686,0.052921,0.418883
taai2013,687,0.298012,0.316746
taai2013,688,0.009818,0.020227
taai2013,689,0.034898,7.706530
taai2013,690,0.005308,0.013334
taai2013,691,0.155254,0.237113
taai2013,692,0.098312,0.094945
taai2013,693,0.020999,0.124507
taai2013,694,0.172195,1.885774
taai2013,695,1.226239,8.938662
taai2013,696,0.139322,0.197967
taai2013,697,0.066394,1.493422
taai2013,698,0.008851,1.084480
taai2013,699,0.149910,0.030664
taai2013,700,0.013471,0.039611
taai2013,701,0.294051,0.850385
taai2013,702,0.010759,0.031224
taai2013,703,0.052909,1.174898
taai2013,704,0.097184,0.092692
taai2013,705,1.314646,149.246693
taai2013,706,0.073769,0.049023
taai2013,707,0.404305,0.349308
taai2013,708,0.008133,0.017748
taai2013,709,0.012969,0.262194
taai2013,710,0.038231,0.593644
taai2013,711,0.078009,0.027259
taai2013,712,0.105355,0.114439
taai2013,713,0.008113,0.034459
taai2013,714,1.638501,2.521074
taai2013,715,0.022362,0.047704
taai2013,716,0.044846,8.146131
taai2013,717,0.006962,0.022014
taai2013,718,0.022578,0.104146
taai2013,719,0.027065,0.338362
taai2013,720,0.023406,0.101451
taai2013,721,0.007128,1.263649
taai2013,722,0.053195,14.278591
taai2013,723,0.075294,0.152062
taai2013,724,0.110605,0.123067
taai2013,725,0.018566,30.295119
taai2013,726,0.014096,0.032774
taai2013,727,0.022606,0.125672
taai2013,728,0.482837,7.767515
taai2013,729,0.082753,0.046341
taai2013,730,0.496748,3.112107
taai2013,731,0.013581,0.038444
taai2013,732,0.450814,0.609456
taai2013,733,2.560699,9.385002
taai2013,734,0.040280,0.094196
taai2013,735,0.300838,11.480723
taai2013,736,0.087295,0.176752
taai2013,737,0.015463,0.060003
taai2013,738,0.016270,0.196156
taai2013,739,0.010206,0.058228
taai2013,740,0.182629,0.182541
taai2013,741,0.021542,0.095355
taai2013,742,0.015643,0.028212
taai2013,743,0.229106,0.640041
taai2013,744,0.010738,0.033942
taai2013,745,0.062467,0.038024
taai2013,746,0.015825,0.034512
taai2013,747,0.139631,0.111017
taai2013,748,0.006973,0.357071
taai2013,749,0.006712,0.142474
taai2013,750,0.007970,0.027573
taai2013,751,0.015340,0.060456
taai2013,752,0.069568,0.016848
taai2013,753,0.081911,0.021167
taai2013,754,0.045619,0.050033
taai2013,755,0.010617,0.028008
taai2013,756,0.051064,0.725401
taai2013,757,0.104581,0.102778
taai2013,758,0.011265,0.012083
taai2013,759,0.006588,0.021300
taai2013,760,0.154857,0.214275
taai2013,761,0.012733,0.019121
taai2013,762,0.027704,0.035102
taai2013,763,0.062843,0.049400
taai2013,764,0.069713,0.010126
taai2013,765,0.060034,0.025748
taai2013,766,0.047381,0.024671
taai2013,767,0.043147,0.907432
taai2013,768,0.060086,0.032600
taai2013,769,0.008797,0.017836
taai2013,770,2.221760,7.987828
taai2013,771,0.533866,0.245266
taai2013,772,0.058840,0.039297
taai2013,773,0.008874,0.083931
taai2013,774,0.049679,0.053604
taai2013,775,0.010418,0.025046
taai2013,776,0.008362,0.029646
taai2013,777,0.026131,0.324516
taai2013,778,0.024516,0.043715
taai2013,779,0.064130,0.023857
taai2013,780,0.012291,0.026053
taai2013,781,0.012703,0.041864
taai2013,782,0.006456,0.268723
taai2013,783,0.536290,1.336510
taai2013,784,0.062517,0.039912
taai2013,785,0.111180,0.039744
taai2013,786,0.116327,0.161073
taai2013,787,0.008357,0.029064
taai2013,788,0.024634,0.017050
taai2013,789,0.016168,0.048082
taai2013,790,0.053628,0.025959
taai2013,791,0.011199,0.021317
taai2013,792,0.022204,1.914330
taai2013,793,0.008741,0.027617
taai2013,794,0.013215,0.038210
taai2013,795,0.013677,0.044030
taai2013,796,0.095842,0.152815
taai2013,797,0.005911,0.034066
taai2013,798,0.069913,0.267928
taai2013,799,0.035733,0.564148
taai2013,800,0.012888,0.055403
taai2013,801,0.098183,0.028619
taai2013,802,0.010727,0.081424
taai2013,803,0.060001,0.023998
taai2013,804,0.009115,0.029834
taai2013,805,0.637495,0.068170
taai2013,806,0.073320,0.104386
taai2013,807,0.056022,0.710497
taai2013,808,0.069883,0.034933
taai2013,809,0.008732,0.041516
taai2013,810,0.008002,0.025309
taai2013,811,0.011808,0.024613
taai2013,812,0.073025,0.302837
taai2013,813,0.090263,0.038533
taai2013,814,0.032626,0.028242
taai2013,815,0.150102,0.574938
taai2013,816,1.901313,4.290523
taai2013,817,0.056540,0.193842
taai2013,818,0.018521,0.062600
taai2013,819,0.112116,0.192338
taai2013,820,0.006798,0.040530
taai2013,821,0.009820,0.064678
taai2013,822,0.167570,0.907847
taai2013,823,0.096101,0.027659
taai2013,824,0.014472,0.031443
taai2013,825,0.008014,0.019664
taai2013,826,0.009645,0.091699
taai2013,827,0.292993,3.826670
taai2013,828,0.010477,0.094429
taai2013,829,0.032076,0.085215
taai2013,830,0.007825,0.025178
taai2013,831,0.036257,0.050563
taai2013,832,0.048665,0.115516
taai2013,833,0.013322,0.071860
taai2013,834,0.018641,0.072738
taai2013,835,0.412032,400.057869
taai2013,836,0.025120,0.050530
taai2013,837,0.652411,113.984563
taai2013,838,0.108439,0.048665
taai2013,839,0.121870,0.214751
taai2013,840,1.656729,0.839744
taai2013,841,0.382038,1.580389
taai2013,842,0.079325,0.044302
taai2013,843,0.006824,0.023417
taai2013,844,0.018214,0.779827
taai2013,845,0.273416,0.207745
taai2013,846,0.061376,0.024812
taai2013,847,0.039743,0.032950
taai2013,848,0.020086,0.030726
taai2013,849,0.016239,0.021884
taai2013,850,0.058989,0.070581
taai2013,851,0.011567,0.023868
taai2013,852,0.039441,0.900993
taai2013,853,0.026927,0.026348
taai2013,854,0.008881,0.015828
taai2013,855,0.010967,0.035405
taai2013,856,0.009821,0.026841
taai2013,857,0.113957,0.136965
taai2013,858,0.342115,0.051535
taai2013,859,0.010590,0.114113
taai2013,860,0.005973,0.030761
taai2013,861,0.070532,1.478378
taai2013,862,0.059820,0.027302
taai2013,863,0.010759,0.024853
taai2013,864,0.007035,0.031064
taai2013,865,0.043206,0.210260
taai2013,866,0.098406,0.080089
taai2013,867,0.006482,0.021303
taai2013,868,0.050442,0.041233
taai2013,869,0.008819,0.032395
taai2013,870,0.010343,0.103358
taai2013,871,0.071387,0.038848
taai2013,872,0.009891,0.749204
taai2013,873,0.018091,0.051604
taai2013,874,0.016456,0.029643
taai2013,875,0.065098,0.026459
taai2013,876,0.008618,0.195571
taai2013,877,0.007498,0.020615
taai2013,878,0.011584,0.034908
taai2013,879,0.008148,0.043038
taai2013,880,0.131053,0.207937
taai2013,881,0.008794,2.457988
taai2013,882,0.009416,0.029752
taai2013,883,0.112469,0.022847
taai2013,884,0.007382,0.020587
taai2013,885,0.162578,0.023819
taai2013,886,0.027807,0.020683
taai2013,887,0.007822,0.028181
taai2013,888,0.006381,0.049408
taai2013,889,0.035016,0.111719
taai2013,890,0.009770,0.024511
taai2013,891,0.006303,0.041841
taai2013,892,0.107218,0.044274
taai2013,893,0.010476,0.463183
taai2013,894,0.020461,0.045049
taai2013,895,0.051519,0.031965
taai2013,896,0.009858,0.058015
taai2013,897,0.038083,0.025496
taai2013,898,0.008429,0.021083
taai2013,899,0.005229,0.021578
taai2013,900,0.011628,0.019335
taai2013,901,0.077232,0.028744
taai2013,902,0.008378,0.226135
taai2013,903,0.007866,0.242123
taai2013,904,0.055543,0.024200
taai2013,905,0.352129,0.318221
taai2013,906,0.006789,0.021415
taai2013,907,0.012882,0.023238
taai2013,908,0.006875,0.019688
taai2013,909,0.014045,0.038797
taai2013,910,0.007632,0.026431
taai2013,911,0.006872,0.021653
taai2013,912,0.010430,0.059466
taai2013,913,0.043889,0.035790
taai2013,914,0.008135,0.023969
taai2013,915,0.009769,0.055287
taai2013,916,0.007976,0.088314
taai2013,917,0.128990,0.174403
taai2013,918,0.007971,0.063715
taai2013,919,0.006301,0.021930
taai2013,920,0.069105,0.072665
taai2013,921,0.014648,0.108221
taai2013,922,0.056374,0.026583
taai2013,923,0.023870,0.027705
taai2013,924,0.100975,0.031901
taai2013,925,0.007692,0.023826
taai2013,926,0.010582,0.433363
taai2013,927,0.008016,0.060366
taai2013,928,0.011475,0.026592
taai2013,929,0.032771,0.023910
taai2013,930,0.008203,0.036106
taai2013,931,0.009714,0.020647
taai2013,932,0.025111,0.022752
taai2013,933,0.007613,0.036523
taai2013,934,0.008691,0.072355
taai2013,935,0.064023,0.020863
taai2013,936,0.006741,0.024615
taai2013,937,0.006471,0.044928
taai2013,938,0.035328,0.025461
taai2013,939,0.007172,0.027816
taai2013,940,0.008895,0.028326
taai2013,941,0.007803,0.050114
taai2013,942,0.011181,0.021290
taai2013,943,0.009053,0.022101
taai2013,944,0.028231,0.022156
taai2013,945,0.008638,0.160610
taai2013,946,0.005727,0.135429
taai2013,947,0.143793,0.930238
taai2013,948,0.079222,0.037121
taai2013,949,0.005973,0.023839
taai2013,950,0.009503,0.036497
taai2013,951,0.007045,0.016682
taai2013,952,0.009977,0.085375
taai2013,953,0.013458,0.022871
taai2013,954,0.007680,0.038797
taai2013,955,0.009773,0.018167
taai2013,956,0.006623,0.018435
taai2013,957,0.010063,0.030793
taai2013,958,0.007483,0.019451
taai2013,959,0.009639,0.027986
taai2013,960,0.014068,0.022722
taai2013,961,0.021295,0.031642
taai2013,962,0.007674,0.018285
taai2013,963,0.005767,0.016561
taai2013,964,0.056677,0.136529
taai2013,965,0.031066,0.153721
taai2013,966,0.008560,0.021090
taai2013,967,0.007702,0.095574
taai2013,968,0.009936,0.021996
taai2013,969,0.007443,0.027904
taai2013,970,0.075110,0.067239
taai2013,971,0.012625,0.082721
taai2013,972,0.005842,0.016662
taai2013,973,0.008575,0.023527
taai2013,974,0.039718,0.047738
taai2013,975,0.005933,0.017679
taai2013,976,0.007162,0.014755
taai2013,977,0.014363,0.020235
taai2013,978,0.007567,0.026762
taai2013,979,0.007813,0.020410
taai2013,980,0.006751,0.023218
taai2013,981,0.007557,0.037402
taai2013,982,0.033209,0.585962
taai2013,983,0.008103,0.024559
taai2013,984,0.007451,0.024657
taai2013,985,0.007083,0.077419
taai2013,986,0.008391,0.094539
taai2013,987,0.014055,0.114882
taai2013,988,0.058470,0.040588
taai2013,989,0.084068,0.027208
taai2013,990,0.010441,0.027534
taai2013,991,0.009079,0.031185
taai2013,992,0.012785,0.021401
taai2013,993,0.006314,0.020492
taai2013,994,0.036377,1.530854
taai2013,995,0.012790,0.030567
taai2013,996,0.008089,0.139349
taai2013,997,0.011445,0.461300
taai2013,998,0.007380,0.021476
taai2013,999,0.006414,0.027589
taai2013,1000,0.057926,0.059764
taai2014,1,0.005429,0.001982
taai2014,2,0.003567,0.000354
taai2014,3,0.001376,0.000693
taai2014,4,0.001449,0.000917
taai2014,5,0.001720,0.002667
taai2014,6,0.001349,0.002122
taai2014,7,0.001470,0.001500
taai2014,8,0.001553,0.002115
taai2014,9,0.001507,0.002241
taai2014,10,0.001291,0.000350
taai2014,11,0.001459,0.002576
taai2014,12,0.001482,0.000682
taai2014,13,0.001894,0.003265
taai2014,14,0.002462,0.003644
taai2014,15,0.001691,0.001505
taai2014,16,0.001340,0.000620
taai2014,17,0.001490,0.002614
taai2014,18,0.001555,0.001185
taai2014,19,0.001730,0.000724
taai2014,20,0.001656,0.001236
taai2014,21,0.001585,0.001815
taai2014,22,0.002461,0.002982
taai2014,23,0.001333,0.001489
taai2014,24,0.001343,0.001163
taai2014,25,0.001607,0.001925
taai2014,26,0.001449,0.000760
taai2014,27,0.001980,0.004020
taai2014,28,0.001690,0.001567
taai2014,29,0.001365,0.000770
taai2014,30,0.001330,0.000452
taai2014,31,0.001749,0.002884
taai2014,32,0.001940,0.002061
taai2014,33,0.001417,0.001850
taai2014,34,0.001782,0.002340
taai2014,35,0.001432,0.001411
taai2014,36,0.001435,0.000625
taai2014,37,0.001578,0.001499
taai2014,38,0.001303,0.000459
taai2014,39,0.001573,0.001443
taai2014,40,0.002490,0.003053
taai2014,41,0.001388,0.002626
taai2014,42,0.001851,0.002783
taai2014,43,0.001878,0.001472
taai2014,44,0.001565,0.002823
taai2014,45,0.001437,0.002178
taai2014,46,0.001461,0.000521
taai2014,47,0.001842,0.002856
taai2014,48,0.002301,0.002788
taai2014,49,0.001273,0.000386
taai2014,50,0.002000,0.001428
taai2014,51,0.001570,0.001941
taai2014,52,0.001375,0.001025
taai2014,53,0.001514,0.000949
taai2014,54,0.001513,0.000897
taai2014,55,0.001651,0.001073
taai2014,56,0.001645,0.001967
taai2014,57,0.001689,0.002339
taai2014,58,0.001441,0.000888
taai2014,59,0.001678,0.001900
taai2014,60,0.001492,0.001013
taai2014,61,0.002200,0.002781
taai2014,62,0.001660,0.001390
taai2014,63,0.002298,0.003878
taai2014,64,0.001890,0.000988
taai2014,65,0.001503,0.002219
taai2014,66,0.001554,0.000743
taai2014,67,0.001642,0.002411
taai2014,68,0.001961,0.001963
taai2014,69,0.001928,0.003903
taai2014,70,0.001473,0.002795
taai2014,71,0.002538,0.004740
taai2014,72,0.001771,0.001758
taai2014,73,0.002364,0.002918
taai2014,74,0.001687,0.001190
taai2014,75,0.002357,0.002125
taai2014,76,0.002020,0.001173
taai2014,77,0.001898,0.002048
taai2014,78,0.001626,0.002539
taai2014,79,0.001795,0.001798
taai2014,80,0.001951,0.002210
taai2014,81,0.002953,0.004970
taai2014,82,0.001937,0.003234
taai2014,83,0.001878,0.001136
taai2014,84,0.003708,0.007411
taai2014,85,0.002366,0.004613
taai2014,86,0.001696,0.001454
taai2014,87,0.001870,0.002592
taai2014,88,0.001723,0.001406
taai2014,89,0.002338,0.005617
taai2014,90,0.001665,0.002206
taai2014,91,0.002109,0.003219
taai2014,92,0.002989,0.005261
taai2014,93,0.001674,0.001875
taai2014,94,0.001312,0.000602
taai2014,95,0.001538,0.001041
taai2014,96,0.001693,0.001517
taai2014,97,0.002044,0.001554
taai2014,98,0.001609,0.001275
taai2014,99,0.001681,0.001206
taai2014,100,0.001750,0.003578
taai2014,101,0.002501,0.001962
taai2014,102,0.001628,0.002080
taai2014,103,0.002081,0.004463
taai2014,104,0.003258,0.006826
taai2014,105,0.002280,0.001859
taai2014,106,0.001551,0.000960
taai2014,107,0.001481,0.000772
taai2014,108,0.001952,0.005739
taai2014,109,0.001539,0.003602
taai2014,110,0.001854,0.004628
taai2014,111,0.001831,0.002738
taai2014,112,0.001533,0.001896
taai2014,113,0.002640,0.004359
taai2014,114,0.001704,0.001847
taai2014,115,0.002100,0.003020
taai2014,116,0.001520,0.001179
taai2014,117,0.001788,0.001922
taai2014,118,0.002213,0.004032
taai2014,119,0.001766,0.001427
taai2014,120,0.001857,0.001786
taai2014,121,0.002090,0.001883
taai2014,122,0.001377,0.000411
taai2014,123,0.001881,0.002459
taai2014,124,0.002212,0.003527
taai2014,125,0.004716,0.005331
taai2014,126,0.001969,0.001551
taai2014,127,0.001349,0.001006
taai2014,128,0.001797,0.003038
taai2014,129,0.002480,0.004620
taai2014,130,0.001682,0.003675
taai2014,131,0.002231,0.002205
taai2014,132,0.001493,0.000917
taai2014,133,0.002643,0.006223
taai2014,134,0.002846,0.003274
taai2014,135,0.008951,0.047060
taai2014,136,0.002757,0.004526
taai2014,137,0.002295,0.003968
taai2014,138,0.002059,0.002652
taai2014,139,0.001479,0.001915
taai2014,140,0.002555,0.004159
taai2014,141,0.002515,0.004126
taai2014,142,0.003084,0.007282
taai2014,143,0.002735,0.003456
taai2014,144,0.002783,0.005581
taai2014,145,0.002164,0.003655
taai2014,146,0.004040,0.007739
taai2014,147,0.002516,0.005119
taai2014,148,0.002614,0.006846
taai2014,149,0.001653,0.000819
taai2014,150,0.001735,0.001783
taai2014,151,0.002210,0.003356
taai2014,152,0.001732,0.002509
taai2014,153,0.001728,0.003158
taai2014,154,0.002136,0.003137
taai2014,155,0.001736,0.003282
taai2014,156,0.002071,0.002693
taai2014,157,0.002765,0.003385
taai2014,158,0.002425,0.004188
taai2014,159,0.001476,0.002375
taai2014,160,0.002088,0.004158
taai2014,161,0.003463,0.006657
taai2014,162,0.001965,0.004770
taai2014,163,0.003714,0.006893
taai2014,164,0.002291,0.001925
taai2014,165,0.002237,0.004317
taai2014,166,0.002626,0.004098
taai2014,167,0.004389,0.008515
taai2014,168,0.003065,0.006512
taai2014,169,0.002410,0.003638
taai2014,170,0.002266,0.007113
taai2014,171,0.002772,0.005155
taai2014,172,0.003412,0.008061
taai2014,173,0.002432,0.004835
taai2014,174,0.012785,0.014580
taai2014,175,0.002353,0.003415
taai2014,176,0.003774,0.009650
taai2014,177,0.002400,0.004007
taai2014,178,0.002179,0.003556
taai2014,179,0.001399,0.000606
taai2014,180,0.003098,0.005244
taai2014,181,0.002245,0.002707
taai2014,182,0.002611,0.002623
taai2014,183,0.002572,0.005322
taai2014,184,0.002736,0.006060
taai2014,185,0.001821,0.002556
taai2014,186,0.002078,0.004264
taai2014,187,0.001684,0.000820
taai2014,188,0.004037,0.008804
taai2014,189,0.001937,0.002494
taai2014,190,0.003811,0.008116
taai2014,191,0.003073,0.006088
taai2014,192,0.003074,0.005111
taai2014,193,0.001395,0.002360
taai2014,194,0.003212,0.005395
taai2014,195,0.002423,0.005711
taai2014,196,0.003416,0.006573
taai2014,197,0.003500,0.011326
taai2014,198,0.002293,0.003351
taai2014,199,0.002322,0.003904
taai2014,200,0.001765,0.002559
taai2014,201,0.003771,0.008709
taai2014,202,0.021529,0.069072
taai2014,203,0.005470,0.012901
taai2014,204,0.001714,0.001278
taai2014,205,0.002044,0.003971
taai2014,206,0.004875,0.012616
taai2014,207,0.001589,0.003685
taai2014,208,0.002116,0.003745
taai2014,209,0.002478,0.003368
taai2014,210,0.002956,0.006011
taai2014,211,0.002627,0.003153
taai2014,212,0.004424,0.007426
taai2014,213,0.002157,0.002951
taai2014,214,0.002501,0.006390
taai2014,215,0.002675,0.005795
taai2014,216,0.002342,0.005353
taai2014,217,0.009371,0.026071
taai2014,218,0.008300,0.026900
taai2014,219,0.003876,0.008912
taai2014,220,0.005783,0.016489
taai2014,221,0.002380,0.005206
taai2014,222,0.002424,0.005868
taai2014,223,0.007043,0.019640
taai2014,224,0.003256,0.008560
taai2014,225,0.002044,0.002562
taai2014,226,0.004657,0.010083
taai2014,227,0.002707,0.004799
taai2014,228,0.004713,0.010734
taai2014,229,0.004566,0.011623
taai2014,230,0.007446,0.014642
taai2014,231,0.020841,0.023659
taai2014,232,0.003330,0.007403
taai2014,233,0.001674,0.004580
taai2014,234,0.005136,0.010773
taai2014,235,0.002554,0.004620
taai2014,236,0.002688,0.007790
taai2014,237,0.002690,0.004240
taai2014,238,0.002408,0.004569
taai2014,239,0.003363,0.003414
taai2014,240,0.002138,0.003677
taai2014,241,0.002833,0.005727
taai2014,242,0.002790,0.006589
taai2014,243,0.002600,0.005434
taai2014,244,0.015645,0.043707
taai2014,245,0.003037,0.006506
taai2014,246,0.003182,0.007624
taai2014,247,0.002580,0.005484
taai2014,248,0.001472,0.001212
taai2014,249,0.005236,0.009852
taai2014,250,0.004898,0.011034
taai2014,251,0.004451,0.008986
taai2014,252,0.002581,0.005031
taai2014,253,0.002493,0.003299
taai2014,254,0.002572,0.005852
taai2014,255,0.002904,0.007107
taai2014,256,0.004690,0.010179
taai2014,257,0.001907,0.002437
taai2014,258,0.002782,0.006190
taai2014,259,0.002860,0.007148
taai2014,260,0.002149,0.003386
taai2014,261,0.004486,0.010845
taai2014,262,0.003572,0.008756
taai2014,263,0.002257,0.004132
taai2014,264,0.002764,0.003662
taai2014,265,0.007407,0.078670
taai2014,266,0.004743,0.014071
taai2014,267,0.002957,0.005353
taai2014,268,0.022765,0.419852
taai2014,269,0.009498,0.016188
taai2014,270,0.006950,0.027354
taai2014,271,0.003537,0.007194
taai2014,272,0.006367,0.013337
taai2014,273,0.004797,0.012973
taai2014,274,0.002916,0.005159
taai2014,275,0.005786,0.013267
taai2014,276,0.003354,0.009766
taai2014,277,0.004869,0.009205
taai2014,278,0.036511,0.030534
taai2014,279,0.013955,0.028831
taai2014,280,0.003358,0.004882
taai2014,281,0.003640,0.008228
taai2014,282,0.006694,0.018134
taai2014,283,0.002594,0.005446
taai2014,284,0.003742,0.009956
taai2014,285,0.005941,0.014333
taai2014,286,0.003620,0.010383
taai2014,287,0.013407,0.072472
taai2014,288,0.001956,0.003267
taai2014,289,0.030887,0.021530
taai2014,290,0.004570,0.011035
taai2014,291,0.002972,0.006175
taai2014,292,0.007171,0.029199
taai2014,293,0.004565,0.012614
taai2014,294,0.022683,0.044758
taai2014,295,0.005247,0.008385
taai2014,296,0.003096,0.008354
taai2014,297,0.009494,0.055239
taai2014,298,0.007570,0.030238
taai2014,299,0.018135,0.033804
taai2014,300,0.006227,0.030969
taai2014,301,0.005251,0.009290
taai2014,302,0.022728,0.045416
taai2014,303,0.004684,0.011181
taai2014,304,0.005200,0.014239
taai2014,305,0.004979,0.012676
taai2014,306,0.002783,0.005035
taai2014,307,0.003340,0.008836
taai2014,308,0.004583,0.009492
taai2014,309,0.010547,0.017839
taai2014,310,0.001844,0.002612
taai2014,311,0.009502,0.012596
taai2014,312,0.002846,0.006046
taai2014,313,0.106195,0.148084
taai2014,314,0.003754,0.005959
taai2014,315,0.005911,0.012652
taai2014,316,0.023779,0.181537
taai2014,317,0.008794,0.043394
taai2014,318,0.004904,0.011064
taai2014,319,0.004007,0.008983
taai2014,320,0.245575,0.255598
taai2014,321,0.004661,0.009277
taai2014,322,0.009952,0.032516
taai2014,323,0.002404,0.003041
taai2014,324,0.017513,0.024824
taai2014,325,0.003355,0.006352
taai2014,326,0.023257,0.068299
taai2014,327,0.006229,0.041562
taai2014,328,0.013362,0.017121
taai2014,329,0.024409,0.110855
taai2014,330,0.003451,0.006369
taai2014,331,0.005716,0.016809
taai2014,332,0.007237,0.023611
taai2014,333,0.009377,0.121374
taai2014,334,1.111360,1.368819
taai2014,335,0.029650,0.159659
taai2014,336,0.005068,0.007353
taai2014,337,0.005194,0.017977
taai2014,338,0.008554,0.077371
taai2014,339,0.005329,0.013640
taai2014,340,0.003249,0.006335
taai2014,341,0.007497,0.020583
taai2014,342,0.005024,0.016866
taai2014,343,0.002019,0.003290
taai2014,344,0.007045,0.018534
taai2014,345,0.005858,0.013782
taai2014,346,0.009616,0.017829
taai2014,347,0.005106,0.026898
taai2014,348,0.014256,0.015044
taai2014,349,0.011100,0.038393
taai2014,350,0.003378,0.008516
taai2014,351,0.005000,0.013908
taai2014,352,0.005632,0.010601
taai2014,353,0.003320,0.006737
taai2014,354,0.034889,0.091240
taai2014,355,0.004976,0.009473
taai2014,356,0.016622,0.052186
taai2014,357,0.005722,0.025058
taai2014,358,0.004988,0.010073
taai2014,359,0.002544,0.006014
taai2014,360,0.010929,0.034549
taai2014,361,0.011400,0.066783
taai2014,362,0.006604,0.021188
taai2014,363,0.007248,0.065032
taai2014,364,0.005192,0.012409
taai2014,365,0.023779,0.049078
taai2014,366,0.011477,0.056565
taai2014,367,0.007242,0.020136
taai2014,368,0.006235,0.047623
taai2014,369,0.018291,0.019833
taai2014,370,0.003833,0.008565
taai2014,371,0.023930,0.121845
taai2014,372,0.013604,0.174419
taai2014,373,0.051080,0.071247
taai2014,374,0.017643,0.221593
taai2014,375,0.030094,0.075267
taai2014,376,0.004338,0.009352
taai2014,377,0.004759,0.015314
taai2014,378,0.005547,0.018816
taai2014,379,0.004721,0.011931
taai2014,380,0.003239,0.009949
taai2014,381,0.070011,0.094487
taai2014,382,0.069338,0.045288
taai2014,383,0.018999,0.046603
taai2014,384,0.008749,0.025650
taai2014,385,0.005354,0.012204
taai2014,386,0.007145,0.017041
taai2014,387,0.012956,0.041555
taai2014,388,0.020747,0.892045
taai2014,389,0.004619,0.008901
taai2014,390,0.013345,0.014825
taai2014,391,0.007892,0.058424
taai2014,392,0.006794,0.016037
taai2014,393,0.017849,0.115603
taai2014,394,0.014257,0.025948
taai2014,395,0.005156,0.017175
taai2014,396,0.006465,0.024462
taai2014,397,0.004417,0.010688
taai2014,398,0.015304,0.016489
taai2014,399,0.124781,0.198769
taai2014,400,0.007792,0.015003
taai2014,401,0.004021,0.016958
taai2014,402,0.113626,0.160896
taai2014,403,0.008277,0.098956
taai2014,404,0.256372,0.403967
taai2014,405,0.008404,0.014861
taai2014,406,0.009581,0.036048
taai2014,407,0.012430,0.029090
taai2014,408,0.003337,0.008488
taai2014,409,0.005045,0.036095
taai2014,410,0.024660,0.195455
taai2014,411,0.089016,0.114164
taai2014,412,0.005176,0.009375
taai2014,413,0.007067,0.057981
taai2014,414,0.005134,0.013876
taai2014,415,0.008608,0.029773
taai2014,416,0.073115,0.064673
taai2014,417,0.052512,0.298376
taai2014,418,0.012977,0.060878
taai2014,419,0.006334,0.164152
taai2014,420,0.010985,1.300823
taai2014,421,0.095380,0.088828
taai2014,422,0.042561,0.062941
taai2014,423,0.038487,0.226797
taai2014,424,0.006322,0.012582
taai2014,425,0.117510,0.058689
taai2014,426,0.006194,0.019211
taai2014,427,0.003717,0.010185
taai2014,428,0.014860,0.020993
taai2014,429,0.003930,0.036135
taai2014,430,0.009282,0.020377
taai2014,431,0.081880,0.043413
taai2014,432,0.063634,0.488981
taai2014,433,0.019295,0.028637
taai2014,434,0.021517,0.067426
taai2014,435,0.099882,0.074503
taai2014,436,0.007372,0.169062
taai2014,437,0.006838,0.042672
taai2014,438,0.143680,0.345051
taai2014,439,0.011095,0.017752
taai2014,440,0.008871,0.025825
taai2014,441,0.011696,0.028871
taai2014,442,0.017826,0.092257
taai2014,443,0.104268,0.123496
taai2014,444,0.007250,0.015336
taai2014,445,0.763853,6.363589
taai2014,446,0.035408,0.047624
taai2014,447,0.008197,0.023706
taai2014,448,0.013752,0.369701
taai2014,449,0.005091,0.014007
taai2014,450,0.191697,0.681199
taai2014,451,0.042178,0.087141
taai2014,452,0.036480,0.137234
taai2014,453,0.015043,0.144380
taai2014,454,0.031999,0.054739
taai2014,455,7.520676,15.570142
taai2014,456,0.006928,0.014841
taai2014,457,0.008790,0.013468
taai2014,458,0.143091,0.154586
taai2014,459,0.011536,0.178928
taai2014,460,0.138682,0.132817
taai2014,461,0.020112,0.176292
taai2014,462,0.065327,0.062536
taai2014,463,0.007747,0.041464
taai2014,464,0.246510,0.510800
taai2014,465,1.221597,0.847115
taai2014,466,0.037044,0.126418
taai2014,467,0.011775,0.023894
taai2014,468,0.011943,0.020497
taai2014,469,0.073221,0.212755
taai2014,470,2.600962,7.327141
taai2014,471,0.101227,0.151345
taai2014,472,0.007614,0.018271
taai2014,473,0.010632,0.091337
taai2014,474,0.056654,0.074587
taai2014,475,0.031898,0.055999
taai2014,476,0.033680,0.024256
taai2014,477,0.036053,0.023327
taai2014,478,0.029747,0.239931
taai2014,479,0.060118,0.269638
taai2014,480,0.024866,0.042929
taai2014,481,0.009850,0.220048
taai2014,482,0.089164,0.688353
taai2014,483,0.116674,0.084054
taai2014,484,0.011730,0.026984
taai2014,485,0.004934,0.036445
taai2014,486,0.047749,0.196010
taai2014,487,0.084918,0.184459
taai2014,488,0.027649,0.021585
taai2014,489,0.007002,0.017751
taai2014,490,1.214572,15.950975
taai2014,491,0.031914,0.037769
taai2014,492,0.008876,0.298359
taai2014,493,0.042914,0.141307
taai2014,494,0.548954,1.348359
taai2014,495,0.183761,3.125032
taai2014,496,0.069953,0.051298
taai2014,497,0.028055,0.360482
taai2014,498,0.009444,0.030325
taai2014,499,0.503228,2.560841
taai2014,500,0.092382,0.045344
taai2014,501,3.440974,4.349628
taai2014,502,0.009958,0.024646
taai2014,503,0.337549,2.120430
taai2014,504,0.099510,0.062897
taai2014,505,0.177241,9.244694
taai2014,506,0.035958,0.326244
taai2014,507,0.007408,0.023785
taai2014,508,0.006558,0.020135
taai2014,509,0.008934,0.033826
taai2014,510,0.012934,0.022785
taai2014,511,0.232654,0.946922
taai2014,512,0.007516,0.030876
taai2014,513,0.271406,3.652166
taai2014,514,0.028898,0.029707
taai2014,515,0.006353,0.016844
taai2014,516,0.006664,0.024569
taai2014,517,0.007320,0.364059
taai2014,518,0.413333,0.156825
taai2014,519,0.098084,0.117121
taai2014,520,0.035363,0.342595
taai2014,521,0.118763,3.044703
taai2014,522,0.140346,0.197828
taai2014,523,0.006565,0.019428
taai2014,524,0.071407,1.680258
taai2014,525,0.034461,0.137404
taai2014,526,0.020127,0.020229
taai2014,527,0.186228,1.475627
taai2014,528,0.029237,0.112715
taai2014,529,0.098890,0.099947
taai2014,530,0.006699,0.033229
taai2014,531,0.051537,0.118754
taai2014,532,0.131649,0.382717
taai2014,533,0.037138,0.215100
taai2014,534,0.100038,0.087647
taai2014,535,0.004408,0.013911
taai2014,536,0.036234,0.131873
taai2014,537,0.075093,1.200199
taai2014,538,0.206622,0.358312
taai2014,539,0.080888,0.032173
taai2014,540,0.009619,0.058225
taai2014,541,0.008200,0.021196
taai2014,542,0.125165,0.156409
taai2014,543,0.010392,0.074442
taai2014,544,0.020700,0.187624
taai2014,545,0.008071,7.165430
taai2014,546,0.099115,0.101068
taai2014,547,0.224826,6.982754
taai2014,548,0.019993,0.023393
taai2014,549,0.209664,0.307467
taai2014,550,0.056925,0.281286
taai2014,551,0.397040,1.069061
taai2014,552,0.005874,0.012695
taai2014,553,0.387931,1.110524
taai2014,554,0.011036,0.020670
taai2014,555,0.028955,0.160440
taai2014,556,0.088458,0.119039
taai2014,557,1.077818,2.281446
taai2014,558,1.091911,1.278927
taai2014,559,4.355506,1.707859
taai2014,560,0.005895,0.013372
taai2014,561,0.011845,0.087832
taai2014,562,0.006533,0.027535
taai2014,563,0.129493,0.121350
taai2014,564,0.038288,0.293301
taai2014,565,0.010121,0.023052
taai2014,566,0.095691,0.038283
taai2014,567,0.024421,0.384943
taai2014,568,0.105560,0.040391
taai2014,569,1.224256,1.858232
taai2014,570,0.006205,0.012906
taai2014,571,0.016433,0.137624
taai2014,572,0.012292,0.080742
taai2014,573,0.037233,0.507225
taai2014,574,0.005871,0.078797
taai2014,575,0.027651,0.508409
taai2014,576,0.026615,0.048123
taai2014,577,0.009236,0.235107
taai2014,578,0.050812,0.627429
taai2014,579,0.026141,0.020441
taai2014,580,0.056758,0.262723
taai2014,581,0.015755,0.023386
taai2014,582,0.111447,0.054127
taai2014,583,0.081285,0.055808
taai2014,584,0.010518,0.026952
taai2014,585,0.037393,0.070719
taai2014,586,0.086760,0.018595
taai2014,587,0.213392,0.765528
taai2014,588,0.009214,0.027326
taai2014,589,0.046214,0.356994
taai2014,590,0.082089,0.063629
taai2014,591,0.069394,0.032253
taai2014,592,0.037743,0.745704
taai2014,593,0.353789,56.754924
taai2014,594,0.304626,5.643319
taai2014,595,0.087107,0.062437
taai2014,596,0.128408,0.265275
taai2014,597,0.030391,0.036463
taai2014,598,0.092052,1.624109
taai2014,599,0.130242,1.350372
taai2014,600,0.072318,0.037415
taai2014,601,0.047741,0.135062
taai2014,602,0.008370,0.048804
taai2014,603,0.028505,0.040812
taai2014,604,0.028602,0.275755
taai2014,605,0.012403,0.014998
taai2014,606,0.017998,0.029067
taai2014,607,0.053345,0.029005
taai2014,608,0.146620,1.383115
taai2014,609,0.613239,0.432220
taai2014,610,0.034117,0.925578
taai2014,611,0.122198,0.113608
taai2014,612,0.083130,0.060244
taai2014,613,0.581199,28.567976
taai2014,614,0.008566,0.033311
taai2014,615,0.008112,0.041231
taai2014,616,1.232950,0.505514
taai2014,617,0.008078,0.050284
taai2014,618,0.007394,0.163381
taai2014,619,0.092676,0.025103
taai2014,620,0.013824,0.077466
taai2014,621,0.626721,1.770556
taai2014,622,0.008842,0.032248
taai2014,623,0.020694,0.085451
taai2014,624,0.008747,0.093933
taai2014,625,0.004691,0.020746
taai2014,626,0.038058,1.048486
taai2014,627,0.030123,0.302402
taai2014,628,0.094123,0.021898
taai2014,629,0.009679,0.027821
taai2014,630,0.014294,0.041102
taai2014,631,0.007395,0.025817
taai2014,632,0.116949,0.071473
taai2014,633,0.043095,0.133804
taai2014,634,0.123094,0.066549
taai2014,635,0.073841,0.039356
taai2014,636,0.035016,0.015571
taai2014,637,0.188896,0.399804
taai2014,638,3.694981,0.173347
taai2014,639,0.031388,0.020178
taai2014,640,0.092084,0.028327
taai2014,641,0.160126,0.312234
taai2014,642,0.012400,0.044830
taai2014,643,0.044090,5.766908
taai2014,644,0.033754,0.042901
taai2014,645,0.009053,0.149272
taai2014,646,0.007844,0.049107
taai2014,647,0.092730,0.016591
taai2014,648,0.232756,0.330115
taai2014,649,0.174789,0.618553
taai2014,650,0.109425,1.069710
taai2014,651,0.012311,0.036914
taai2014,652,0.067274,0.068975
taai2014,653,0.141158,0.156556
taai2014,654,0.099608,0.220008
taai2014,655,0.049850,0.026969
taai2014,656,0.935728,1.642353
taai2014,657,0.021431,0.135599
taai2014,658,0.160308,2.048114
taai2014,659,0.083611,0.038840
taai2014,660,0.010943,0.039620
taai2014,661,0.027584,0.333279
taai2014,662,0.011158,0.017587
taai2014,663,0.086422,0.271764
taai2014,664,0.229191,1.111433
taai2014,665,0.082602,0.061040
taai2014,666,0.006754,0.039088
taai2014,667,0.020822,0.026350
taai2014,668,0.504086,1.356380
taai2014,669,0.064335,0.121695
taai2014,670,0.271348,0.195330
taai2014,671,0.009631,0.071111
taai2014,672,0.008183,0.029169
taai2014,673,0.142331,0.223548
taai2014,674,0.141411,0.031686
taai2014,675,0.499211,0.026975
taai2014,676,0.110338,0.155623
taai2014,677,0.009612,0.037335
taai2014,678,0.019017,0.275619
taai2014,679,0.153715,0.186791
taai2014,680,0.178770,0.327250
taai2014,681,0.008700,0.030000
taai2014,682,0.014638,0.022340
taai2014,683,0.032667,0.065616
taai2014,684,0.051190,0.049021
taai2014,685,0.142020,0.093793
taai2014,686,0.024370,0.155410
taai2014,687,0.027011,0.024123
taai2014,688,0.021359,0.169619
taai2014,689,0.043466,0.580867
taai2014,690,0.103029,0.093089
taai2014,691,1.264104,1.168300
taai2014,692,0.026076,0.229016
taai2014,693,0.011966,0.312819
taai2014,694,0.008448,0.039577
taai2014,695,0.747318,5.181187
taai2014,696,0.014636,0.072920
taai2014,697,1.719698,125.675758
taai2014,698,0.009470,0.037926
taai2014,699,0.060181,0.022638
taai2014,700,1.620376,2.190597
taai2014,701,0.018724,0.027139
taai2014,702,0.012762,0.020669
taai2014,703,0.500316,32.509516
taai2014,704,0.664371,0.415320
taai2014,705,0.051376,0.588150
taai2014,706,0.088964,0.048732
taai2014,707,0.062126,0.052599
taai2014,708,0.103845,0.187748
taai2014,709,0.005569,0.113840
taai2014,710,0.028715,0.277061
taai2014,711,0.007752,0.130476
taai2014,712,0.045822,0.060730
taai2014,713,0.043799,0.064284
taai2014,714,0.020292,0.126209
taai2014,715,0.259654,1.428418
taai2014,716,0.095697,0.038090
taai2014,717,0.203672,1.955811
taai2014,718,0.005424,0.014000
taai2014,719,0.066477,0.039151
taai2014,720,0.066781,0.038696
taai2014,721,0.015525,0.044016
taai2014,722,0.007406,0.080378
taai2014,723,0.028296,0.040523
taai2014,724,0.027900,0.032268
taai2014,725,0.022476,0.033497
taai2014,726,0.042732,0.018848
taai2014,727,3.694294,0.678306
taai2014,728,0.177940,7.011573
taai2014,729,0.037172,0.045851
taai2014,730,0.083665,0.037295
taai2014,731,0.008192,0.030617
taai2014,732,0.025486,0.684014
taai2014,733,0.157637,0.278595
taai2014,734,0.011889,0.024061
taai2014,735,0.015817,0.162525
taai2014,736,0.009100,0.032928
taai2014,737,0.101937,0.025263
taai2014,738,0.549990,2.868442
taai2014,739,0.196835,0.880832
taai2014,740,0.482691,1.324558
taai2014,741,0.007156,0.024974
taai2014,742,0.094814,0.080527
taai2014,743,0.051744,0.083863
taai2014,744,0.080513,0.061672
taai2014,745,0.017473,0.482706
taai2014,746,0.012262,0.045332
taai2014,747,0.034306,1.234026
taai2014,748,0.099359,0.057489
taai2014,749,0.053410,0.045261
taai2014,750,0.017851,1.511608
taai2014,751,0.008573,0.059277
taai2014,752,0.009848,0.109326
taai2014,753,0.256816,0.434230
taai2014,754,0.028971,0.052995
taai2014,755,0.072348,0.044550
taai2014,756,0.008594,0.039347
taai2014,757,0.023343,0.027803
taai2014,758,0.032174,0.258062
taai2014,759,0.017504,0.293814
taai2014,760,0.014067,0.023058
taai2014,761,0.063506,0.052657
taai2014,762,0.007441,0.016785
taai2014,763,0.066953,1.487376
taai2014,764,0.013045,0.074814
taai2014,765,0.007485,0.026346
taai2014,766,0.036045,0.028877
taai2014,767,0.085190,0.036764
taai2014,768,0.069188,0.285581
taai2014,769,0.043210,4.318486
taai2014,770,0.105165,0.019720
taai2014,771,0.007665,0.102036
taai2014,772,0.227200,0.271728
taai2014,773,0.010524,0.025253
taai2014,774,0.188560,0.067760
taai2014,775,0.007937,0.021930
taai2014,776,0.028190,0.411773
taai2014,777,0.007570,0.018416
taai2014,778,0.114131,0.021178
taai2014,779,1.806774,3.906790
taai2014,780,0.007810,0.025530
taai2014,781,0.055281,1.680144
taai2014,782,0.009362,0.030850
taai2014,783,0.046457,0.037889
taai2014,784,0.033555,0.135839
taai2014,785,0.098875,0.117310
taai2014,786,0.096093,0.076181
taai2014,787,0.010486,0.119310
taai2014,788,0.006575,0.021009
taai2014,789,0.048523,0.148462
taai2014,790,0.026987,0.031282
taai2014,791,0.017970,0.261725
taai2014,792,0.008351,0.025697
taai2014,793,0.289035,37.935628
taai2014,794,0.048577,0.029935
taai2014,795,0.009696,0.214136
taai2014,796,0.116196,0.038261
taai2014,797,0.017516,0.032643
taai2014,798,0.011045,0.106738
taai2014,799,0.010028,0.030108
taai2014,800,0.008893,0.064450
taai2014,801,0.027638,0.021968
taai2014,802,0.035300,0.034932
taai2014,803,0.009702,0.021882
taai2014,804,0.013757,0.927533
taai2014,805,0.101986,0.045442
taai2014,806,0.212089,0.020115
taai2014,807,0.010033,0.021935
taai2014,808,0.014045,0.016992
taai2014,809,0.006950,0.022595
taai2014,810,0.007168,0.031596
taai2014,811,1.711808,5.556354
taai2014,812,0.059035,0.248654
taai2014,813,0.007455,0.026909
taai2014,814,0.008736,0.063933
taai2014,815,0.009838,0.119529
taai2014,816,0.018837,0.131787
taai2014,817,0.073582,0.045453
taai2014,818,0.008174,0.048774
taai2014,819,0.014358,1.511369
taai2014,820,0.016221,0.024434
taai2014,821,0.007245,0.021815
taai2014,822,0.095064,0.096046
taai2014,823,0.009344,0.033165
taai2014,824,0.042614,0.023636
taai2014,825,0.091741,0.090501
taai2014,826,0.076096,0.041234
taai2014,827,0.011875,0.019312
taai2014,828,0.024930,0.112423
taai2014,829,0.006633,0.022603
taai2014,830,0.026103,0.030513
taai2014,831,0.037334,0.032189
taai2014,832,0.044641,0.174544
taai2014,833,0.011541,0.092683
taai2014,834,0.010420,0.122381
taai2014,835,0.019161,0.115366
taai2014,836,0.019974,0.029392
taai2014,837,0.009949,0.030542
taai2014,838,0.006757,0.029979
taai2014,839,0.007015,0.380223
taai2014,840,0.005401,0.064070
taai2014,841,0.242397,2.478364
taai2014,842,0.008587,0.022640
taai2014,843,0.026933,1.101546
taai2014,844,0.003967,0.474697
taai2014,845,0.199366,0.348755
taai2014,846,0.037407,0.029303
taai2014,847,0.117638,1.297205
taai2014,848,0.099734,0.105696
taai2014,849,0.088546,0.099807
taai2014,850,0.066714,0.020549
taai2014,851,0.016108,0.250069
taai2014,852,0.007625,0.248708
taai2014,853,0.012688,0.028427
taai2014,854,0.148791,0.686397
taai2014,855,0.020994,0.017265
taai2014,856,0.007991,2.221501
taai2014,857,0.013749,0.048514
taai2014,858,0.010581,0.021057
taai2014,859,0.072408,0.029033
taai2014,860,0.008776,0.023819
taai2014,861,1.208585,1.699224
taai2014,862,0.007915,0.025240
taai2014,863,0.094594,0.054307
taai2014,864,0.009116,0.020508
taai2014,865,0.060588,0.019573
taai2014,866,0.017933,0.022303
taai2014,867,0.107409,0.226666
taai2014,868,0.009081,0.148898
taai2014,869,0.006793,0.025589
taai2014,870,0.012977,0.093927
taai2014,871,0.038740,0.111511
taai2014,872,0.016348,0.085222
taai2014,873,0.044558,0.846152
taai2014,874,0.031520,0.023253
taai2014,875,0.078778,0.036905
taai2014,876,0.070003,0.657869
taai2014,877,0.014186,0.022299
taai2014,878,0.080942,0.133188
taai2014,879,0.009069,0.023138
taai2014,880,0.026254,0.018529
taai2014,881,0.010719,0.017122
taai2014,882,0.008555,0.021923
taai2014,883,0.052686,0.054187
taai2014,884,0.047351,0.034212
taai2014,885,0.059057,0.036812
taai2014,886,0.010678,0.025973
taai2014,887,0.342767,0.278748
taai2014,888,0.011210,0.027409
taai2014,889,0.063001,0.045723
taai2014,890,0.010532,0.121339
taai2014,891,0.005457,0.075570
taai2014,892,0.015244,0.019465
taai2014,893,0.009868,0.018684
taai2014,894,0.048380,0.056809
taai2014,895,0.020435,0.424624
taai2014,896,0.045628,0.369194
taai2014,897,0.007056,0.024855
taai2014,898,0.039287,0.023647
taai2014,899,0.011046,0.033527
taai2014,900,0.019987,0.019631
taai2014,901,0.063018,0.028158
taai2014,902,0.067249,0.036164
taai2014,903,0.047699,0.080854
taai2014,904,0.007928,0.020410
taai2014,905,0.058820,0.025418
taai2014,906,0.006123,0.022119
taai2014,907,0.008407,0.062621
taai2014,908,0.055325,0.103873
taai2014,909,0.016381,0.023918
taai2014,910,0.008687,0.020919
taai2014,911,0.012552,0.023718
taai2014,912,0.018571,0.075103
taai2014,913,0.008418,0.020254
taai2014,914,0.117383,0.045043
taai2014,915,0.031970,0.025313
taai2014,916,0.008410,0.022564
taai2014,917,0.005356,0.028908
taai2014,918,0.007041,0.036314
taai2014,919,0.008427,0.055367
taai2014,920,0.012120,0.025360
taai2014,921,0.007426,0.022868
taai2014,922,0.005702,0.035653
taai2014,923,0.007794,0.026618
taai2014,924,0.140051,0.207782
taai2014,925,0.007937,0.034930
taai2014,926,0.017132,0.040983
taai2014,927,0.055053,0.051309
taai2014,928,0.009612,0.027789
taai2014,929,0.013852,0.082037
taai2014,930,0.006507,0.020963
taai2014,931,0.009022,0.032359
taai2014,932,0.009890,0.025210
taai2014,933,0.008275,0.023289
taai2014,934,0.006489,0.022234
taai2014,935,0.010228,0.031149
taai2014,936,0.006940,0.040255
taai2014,937,0.007749,0.093344
taai2014,938,0.052964,0.024130
taai2014,939,0.051750,0.036318
taai2014,940,0.011764,0.091075
taai2014,941,0.013366,0.021235
taai2014,942,0.116970,13.863929
taai2014,943,0.039894,0.013649
taai2014,944,0.008652,0.024901
taai2014,945,0.007870,0.028863
taai2014,946,0.289304,10.848159
taai2014,947,0.032319,0.030641
taai2014,948,0.349173,1.966313
taai2014,949,0.007433,0.022927
taai2014,950,0.009247,0.037313
taai2014,951,0.035701,0.022079
taai2014,952,0.007310,0.022787
taai2014,953,0.066918,0.042030
taai2014,954,0.009503,0.092726
taai2014,955,0.012847,0.019665
taai2014,956,0.067694,0.026057
taai2014,957,0.069391,0.037540
taai2014,958,0.007108,4.720166
taai2014,959,0.165721,16.034873
taai2014,960,0.075677,0.126800
taai2014,961,0.009981,0.030181
taai2014,962,0.010361,0.061761
taai2014,963,0.009969,0.126835
taai2014,964,0.006820,0.022008
taai2014,965,0.009274,0.155886
taai2014,966,0.054418,0.044505
taai2014,967,0.006781,0.020585
taai2014,968,0.025556,0.026207
taai2014,969,0.014848,3.701253
taai2014,970,0.006599,0.019285
taai2014,971,0.008020,0.041113
taai2014,972,0.006069,0.034157
taai2014,973,0.029085,0.025046
taai2014,974,0.069838,0.086762
taai2014,975,0.013839,0.026312
taai2014,976,0.009113,0.025302
taai2014,977,0.007601,0.020890
taai2014,978,0.007316,0.027630
taai2014,979,0.015956,0.027477
taai2014,980,0.065940,0.028230
taai2014,981,0.069045,0.019106
taai2014,982,0.089164,0.069594
taai2014,983,0.009129,0.022937
taai2014,984,0.005574,0.022205
taai2014,985,0.008043,0.021658
taai2014,986,0.007165,0.024697
taai2014,987,0.004699,0.027834
taai2014,988,0.025612,0.311788
taai2014,989,0.012336,0.034354
taai2014,990,0.006638,0.027005
taai2014,991,0.012500,0.036005
taai2014,992,0.007964,0.020539
taai2014,993,0.008137,0.047128
taai2014,994,0.009511,0.025615
taai2014,995,0.008220,0.056148
taai2014,996,0.019899,0.161987
taai2014,997,0.044731,0.084751
taai2014,998,0.007787,0.026141
taai2014,999,0.020435,0.021125
taai2014,1000,0.007463,0.035697
taai2015,1,0.005276,0.000548
taai2015,2,0.004213,0.001520
taai2015,3,0.001740,0.001474
taai2015,4,0.001235,0.000301
taai2015,5,0.001676,0.002943
taai2015,6,0.001520,0.001100
taai2015,7,0.001493,0.000984
taai2015,8,0.001329,0.001270
taai2015,9,0.001489,0.000603
taai2015,10,0.001792,0.002530
taai2015,11,0.001918,0.002373
taai2015,12,0.001412,0.000656
taai2015,13,0.001311,0.000405
taai2015,14,0.002114,0.002706
taai2015,15,0.002466,0.002308
taai2015,16,0.001461,0.001163
taai2015,17,0.001931,0.000978
taai2015,18,0.001556,0.002070
taai2015,19,0.002207,0.002870
taai2015,20,0.001577,0.000862
taai2015,21,0.001321,0.001093
taai2015,22,0.001462,0.001226
taai2015,23,0.001374,0.000517
taai2015,24,0.001362,0.000876
taai2015,25,0.001710,0.000913
taai2015,26,0.001719,0.003028
taai2015,27,0.002157,0.002261
taai2015,28,0.001477,0.001325
taai2015,29,0.002076,0.004601
taai2015,30,0.002253,0.005517
taai2015,31,0.001791,0.001002
taai2015,32,0.001317,0.000504
taai2015,33,0.002994,0.005363
taai2015,34,0.001299,0.000365
taai2015,35,0.001993,0.002009
taai2015,36,0.001704,0.002168
taai2015,37,0.001395,0.000732
taai2015,38,0.002318,0.002595
taai2015,39,0.001643,0.002765
taai2015,40,0.001873,0.002702
taai2015,41,0.001504,0.001898
taai2015,42,0.001304,0.000638
taai2015,43,0.001522,0.001377
taai2015,44,0.001380,0.003142
taai2015,45,0.001575,0.001468
taai2015,46,0.001512,0.001652
taai2015,47,0.002039,0.004392
taai2015,48,0.001371,0.001682
taai2015,49,0.001886,0.001465
taai2015,50,0.001755,0.002562
taai2015,51,0.001853,0.003482
taai2015,52,0.001298,0.000430
taai2015,53,0.002122,0.003107
taai2015,54,0.001478,0.000596
taai2015,55,0.001772,0.002204
taai2015,56,0.001546,0.001299
taai2015,57,0.002038,0.001171
taai2015,58,0.001670,0.002640
taai2015,59,0.001720,0.002433
taai2015,60,0.001731,0.000901
taai2015,61,0.001480,0.000618
taai2015,62,0.001557,0.001730
taai2015,63,0.002055,0.003266
taai2015,64,0.002025,0.002058
taai2015,65,0.001398,0.000436
taai2015,66,0.002006,0.003390
taai2015,67,0.002243,0.002329
taai2015,68,0.001825,0.002592
taai2015,69,0.002332,0.002237
taai2015,70,0.001499,0.001604
taai2015,71,0.002921,0.006277
taai2015,72,0.001866,0.001704
taai2015,73,0.001683,0.001325
taai2015,74,0.001399,0.002194
taai2015,75,0.001964,0.001918
taai2015,76,0.001455,0.001899
taai2015,77,0.003263,0.006745
taai2015,78,0.001428,0.001250
taai2015,79,0.002029,0.003843
taai2015,80,0.002002,0.002643
taai2015,81,0.001346,0.000477
taai2015,82,0.001695,0.001840
taai2015,83,0.001846,0.001516
taai2015,84,0.001632,0.001940
taai2015,85,0.002331,0.003026
taai2015,86,0.001285,0.000370
taai2015,87,0.001976,0.002724
taai2015,88,0.001917,0.002013
taai2015,89,0.001893,0.002037
taai2015,90,0.001785,0.001816
taai2015,91,0.001788,0.000599
taai2015,92,0.002072,0.003465
taai2015,93,0.002205,0.004035
taai2015,94,0.001649,0.001634
taai2015,95,0.002001,0.002971
taai2015,96,0.001934,0.002526
taai2015,97,0.001651,0.001338
taai2015,98,0.002531,0.003648
taai2015,99,0.001818,0.004030
taai2015,100,0.001897,0.002359
taai2015,101,0.001919,0.001380
taai2015,102,0.003004,0.005184
taai2015,103,0.001561,0.001899
taai2015,104,0.002798,0.006974
taai2015,105,0.002333,0.002256
taai2015,106,0.002382,0.001340
taai2015,107,0.001725,0.001264
taai2015,108,0.004632,0.009249
taai2015,109,0.002626,0.003034
taai2015,110,0.002046,0.001721
taai2015,111,0.002010,0.001562
taai2015,112,0.002040,0.001715
taai2015,113,0.002391,0.003050
taai2015,114,0.001841,0.003053
taai2015,115,0.001810,0.002572
taai2015,116,0.001696,0.001343
taai2015,117,0.003118,0.006275
taai2015,118,0.001494,0.000901
taai2015,119,0.001961,0.001952
taai2015,120,0.001553,0.001489
taai2015,121,0.001786,0.001287
taai2015,122,0.001988,0.004784
taai2015,123,0.001427,0.001163
taai2015,124,0.003012,0.004473
taai2015,125,0.001838,0.002287
taai2015,126,0.001954,0.003726
taai2015,127,0.002234,0.003475
taai2015,128,0.005392,0.013987
taai2015,129,0.002666,0.004028
taai2015,130,0.002259,0.002791
taai2015,131,0.002716,0.006300
taai2015,132,0.001854,0.003334
taai2015,133,0.001788,0.002828
taai2015,134,0.001649,0.001131
taai2015,135,0.002114,0.003248
taai2015,136,0.001740,0.001868
taai2015,137,0.002191,0.004114
taai2015,138,0.002241,0.004930
taai2015,139,0.002612,0.004016
taai2015,140,0.002354,0.004041
taai2015,141,0.001927,0.004504
taai2015,142,0.002035,0.004770
taai2015,143,0.004268,0.008728
taai2015,144,0.001637,0.001269
taai2015,145,0.003004,0.008773
taai2015,146,0.001866,0.002139
taai2015,147,0.001674,0.001319
taai2015,148,0.001364,0.001645
taai2015,149,0.002035,0.002815
taai2015,150,0.002242,0.005418
taai2015,151,0.001614,0.003057
taai2015,152,0.008485,0.020110
taai2015,153,0.002398,0.002656
taai2015,154,0.002472,0.004185
taai2015,155,0.003346,0.005288
taai2015,156,0.002720,0.005258
taai2015,157,0.002712,0.005851
taai2015,158,0.002144,0.002136
taai2015,159,0.002100,0.001594
taai2015,160,0.002185,0.002521
taai2015,161,0.002324,0.004995
taai2015,162,0.001747,0.003591
taai2015,163,0.001952,0.002747
taai2015,164,0.001892,0.003724
taai2015,165,0.002718,0.005053
taai2015,166,0.002423,0.003792
taai2015,167,0.002433,0.004965
taai2015,168,0.003671,0.008657
taai2015,169,0.001843,0.003229
taai2015,170,0.002837,0.003539
taai2015,171,0.001796,0.002667
taai2015,172,0.002167,0.002601
taai2015,173,0.004891,0.011431
taai2015,174,0.004580,0.009945
taai2015,175,0.004061,0.013176
taai2015,176,0.001400,0.001009
taai2015,177,0.004528,0.013388
taai2015,178,0.002719,0.004363
taai2015,179,0.002801,0.003975
taai2015,180,0.001908,0.004676
taai2015,181,0.002216,0.004541
taai2015,182,0.002673,0.004602
taai2015,183,0.003203,0.004693
taai2015,184,0.002667,0.007165
taai2015,185,0.003998,0.010777
taai2015,186,0.002440,0.003399
taai2015,187,0.001743,0.003086
taai2015,188,0.002390,0.006738
taai2015,189,0.002574,0.005077
taai2015,190,0.005887,0.018249
taai2015,191,0.004947,0.013807
taai2015,192,0.001331,0.000555
taai2015,193,0.002061,0.003892
taai2015,194,0.004176,0.009592
taai2015,195,0.001952,0.002585
taai2015,196,0.001955,0.003310
taai2015,197,0.009603,0.056189
taai2015,198,0.003933,0.006845
taai2015,199,0.003306,0.005456
taai2015,200,0.002759,0.006131
taai2015,201,0.002683,0.004329
taai2015,202,0.002802,0.006838
taai2015,203,0.003687,0.008627
taai2015,204,0.018904,0.015296
taai2015,205,0.002730,0.004690
taai2015,206,0.002716,0.003467
taai2015,207,0.002270,0.004920
taai2015,208,0.003684,0.006807
taai2015,209,0.005249,0.014024
taai2015,210,0.003784,0.010329
taai2015,211,0.007910,0.014497
taai2015,212,0.002953,0.006594
taai2015,213,0.001643,0.001974
taai2015,214,0.001689,0.003502
taai2015,215,0.007799,0.014591
taai2015,216,0.004423,0.009704
taai2015,217,0.002613,0.004306
taai2015,218,0.002880,0.004625
taai2015,219,0.003951,0.007675
taai2015,220,0.003299,0.006385
taai2015,221,0.002486,0.006059
taai2015,222,0.004352,0.011393
taai2015,223,0.008489,0.011143
taai2015,224,0.004143,0.009083
taai2015,225,0.003717,0.007200
taai2015,226,0.002244,0.003405
taai2015,227,0.006481,0.019173
taai2015,228,0.001652,0.002314
taai2015,229,0.004184,0.004304
taai2015,230,0.001835,0.002165
taai2015,231,0.005002,0.009954
taai2015,232,0.011316,0.024698
taai2015,233,0.003265,0.006092
taai2015,234,0.002133,0.001648
taai2015,235,0.002022,0.002100
taai2015,236,0.002686,0.002993
taai2015,237,0.003659,0.007226
taai2015,238,0.003639,0.004937
taai2015,239,0.005282,0.011916
taai2015,240,0.006179,0.019982
taai2015,241,0.004305,0.007013
taai2015,242,0.003999,0.009906
taai2015,243,0.004676,0.008521
taai2015,244,0.002110,0.003695
taai2015,245,0.012893,0.016214
taai2015,246,0.003051,0.008805
taai2015,247,0.002902,0.003885
taai2015,248,0.003432,0.007038
taai2015,249,0.008935,0.013219
taai2015,250,0.004040,0.010297
taai2015,251,0.002234,0.004933
taai2015,252,0.002260,0.004124
taai2015,253,0.002478,0.004812
taai2015,254,0.003014,0.008045
taai2015,255,0.003294,0.007020
taai2015,256,0.004189,0.012954
taai2015,257,0.003163,0.006218
taai2015,258,0.003344,0.007910
taai2015,259,0.006367,0.015956
taai2015,260,0.003866,0.009585
taai2015,261,0.006523,0.018623
taai2015,262,0.003451,0.006256
taai2015,263,0.003139,0.005110
taai2015,264,0.004717,0.008847
taai2015,265,0.002753,0.004822
taai2015,266,0.003561,0.005956
taai2015,267,0.003794,0.010139
taai2015,268,0.002951,0.005031
taai2015,269,0.003814,0.011079
taai2015,270,0.003107,0.005965
taai2015,271,0.004715,0.011939
taai2015,272,0.006543,0.062536
taai2015,273,0.004648,0.012908
taai2015,274,0.004562,0.009380
taai2015,275,0.002621,0.005552
taai2015,276,0.003792,0.014157
taai2015,277,0.005343,0.008168
taai2015,278,0.003545,0.008008
taai2015,279,0.002280,0.002638
taai2015,280,0.007190,0.019701
taai2015,281,0.012760,0.175021
taai2015,282,0.002801,0.006401
taai2015,283,0.015740,0.020930
taai2015,284,0.003588,0.008589
taai2015,285,0.003090,0.005580
taai2015,286,0.011115,0.020014
taai2015,287,0.010151,0.023502
taai2015,288,0.001607,0.003169
taai2015,289,0.007955,0.009990
taai2015,290,0.005355,0.010013
taai2015,291,0.008175,0.016476
taai2015,292,0.005315,0.011444
taai2015,293,0.011482,0.019394
taai2015,294,0.004246,0.009607
taai2015,295,0.005487,0.011667
taai2015,296,0.002637,0.005976
taai2015,297,0.004047,0.009572
taai2015,298,0.005587,0.014184
taai2015,299,0.004388,0.012432
taai2015,300,0.002211,0.003810
taai2015,301,0.004051,0.011444
taai2015,302,0.008811,0.017959
taai2015,303,0.017202,0.072727
taai2015,304,0.002602,0.003058
taai2015,305,0.005691,0.022129
taai2015,306,0.006434,0.012864
taai2015,307,0.001900,0.003625
taai2015,308,0.018273,0.080600
taai2015,309,0.114121,0.015528
taai2015,310,0.010993,0.040287
taai2015,311,0.008183,0.020921
taai2015,312,0.005967,0.026015
taai2015,313,0.007954,0.015325
taai2015,314,0.006053,0.024475
taai2015,315,0.005149,0.017225
taai2015,316,0.002421,0.002303
taai2015,317,0.012195,0.022225
taai2015,318,0.006394,0.030830
taai2015,319,0.008343,0.016908
taai2015,320,0.003360,0.007939
taai2015,321,0.005570,0.013681
taai2015,322,0.008690,0.019960
taai2015,323,0.009020,0.014213
taai2015,324,0.004320,0.027155
taai2015,325,0.003730,0.010379
taai2015,326,0.006129,0.029790
taai2015,327,0.002190,0.004963
taai2015,328,0.007428,0.019496
taai2015,329,0.003186,0.007707
taai2015,330,0.019835,0.082385
taai2015,331,0.009075,0.064624
taai2015,332,0.006310,0.038787
taai2015,333,0.006921,0.021846
taai2015,334,0.021735,0.028840
taai2015,335,0.004161,0.011366
taai2015,336,0.004649,0.013520
taai2015,337,0.011199,0.011803
taai2015,338,0.002329,0.003650
taai2015,339,0.003608,0.007664
taai2015,340,0.008660,0.241969
taai2015,341,0.004082,0.013551
taai2015,342,0.004174,0.013891
taai2015,343,0.008018,0.015383
taai2015,344,0.003715,0.006588
taai2015,345,0.005876,0.031547
taai2015,346,0.005234,0.015113
taai2015,347,0.004910,0.010963
taai2015,348,0.081512,0.143476
taai2015,349,0.007966,0.030575
taai2015,350,0.602895,0.523633
taai2015,351,0.005522,0.012611
taai2015,352,0.011371,0.022798
taai2015,353,0.004906,0.023097
taai2015,354,0.014999,0.124524
taai2015,355,0.002525,0.007996
taai2015,356,0.007937,0.032983
taai2015,357,0.007337,0.019552
taai2015,358,0.087198,0.083379
taai2015,359,0.019582,0.031024
taai2015,360,0.011873,0.012750
taai2015,361,0.008066,0.052376
taai2015,362,0.006454,0.032664
taai2015,363,0.006414,0.016457
taai2015,364,0.009548,0.014550
taai2015,365,0.007728,0.013542
taai2015,366,0.048893,0.081015
taai2015,367,0.008544,0.039915
taai2015,368,0.003769,0.010049
taai2015,369,0.005996,0.017468
taai2015,370,0.117246,0.091254
taai2015,371,0.008441,0.027393
taai2015,372,0.246824,0.795349
taai2015,373,0.038610,0.086389
taai2015,374,0.009499,0.179313
taai2015,375,0.007657,0.017447
taai2015,376,0.009248,0.019258
taai2015,377,0.025566,0.035799
taai2015,378,0.108082,0.158752
taai2015,379,0.013187,0.013153
taai2015,380,0.005536,0.019610
taai2015,381,0.010479,0.021369
taai2015,382,0.044954,0.038109
taai2015,383,0.027486,0.155397
taai2015,384,0.016000,0.043996
taai2015,385,0.010217,0.038839
taai2015,386,0.027273,0.122161
taai2015,387,0.387094,0.271025
taai2015,388,0.005936,0.018424
taai2015,389,0.014780,0.027654
taai2015,390,0.006917,0.017312
taai2015,391,0.005775,0.018445
taai2015,392,0.005031,0.011130
taai2015,393,0.100236,0.160971
taai2015,394,0.006821,0.020125
taai2015,395,0.007631,0.042115
taai2015,396,0.033148,0.144335
taai2015,397,0.016926,0.173061
taai2015,398,0.003575,0.007356
taai2015,399,0.019999,0.034197
taai2015,400,0.029640,0.097946
taai2015,401,0.241509,0.361623
taai2015,402,0.014113,0.020407
taai2015,403,0.008956,0.052649
taai2015,404,0.008178,0.034286
taai2015,405,0.084497,0.046046
taai2015,406,0.013145,0.022937
taai2015,407,0.007502,0.046398
taai2015,408,0.026632,0.031930
taai2015,409,0.022554,0.054726
taai2015,410,0.017822,0.088048
taai2015,411,0.020051,0.267240
taai2015,412,0.007360,0.047786
taai2015,413,0.007118,0.010562
taai2015,414,0.004063,0.014302
taai2015,415,0.122972,0.179319
taai2015,416,0.080888,0.039640
taai2015,417,0.067737,0.499670
taai2015,418,0.074898,0.025129
taai2015,419,0.008368,0.020809
taai2015,420,0.060912,0.035173
taai2015,421,0.027884,0.014204
taai2015,422,1.098860,0.844127
taai2015,423,0.005036,0.006606
taai2015,424,0.002848,0.003541
taai2015,425,0.018335,0.062828
taai2015,426,0.236188,0.960315
taai2015,427,0.006824,0.012414
taai2015,428,0.026606,0.077967
taai2015,429,0.009051,0.090661
taai2015,430,0.006512,0.018041
taai2015,431,0.120512,0.133235
taai2015,432,0.082714,0.027428
taai2015,433,0.036662,0.259836
taai2015,434,0.059584,0.143330
taai2015,435,0.009233,0.023292
taai2015,436,0.624856,0.384950
taai2015,437,0.017022,0.121828
taai2015,438,0.017437,0.030300
taai2015,439,0.009059,0.084892
taai2015,440,0.046154,0.076979
taai2015,441,0.016833,0.021073
taai2015,442,0.013325,0.024139
taai2015,443,0.010813,0.015834
taai2015,444,0.010596,0.031336
taai2015,445,0.005234,0.015748
taai2015,446,0.044431,0.665589
taai2015,447,1.229692,0.429203
taai2015,448,0.012711,0.181477
taai2015,449,0.007650,0.026628
taai2015,450,0.011325,0.330163
taai2015,451,0.026179,0.174709
taai2015,452,0.016334,0.026674
taai2015,453,0.007513,0.015388
taai2015,454,0.118755,0.601243
taai2015,455,0.044084,1.512491
taai2015,456,0.024779,0.032153
taai2015,457,0.052900,0.069734
taai2015,458,0.098375,0.038528
taai2015,459,0.992874,1.273797
taai2015,460,0.038877,0.033217
taai2015,461,0.008721,0.032258
taai2015,462,0.047728,0.035541
taai2015,463,0.023242,0.174470
taai2015,464,0.006731,0.047282
taai2015,465,0.122040,0.108981
taai2015,466,0.134736,0.198677
taai2015,467,1.700091,10.180812
taai2015,468,0.022150,0.019291
taai2015,469,0.164729,1.055129
taai2015,470,0.009500,0.034045
taai2015,471,0.006838,0.019549
taai2015,472,0.625639,0.567562
taai2015,473,0.099507,0.092222
taai2015,474,0.020535,0.031939
taai2015,475,0.004979,0.010518
taai2015,476,0.010829,0.065508
taai2015,477,0.014023,0.055894
taai2015,478,0.005959,0.420341
taai2015,479,0.178778,0.309363
taai2015,480,0.038578,0.063026
taai2015,481,1.231190,0.193035
taai2015,482,0.008462,0.039249
taai2015,483,0.039551,0.036540
taai2015,484,0.202104,0.266584
taai2015,485,0.014077,0.917070
taai2015,486,0.033797,0.027188
taai2015,487,0.057792,0.066845
taai2015,488,0.072113,0.076570
taai2015,489,0.083373,0.103090
taai2015,490,0.009260,0.026257
taai2015,491,0.097839,0.213475
taai2015,492,0.016109,0.043638
taai2015,493,0.010735,21.895727
taai2015,494,0.029324,0.026391
taai2015,495,0.008941,0.126252
taai2015,496,0.007580,0.021661
taai2015,497,0.014482,0.280062
taai2015,498,3.141309,2.205494
taai2015,499,0.035854,0.074098
taai2015,500,0.024332,0.175689
taai2015,501,0.112242,0.116319
taai2015,502,0.069645,0.028078
taai2015,503,0.088672,0.328862
taai2015,504,0.024712,0.109387
taai2015,505,0.055459,0.160761
taai2015,506,0.067007,0.067125
taai2015,507,0.020068,0.020898
taai2015,508,0.011192,0.166628
taai2015,509,0.007077,0.014337
taai2015,510,0.146573,0.097815
taai2015,511,0.005943,0.019828
taai2015,512,0.092258,0.141565
taai2015,513,0.028315,0.020006
taai2015,514,0.011449,0.035614
taai2015,515,0.465610,14.492934
taai2015,516,0.007197,0.021248
taai2015,517,0.555864,0.270142
taai2015,518,0.574510,0.786651
taai2015,519,0.037876,1.606727
taai2015,520,0.034953,0.309970
taai2015,521,2.400941,7.675162
taai2015,522,0.009789,0.028997
taai2015,523,0.012574,0.039696
taai2015,524,0.590489,0.343885
taai2015,525,0.010229,0.014537
taai2015,526,0.003575,0.009742
taai2015,527,0.026653,0.152849
taai2015,528,0.308773,10.348796
taai2015,529,1.749303,1.261866
taai2015,530,0.073578,0.251037
taai2015,531,4.392573,1.687216
taai2015,532,5.064137,3.628642
taai2015,533,0.015267,0.039146
taai2015,534,0.019263,0.049077
taai2015,535,0.110786,0.113878
taai2015,536,0.046715,0.059198
taai2015,537,5.631251,13.787261
taai2015,538,0.009754,0.046076
taai2015,539,0.115270,0.519396
taai2015,540,0.033890,0.053430
taai2015,541,0.009474,0.052479
taai2015,542,0.011957,0.024796
taai2015,543,4.189632,12.184874
taai2015,544,0.155531,0.179192
taai2015,545,0.032220,0.025248
taai2015,546,1.765760,14.562781
taai2015,547,0.014166,0.020102
taai2015,548,0.056948,0.230252
taai2015,549,0.020862,0.029524
taai2015,550,1.362121,0.682267
taai2015,551,0.116223,0.374003
taai2015,552,0.077940,0.019770
taai2015,553,0.030664,0.061903
taai2015,554,0.047325,0.064220
taai2015,555,0.159608,0.224931
taai2015,556,0.005937,0.034351
taai2015,557,0.007505,0.045276
taai2015,558,0.017942,0.055197
taai2015,559,0.071371,0.030262
taai2015,560,0.007200,0.028915
taai2015,561,0.104611,0.094313
taai2015,562,0.119615,0.158136
taai2015,563,0.037652,0.062131
taai2015,564,0.089464,1.013997
taai2015,565,0.040284,0.078139
taai2015,566,0.748906,4.677074
taai2015,567,0.038142,0.040084
taai2015,568,0.014729,0.037718
taai2015,569,0.014563,0.018838
taai2015,570,0.473297,1.045106
taai2015,571,0.038427,0.323487
taai2015,572,0.021905,0.019825
taai2015,573,0.443696,1.604560
taai2015,574,0.098844,0.431042
taai2015,575,6.270091,8.562933
taai2015,576,3.588271,1119.758173
taai2015,577,0.371083,0.594096
taai2015,578,0.009423,0.374240
taai2015,579,0.012273,0.024251
taai2015,580,0.133610,0.299117
taai2015,581,1.476087,10.969420
taai2015,582,1.669079,2.852110
taai2015,583,1.403551,0.545759
taai2015,584,0.106329,0.374745
taai2015,585,0.022334,0.022757
taai2015,586,0.083607,0.126417
taai2015,587,0.086205,0.139260
taai2015,588,0.093588,0.067178
taai2015,589,0.046575,0.735685
taai2015,590,0.027358,0.042803
taai2015,591,0.580191,0.444814
taai2015,592,0.061970,0.026177
taai2015,593,0.124343,0.132585
taai2015,594,0.017082,0.044281
taai2015,595,0.006473,0.037389
taai2015,596,0.006765,0.020166
taai2015,597,0.048066,0.345172
taai2015,598,0.007945,0.017414
taai2015,599,0.200300,0.277353
taai2015,600,1.958239,15.543457
taai2015,601,0.022243,0.084849
taai2015,602,0.011942,0.380117
taai2015,603,0.062391,0.181148
taai2015,604,0.080724,0.099766
taai2015,605,0.185402,1.592340
taai2015,606,0.014915,0.042007
taai2015,607,0.015568,0.767569
taai2015,608,0.013796,0.043810
taai2015,609,0.209054,0.763504
taai2015,610,0.120276,0.076018
taai2015,611,0.020277,0.022567
taai2015,612,1.556621,0.511575
taai2015,613,0.338932,0.282048
taai2015,614,0.008754,0.018797
taai2015,615,0.012717,0.026764
taai2015,616,0.252129,6.715604
taai2015,617,0.010398,0.029048
taai2015,618,0.201549,0.082476
taai2015,619,0.013988,0.039295
taai2015,620,0.016196,0.415873
taai2015,621,0.027990,0.029824
taai2015,622,0.058626,0.037620
taai2015,623,0.103364,0.335232
taai2015,624,0.011680,0.016200
taai2015,625,1.264206,4.651360
taai2015,626,2.584216,7.941003
taai2015,627,0.037971,0.041253
taai2015,628,0.007128,0.064864
taai2015,629,0.422946,3.045268
taai2015,630,0.007015,0.024332
taai2015,631,0.278282,0.867198
taai2015,632,0.113494,0.086975
taai2015,633,0.097630,0.023977
taai2015,634,0.027588,0.853025
taai2015,635,0.139012,0.199537
taai2015,636,0.120552,0.108589
taai2015,637,0.014842,0.054226
taai2015,638,0.006556,0.118823
taai2015,639,0.013495,0.025496
taai2015,640,0.013251,0.058160
taai2015,641,2.491045,1.730147
taai2015,642,4.684101,190.111303
taai2015,643,0.101583,0.045307
taai2015,644,0.070703,0.032789
taai2015,645,0.022785,0.098139
taai2015,646,0.097211,0.259253
taai2015,647,0.497683,0.753956
taai2015,648,0.457682,1.021125
taai2015,649,0.033696,0.252918
taai2015,650,0.095696,0.084132
taai2015,651,0.089785,0.068360
taai2015,652,0.088090,0.136730
taai2015,653,0.009470,0.071481
taai2015,654,0.023297,0.280023
taai2015,655,0.105176,11.075844
taai2015,656,0.221907,0.057329
taai2015,657,1.823136,0.610330
taai2015,658,0.006830,0.608402
taai2015,659,0.062612,0.026377
taai2015,660,0.008499,0.018817
taai2015,661,0.953132,1.095631
taai2015,662,0.041621,0.635716
taai2015,663,0.053111,0.027466
taai2015,664,0.262892,0.312863
taai2015,665,4.948706,18.808554
taai2015,666,0.017188,0.110293
taai2015,667,0.024587,0.035951
taai2015,668,0.096825,0.061170
taai2015,669,0.017689,0.028636
taai2015,670,3.688869,8.473310
taai2015,671,1.230988,2.433452
taai2015,672,1.263602,2.933553
taai2015,673,0.086641,1.271821
taai2015,674,0.097845,0.068439
taai2015,675,1.491548,4.750619
taai2015,676,0.085886,0.021291
taai2015,677,0.008075,0.023021
taai2015,678,0.032951,2.234044
taai2015,679,0.013657,0.385134
taai2015,680,0.039178,0.018526
taai2015,681,0.008720,0.075710
taai2015,682,0.029831,0.224408
taai2015,683,0.493057,3.026918
taai2015,684,0.021606,0.027388
taai2015,685,0.008430,0.018877
taai2015,686,0.215487,1.138763
taai2015,687,0.060889,0.122667
taai2015,688,0.012280,0.688111
taai2015,689,0.337464,0.317923
taai2015,690,0.009423,0.023015
taai2015,691,0.005627,0.016037
taai2015,692,0.011179,0.083562
taai2015,693,0.135317,0.183853
taai2015,694,0.112027,0.206620
taai2015,695,0.143696,0.148511
taai2015,696,0.281188,0.394102
taai2015,697,0.007555,0.030290
taai2015,698,0.028805,0.077229
taai2015,699,0.132525,0.031147
taai2015,700,0.282453,0.027492
taai2015,701,4.827395,7.767449
taai2015,702,0.010394,0.037540
taai2015,703,0.031856,0.074913
taai2015,704,1.937556,0.732174
taai2015,705,0.017360,0.034503
taai2015,706,0.069623,0.024534
taai2015,707,0.012510,0.945151
taai2015,708,0.073365,0.055359
taai2015,709,0.009706,0.372022
taai2015,710,0.007314,0.018824
taai2015,711,0.135578,0.167304
taai2015,712,0.141113,0.281653
taai2015,713,0.366979,16.238199
taai2015,714,0.009106,0.062863
taai2015,715,0.022821,0.183365
taai2015,716,0.008485,0.120064
taai2015,717,0.363326,0.526585
taai2015,718,0.049958,0.835921
taai2015,719,0.007766,0.082050
taai2015,720,0.008158,0.057674
taai2015,721,0.081300,0.023316
taai2015,722,0.008033,0.114149
taai2015,723,0.006276,0.059774
taai2015,724,0.014466,0.024574
taai2015,725,0.007887,0.021553
taai2015,726,0.118971,0.076325
taai2015,727,0.039622,0.039454
taai2015,728,0.070328,0.030683
taai2015,729,0.092464,0.041250
taai2015,730,0.054310,0.120017
taai2015,731,0.090934,0.114501
taai2015,732,0.044629,0.054619
taai2015,733,0.010203,0.508866
taai2015,734,0.019963,0.023613
taai2015,735,0.239354,4.564129
taai2015,736,0.007062,0.025904
taai2015,737,0.015270,0.031026
taai2015,738,0.007585,0.026578
taai2015,739,0.339487,0.108875
taai2015,740,0.022595,0.043009
taai2015,741,0.013639,0.027744
taai2015,742,0.306693,2.338945
taai2015,743,0.013607,0.077063
taai2015,744,0.006711,0.023303
taai2015,745,0.012762,0.129296
taai2015,746,0.012484,0.023836
taai2015,747,0.552808,0.962377
taai2015,748,0.011487,0.406403
taai2015,749,0.009756,0.070315
taai2015,750,0.030197,0.197446
taai2015,751,0.071830,0.061943
taai2015,752,0.086455,1.131116
taai2015,753,0.966967,0.173696
taai2015,754,0.130901,0.248740
taai2015,755,0.010477,0.033532
taai2015,756,0.559514,0.531464
taai2015,757,0.018211,0.170057
taai2015,758,0.022328,0.028912
taai2015,759,0.005800,0.210247
taai2015,760,0.026526,7.781976
taai2015,761,0.048295,0.024118
taai2015,762,0.502616,0.597021
taai2015,763,0.006527,0.030915
taai2015,764,0.059056,4.620074
taai2015,765,0.007757,0.063134
taai2015,766,0.145242,0.750681
taai2015,767,0.006311,0.017962
taai2015,768,0.012992,0.105660
taai2015,769,0.124505,0.078725
taai2015,770,0.085003,0.022956
taai2015,771,0.097965,0.094242
taai2015,772,0.081536,0.710008
taai2015,773,0.014495,0.033980
taai2015,774,0.107297,0.092670
taai2015,775,1.663426,4.351590
taai2015,776,0.028516,0.711767
taai2015,777,0.008533,0.033197
taai2015,778,0.026769,0.021076
taai2015,779,0.035182,0.037278
taai2015,780,0.610406,0.313467
taai2015,781,0.546930,4.913800
taai2015,782,0.039299,0.115585
taai2015,783,0.111007,0.020265
taai2015,784,0.015768,0.029227
taai2015,785,0.024368,0.039428
taai2015,786,0.010615,0.041275
taai2015,787,0.075082,0.393707
taai2015,788,0.023737,0.023656
taai2015,789,0.028860,0.026206
taai2015,790,0.073348,0.051593
taai2015,791,1.245355,3.086518
taai2015,792,0.140052,0.174712
taai2015,793,0.008502,0.022021
taai2015,794,0.188767,4.978766
taai2015,795,0.076704,0.045356
taai2015,796,0.012136,0.068211
taai2015,797,0.006624,0.026277
taai2015,798,0.055839,0.363210
taai2015,799,0.814378,11.694044
taai2015,800,0.278270,1.037728
taai2015,801,0.011850,2.738632
taai2015,802,0.022927,0.144223
taai2015,803,0.088592,0.069026
taai2015,804,0.007306,0.040346
taai2015,805,0.005480,0.025597
taai2015,806,0.253460,0.529714
taai2015,807,0.185067,0.805482
taai2015,808,0.054408,0.210143
taai2015,809,0.093237,0.036609
taai2015,810,0.579323,1.524718
taai2015,811,0.007356,0.046532
taai2015,812,0.072750,0.045005
taai2015,813,0.049143,0.017391
taai2015,814,0.031648,0.021737
taai2015,815,0.041035,0.042831
taai2015,816,0.010378,0.017680
taai2015,817,0.025022,0.031179
taai2015,818,0.005750,0.018073
taai2015,819,0.012043,0.852880
taai2015,820,0.006807,0.220622
taai2015,821,0.011774,0.021475
taai2015,822,0.672519,5.629631
taai2015,823,0.007129,0.025717
taai2015,824,0.065945,0.021025
taai2015,825,0.029118,54.036266
taai2015,826,0.033494,0.062611
taai2015,827,0.006399,0.954915
taai2015,828,0.310184,0.341048
taai2015,829,0.049380,0.045694
taai2015,830,0.006906,0.027251
taai2015,831,0.006470,0.019473
taai2015,832,0.008851,0.046045
taai2015,833,0.034757,0.081412
taai2015,834,0.012351,0.049055
taai2015,835,0.007380,0.042764
taai2015,836,0.009064,0.111421
taai2015,837,0.006420,0.032127
taai2015,838,0.014893,0.023129
taai2015,839,0.377761,5.550679
taai2015,840,0.010268,0.018726
taai2015,841,0.047045,0.018991
taai2015,842,0.069647,0.034721
taai2015,843,0.010905,0.177414
taai2015,844,0.007061,0.021924
taai2015,845,0.023801,0.927798
taai2015,846,0.028468,0.053519
taai2015,847,0.072837,0.607506
taai2015,848,0.008678,0.222440
taai2015,849,0.008016,0.022200
taai2015,850,0.021738,0.020914
taai2015,851,0.008200,0.021999
taai2015,852,0.020322,0.029024
taai2015,853,0.012042,0.060314
taai2015,854,0.073640,0.047203
taai2015,855,0.031315,0.037521
taai2015,856,0.007680,0.030115
taai2015,857,0.080173,0.085559
taai2015,858,0.035144,0.507804
taai2015,859,0.007680,0.033646
taai2015,860,0.028638,0.036293
taai2015,861,0.006986,0.049849
taai2015,862,0.016414,0.032189
taai2015,863,0.007622,0.026956
taai2015,864,0.030703,3.778148
taai2015,865,0.430346,0.456600
taai2015,866,0.019708,0.025807
taai2015,867,0.016685,0.438985
taai2015,868,0.097957,0.149054
taai2015,869,0.018479,0.026087
taai2015,870,0.007863,0.053144
taai2015,871,0.008247,0.058121
taai2015,872,0.012976,0.024397
taai2015,873,0.013240,0.076620
taai2015,874,0.037772,0.043324
taai2015,875,0.048165,0.091353
taai2015,876,0.015793,0.038813
taai2015,877,0.009013,0.019884
taai2015,878,0.015211,0.474035
taai2015,879,0.047761,0.285134
taai2015,880,0.022287,0.037203
taai2015,881,0.012392,0.021138
taai2015,882,0.009541,0.024447
taai2015,883,0.015241,0.046306
taai2015,884,0.043832,0.202127
taai2015,885,1.178537,0.763405
taai2015,886,0.614945,1.090409
taai2015,887,0.007632,0.066775
taai2015,888,0.012023,0.114809
taai2015,889,0.011438,0.020392
taai2015,890,0.006684,0.023795
taai2015,891,0.032734,0.110617
taai2015,892,0.009679,0.024350
taai2015,893,0.027172,0.026668
taai2015,894,0.036395,0.027655
taai2015,895,0.010010,0.022947
taai2015,896,0.007214,0.036588
taai2015,897,0.023701,0.314145
taai2015,898,0.007851,0.114280
taai2015,899,0.010333,0.170246
taai2015,900,0.017055,0.026535
taai2015,901,0.019451,0.025833
taai2015,902,0.007597,0.027278
taai2015,903,0.008516,0.020491
taai2015,904,0.080210,0.276402
taai2015,905,0.027804,0.038539
taai2015,906,0.099788,0.089680
taai2015,907,0.007610,0.020849
taai2015,908,0.032824,0.023617
taai2015,909,0.010430,0.029822
taai2015,910,0.006872,0.021561
taai2015,911,0.006622,0.068809
taai2015,912,0.009489,0.025867
taai2015,913,0.075797,0.024816
taai2015,914,0.065561,0.021856
taai2015,915,0.010382,0.155733
taai2015,916,0.012514,0.051272
taai2015,917,0.011586,0.037903
taai2015,918,0.015532,0.044296
taai2015,919,0.007574,0.023053
taai2015,920,0.078551,0.020659
taai2015,921,0.047963,0.018958
taai2015,922,0.006880,0.027520
taai2015,923,0.013593,0.091055
taai2015,924,0.009466,0.018535
taai2015,925,0.113207,0.161974
taai2015,926,0.006765,0.026719
taai2015,927,0.013720,0.025292
taai2015,928,0.006302,0.014187
taai2015,929,0.005628,0.053138
taai2015,930,0.009642,0.023489
taai2015,931,0.008095,0.144184
taai2015,932,0.007395,0.024571
taai2015,933,0.006156,0.021271
taai2015,934,0.005972,0.028027
taai2015,935,0.007860,0.059750
taai2015,936,0.019324,0.028968
taai2015,937,0.043044,2.611231
taai2015,938,0.011657,0.048610
taai2015,939,0.010564,0.485819
taai2015,940,0.007576,0.067641
taai2015,941,0.066182,0.035868
taai2015,942,0.143779,0.061521
taai2015,943,0.007440,0.024805
taai2015,944,0.010294,0.020591
taai2015,945,0.008605,0.019706
taai2015,946,0.005412,0.076254
taai2015,947,0.009145,0.033943
taai2015,948,0.006787,0.096624
taai2015,949,0.028653,0.044216
taai2015,950,0.051852,0.024838
taai2015,951,0.009519,0.040382
taai2015,952,0.085282,0.033529
taai2015,953,0.008383,0.029785
taai2015,954,0.027474,0.021708
taai2015,955,0.013435,0.041675
taai2015,956,0.059038,0.034767
taai2015,957,0.092162,0.091515
taai2015,958,0.008255,0.026103
taai2015,959,0.082408,0.025705
taai2015,960,0.012908,0.589807
taai2015,961,0.012065,0.077004
taai2015,962,0.010912,0.025733
taai2015,963,0.007020,0.029231
taai2015,964,0.007847,0.024544
taai2015,965,0.012951,0.050632
taai2015,966,0.007471,0.021946
taai2015,967,1.691356,150.153227
taai2015,968,0.006783,0.018857
taai2015,969,0.073902,0.033442
taai2015,970,0.009171,0.022924
taai2015,971,0.007132,0.021695
taai2015,972,0.007697,0.023551
taai2015,973,0.272330,2.751044
taai2015,974,0.009047,0.125690
taai2015,975,0.007675,0.022668
taai2015,976,0.007949,0.021018
taai2015,977,0.016004,0.020377
taai2015,978,0.008078,0.023993
taai2015,979,0.020273,0.045389
taai2015,980,0.011817,0.252444
taai2015,981,0.014912,0.117150
taai2015,982,0.009847,0.063943
taai2015,983,0.007540,0.030738
taai2015,984,0.008216,0.049839
taai2015,985,0.073723,0.021448
taai2015,986,0.046866,0.017813
taai2015,987,0.010451,0.734053
taai2015,988,0.009010,0.023875
taai2015,989,0.007762,0.026891
taai2015,990,0.035195,0.024467
taai2015,991,0.009173,0.027215
taai2015,992,0.009409,0.032820
taai2015,993,0.045964,0.085782
taai2015,994,0.007064,0.021123
taai2015,995,0.008157,0.023626
taai2015,996,0.007653,0.024151
taai2015,997,0.005940,0.023123
taai2015,998,0.016939,0.028797
taai2015,999,0.024012,0.024483
taai2015,1000,0.010586,0.117984
taai2016,1,0.005267,0.000815
taai2016,2,0.003934,0.002485
taai2016,3,0.001704,0.002937
taai2016,4,0.001274,0.000476
taai2016,5,0.001535,0.000884
taai2016,6,0.001535,0.000525
taai2016,7,0.001551,0.001364
taai2016,8,0.001372,0.000870
taai2016,9,0.001311,0.000712
taai2016,10,0.001253,0.000397
taai2016,11,0.001339,0.000726
taai2016,12,0.001549,0.000802
taai2016,13,0.001664,0.001431
taai2016,14,0.001591,0.001418
taai2016,15,0.001936,0.006329
taai2016,16,0.001462,0.000660
taai2016,17,0.001644,0.001181
taai2016,18,0.002413,0.003539
taai2016,19,0.001562,0.001300
taai2016,20,0.001881,0.002936
taai2016,21,0.001492,0.000921
taai2016,22,0.002429,0.002636
taai2016,23,0.001558,0.001101
taai2016,24,0.001634,0.001008
taai2016,25,0.002329,0.003133
taai2016,26,0.001410,0.001086
taai2016,27,0.001807,0.000900
taai2016,28,0.001592,0.002650
taai2016,29,0.001579,0.000956
taai2016,30,0.001614,0.001484
taai2016,31,0.001459,0.000935
taai2016,32,0.001511,0.001156
taai2016,33,0.001672,0.001293
taai2016,34,0.002182,0.003092
taai2016,35,0.001238,0.000348
taai2016,36,0.001396,0.001220
taai2016,37,0.001803,0.003887
taai2016,38,0.001390,0.001213
taai2016,39,0.002255,0.002061
taai2016,40,0.001624,0.001433
taai2016,41,0.001492,0.001277
taai2016,42,0.001322,0.000476
taai2016,43,0.001523,0.001009
taai2016,44,0.001915,0.003485
taai2016,45,0.001851,0.002339
taai2016,46,0.001341,0.002126
taai2016,47,0.001390,0.000476
taai2016,48,0.001556,0.001280
taai2016,49,0.001823,0.001551
taai2016,50,0.002239,0.004690
taai2016,51,0.001616,0.004034
taai2016,52,0.001932,0.002315
taai2016,53,0.001566,0.001207
taai2016,54,0.002138,0.001757
taai2016,55,0.001718,0.001082
taai2016,56,0.003247,0.008601
taai2016,57,0.001513,0.003283
taai2016,58,0.002721,0.005138
taai2016,59,0.001743,0.001377
taai2016,60,0.001997,0.001167
taai2016,61,0.001368,0.000581
taai2016,62,0.003737,0.007321
taai2016,63,0.001954,0.002820
taai2016,64,0.001493,0.001750
taai2016,65,0.002033,0.002281
taai2016,66,0.002046,0.001114
taai2016,67,0.001678,0.001801
taai2016,68,0.001663,0.002063
taai2016,69,0.002224,0.004148
taai2016,70,0.001826,0.001368
taai2016,71,0.001970,0.003364
taai2016,72,0.002610,0.006300
taai2016,73,0.002149,0.002526
taai2016,74,0.002280,0.002182
taai2016,75,0.002593,0.004391
taai2016,76,0.001508,0.000766
taai2016,77,0.001691,0.003077
taai2016,78,0.001454,0.001108
taai2016,79,0.001326,0.001100
taai2016,80,0.001715,0.003983
taai2016,81,0.002965,0.003947
taai2016,82,0.001380,0.000568
taai2016,83,0.001655,0.001342
taai2016,84,0.001713,0.002771
taai2016,85,0.001956,0.002755
taai2016,86,0.002028,0.002752
taai2016,87,0.002239,0.004879
taai2016,88,0.002215,0.002326
taai2016,89,0.001950,0.002046
taai2016,90,0.002166,0.002834
taai2016,91,0.001667,0.002318
taai2016,92,0.002281,0.001986
taai2016,93,0.001639,0.001004
taai2016,94,0.002600,0.005351
taai2016,95,0.002085,0.001632
taai2016,96,0.001770,0.000874
taai2016,97,0.001847,0.002986
taai2016,98,0.001615,0.001455
taai2016,99,0.001307,0.001244
taai2016,100,0.002542,0.002553
taai2016,101,0.002151,0.002967
taai2016,102,0.001974,0.004383
taai2016,103,0.001693,0.000919
taai2016,104,0.001509,0.000613
taai2016,105,0.002638,0.003965
taai2016,106,0.001503,0.002501
taai2016,107,0.001688,0.001444
taai2016,108,0.001265,0.000381
taai2016,109,0.001500,0.001803
taai2016,110,0.001744,0.001271
taai2016,111,0.001504,0.002671
taai2016,112,0.001672,0.001166
taai2016,113,0.002681,0.003118
taai2016,114,0.002064,0.002616
taai2016,115,0.001721,0.002383
taai2016,116,0.001884,0.001765
taai2016,117,0.001700,0.001211
taai2016,118,0.001641,0.002413
taai2016,119,0.001683,0.003265
taai2016,120,0.003322,0.006742
taai2016,121,0.002563,0.008471
taai2016,122,0.002628,0.007035
taai2016,123,0.001786,0.003351
taai2016,124,0.002047,0.005206
taai2016,125,0.001848,0.002421
taai2016,126,0.001616,0.001581
taai2016,127,0.001988,0.003369
taai2016,128,0.007941,0.025342
taai2016,129,0.002419,0.004480
taai2016,130,0.002419,0.003263
taai2016,131,0.001724,0.001500
taai2016,132,0.001750,0.002010
taai2016,133,0.002540,0.004973
taai2016,134,0.001357,0.001113
taai2016,135,0.001831,0.001861
taai2016,136,0.002009,0.003156
taai2016,137,0.002585,0.003957
taai2016,138,0.001650,0.004527
taai2016,139,0.001533,0.001366
taai2016,140,0.002722,0.004166
taai2016,141,0.001688,0.002383
taai2016,142,0.003200,0.004588
taai2016,143,0.002077,0.004699
taai2016,144,0.002008,0.001655
taai2016,145,0.001869,0.001321
taai2016,146,0.002155,0.004958
taai2016,147,0.002282,0.004107
taai2016,148,0.002730,0.005466
taai2016,149,0.002116,0.003116
taai2016,150,0.001706,0.003319
taai2016,151,0.002834,0.005058
taai2016,152,0.003007,0.004173
taai2016,153,0.001894,0.002224
taai2016,154,0.001671,0.002307
taai2016,155,0.001812,0.001460
taai2016,156,0.003111,0.005149
taai2016,157,0.002378,0.005099
taai2016,158,0.001952,0.002613
taai2016,159,0.001588,0.002173
taai2016,160,0.003028,0.003124
taai2016,161,0.003696,0.008009
taai2016,162,0.002071,0.003254
taai2016,163,0.001606,0.002090
taai2016,164,0.004163,0.012959
taai2016,165,0.002388,0.005316
taai2016,166,0.001963,0.002326
taai2016,167,0.003304,0.005003
taai2016,168,0.002205,0.004073
taai2016,169,0.001764,0.001435
taai2016,170,0.003037,0.005632
taai2016,171,0.002533,0.003554
taai2016,172,0.002667,0.005625
taai2016,173,0.002084,0.004931
taai2016,174,0.004589,0.018856
taai2016,175,0.001608,0.002419
taai2016,176,0.001474,0.001533
taai2016,177,0.003153,0.004662
taai2016,178,0.002399,0.004887
taai2016,179,0.002361,0.004915
taai2016,180,0.002980,0.004173
taai2016,181,0.002175,0.006027
taai2016,182,0.001781,0.003249
taai2016,183,0.002160,0.005815
taai2016,184,0.001709,0.002286
taai2016,185,0.004782,0.017260
taai2016,186,0.008741,0.017152
taai2016,187,0.002980,0.004403
taai2016,188,0.002505,0.002922
taai2016,189,0.002397,0.004727
taai2016,190,0.001978,0.003280
taai2016,191,0.001639,0.001482
taai2016,192,0.002005,0.003881
taai2016,193,0.004223,0.009543
taai2016,194,0.002435,0.003756
taai2016,195,0.003887,0.009251
taai2016,196,0.001505,0.001656
taai2016,197,0.002055,0.003519
taai2016,198,0.002072,0.002733
taai2016,199,0.001960,0.003814
taai2016,200,0.001295,0.000394
taai2016,201,0.004084,0.008053
taai2016,202,0.006892,0.017265
taai2016,203,0.001783,0.002542
taai2016,204,0.003376,0.005638
taai2016,205,0.005308,0.008734
taai2016,206,0.001968,0.001223
taai2016,207,0.001942,0.003991
taai2016,208,0.003084,0.007284
taai2016,209,0.005376,0.015324
taai2016,210,0.002105,0.003114
taai2016,211,0.003360,0.008382
taai2016,212,0.004111,0.008042
taai2016,213,0.004738,0.010672
taai2016,214,0.004650,0.011337
taai2016,215,0.004622,0.010394
taai2016,216,0.003559,0.018191
taai2016,217,0.003154,0.008083
taai2016,218,0.002224,0.003261
taai2016,219,0.002432,0.003329
taai2016,220,0.002440,0.004555
taai2016,221,0.002106,0.003743
taai2016,222,0.007600,0.013930
taai2016,223,0.002591,0.004092
taai2016,224,0.002030,0.003965
taai2016,225,0.002215,0.004460
taai2016,226,0.002511,0.006421
taai2016,227,0.005538,0.010498
taai2016,228,0.003168,0.007546
taai2016,229,0.001795,0.003285
taai2016,230,0.001762,0.001216
taai2016,231,0.004374,0.010189
taai2016,232,0.001789,0.004888
taai2016,233,0.007171,0.014877
taai2016,234,0.003313,0.018552
taai2016,235,0.002545,0.004960
taai2016,236,0.003690,0.006664
taai2016,237,0.002702,0.005304
taai2016,238,0.004826,0.009449
taai2016,239,0.004860,0.010028
taai2016,240,0.002781,0.005938
taai2016,241,0.010997,0.059005
taai2016,242,0.003401,0.006893
taai2016,243,0.007811,0.014705
taai2016,244,0.003848,0.006196
taai2016,245,0.007441,0.023859
taai2016,246,0.002844,0.005230
taai2016,247,0.004753,0.007939
taai2016,248,0.007589,0.018053
taai2016,249,0.005016,0.009903
taai2016,250,0.005020,0.017983
taai2016,251,0.003713,0.010086
taai2016,252,0.003182,0.005543
taai2016,253,0.003727,0.009747
taai2016,254,0.002885,0.008058
taai2016,255,0.002424,0.005273
taai2016,256,0.003723,0.010826
taai2016,257,0.003465,0.014376
taai2016,258,0.002451,0.003861
taai2016,259,0.002467,0.002543
taai2016,260,0.002953,0.005085
taai2016,261,0.002939,0.006767
taai2016,262,0.005868,0.018050
taai2016,263,0.003530,0.007560
taai2016,264,0.007160,0.021274
taai2016,265,0.005263,0.009724
taai2016,266,0.005901,0.013238
taai2016,267,0.002392,0.003784
taai2016,268,0.006724,0.026633
taai2016,269,0.004454,0.010843
taai2016,270,0.003154,0.006793
taai2016,271,0.006930,0.020094
taai2016,272,0.005090,0.012753
taai2016,273,0.002069,0.005012
taai2016,274,0.004104,0.010040
taai2016,275,0.002628,0.006196
taai2016,276,0.003518,0.007599
taai2016,277,0.014654,0.042887
taai2016,278,0.006370,0.019874
taai2016,279,0.009154,0.032385
taai2016,280,0.003222,0.007237
taai2016,281,0.004679,0.007785
taai2016,282,0.002322,0.004641
taai2016,283,0.002943,0.008449
taai2016,284,0.005772,0.014740
taai2016,285,0.003395,0.009969
taai2016,286,0.003040,0.008227
taai2016,287,0.002549,0.007011
taai2016,288,0.002465,0.003906
taai2016,289,0.002880,0.006387
taai2016,290,0.003729,0.004635
taai2016,291,0.003501,0.009659
taai2016,292,0.003093,0.005491
taai2016,293,0.627189,1.191039
taai2016,294,0.006928,0.122246
taai2016,295,0.017664,0.016078
taai2016,296,0.006230,0.017621
taai2016,297,0.004199,0.010149
taai2016,298,0.002996,0.003782
taai2016,299,0.004511,0.014181
taai2016,300,0.016709,0.020293
taai2016,301,0.004624,0.009323
taai2016,302,0.003885,0.009554
taai2016,303,0.264445,0.161487
taai2016,304,0.004515,0.006976
taai2016,305,0.005062,0.009157
taai2016,306,0.007049,0.019271
taai2016,307,0.002973,0.007331
taai2016,308,0.033255,0.197620
taai2016,309,0.767478,0.670012
taai2016,310,0.005398,0.012163
taai2016,311,0.009370,0.054705
taai2016,312,0.004976,0.010222
taai2016,313,0.013060,0.022440
taai2016,314,0.004603,0.016455
taai2016,315,0.004178,0.010737
taai2016,316,0.009117,0.026511
taai2016,317,0.002744,0.007098
taai2016,318,0.017515,0.022414
taai2016,319,0.002672,0.006919
taai2016,320,0.044783,0.065823
taai2016,321,0.058132,0.024625
taai2016,322,0.015700,0.048712
taai2016,323,0.014750,0.023085
taai2016,324,0.005302,0.011398
taai2016,325,0.005399,0.013632
taai2016,326,0.007307,0.016158
taai2016,327,0.004643,0.018634
taai2016,328,0.004458,0.010869
taai2016,329,0.010122,0.015307
taai2016,330,0.019694,0.340302
taai2016,331,0.020968,0.117346
taai2016,332,0.003814,0.043979
taai2016,333,0.091522,0.023249
taai2016,334,0.002779,0.002745
taai2016,335,0.017079,0.081958
taai2016,336,0.007471,0.026348
taai2016,337,0.006058,0.012954
taai2016,338,0.011777,2.089773
taai2016,339,0.048583,0.096514
taai2016,340,0.110266,0.150979
taai2016,341,0.010387,0.012627
taai2016,342,0.013652,0.080603
taai2016,343,0.005920,0.014060
taai2016,344,0.005667,0.013218
taai2016,345,0.005289,0.014970
taai2016,346,0.005834,0.023714
taai2016,347,0.007598,0.016511
taai2016,348,0.018721,0.193990
taai2016,349,0.004336,0.008087
taai2016,350,0.003744,0.007941
taai2016,351,0.008992,0.017080
taai2016,352,0.004872,0.011174
taai2016,353,0.004106,0.008744
taai2016,354,0.005020,0.011531
taai2016,355,0.005166,0.013238
taai2016,356,0.003395,0.007175
taai2016,357,0.005073,0.011965
taai2016,358,0.003708,0.010180
taai2016,359,0.015951,0.054894
taai2016,360,0.009978,0.013286
taai2016,361,0.085175,0.038156
taai2016,362,0.042353,0.015652
taai2016,363,0.008226,0.019018
taai2016,364,0.011257,0.028983
taai2016,365,0.006674,0.019054
taai2016,366,0.006856,0.024507
taai2016,367,0.022688,0.021685
taai2016,368,0.003467,0.009799
taai2016,369,0.102771,0.124987
taai2016,370,0.011505,0.059742
taai2016,371,0.006515,0.016540
taai2016,372,0.011195,0.090977
taai2016,373,0.023776,0.020964
taai2016,374,0.016451,0.099435
taai2016,375,0.004718,0.013777
taai2016,376,0.007104,0.014485
taai2016,377,0.003907,0.009277
taai2016,378,0.007599,0.015360
taai2016,379,0.057360,0.022503
taai2016,380,0.005376,0.012085
taai2016,381,0.005560,0.017047
taai2016,382,0.007545,0.016673
taai2016,383,0.015684,0.021853
taai2016,384,0.005578,0.013246
taai2016,385,0.003199,0.009700
taai2016,386,0.049898,0.584791
taai2016,387,0.010507,0.020853
taai2016,388,0.005162,0.012057
taai2016,389,0.004510,0.011631
taai2016,390,0.003695,0.011792
taai2016,391,0.003332,0.037095
taai2016,392,0.009561,0.023784
taai2016,393,0.006171,0.028872
taai2016,394,0.111438,0.119806
taai2016,395,0.012310,0.040151
taai2016,396,0.007230,0.024675
taai2016,397,0.008034,0.015312
taai2016,398,0.006531,0.015694
taai2016,399,0.025372,0.040231
taai2016,400,0.007293,0.019976
taai2016,401,0.006732,0.017829
taai2016,402,0.008211,0.027450
taai2016,403,0.007299,0.011644
taai2016,404,0.021627,0.080144
taai2016,405,0.011305,0.014811
taai2016,406,0.016439,0.146348
taai2016,407,0.009303,0.018615
taai2016,408,0.009150,0.227610
taai2016,409,0.003582,0.007439
taai2016,410,0.126198,0.176036
taai2016,411,0.019789,0.082706
taai2016,412,0.007220,0.040121
taai2016,413,0.178191,0.580144
taai2016,414,0.005166,0.011367
taai2016,415,0.013369,0.232843
taai2016,416,0.005934,0.011954
taai2016,417,0.004743,0.027127
taai2016,418,2.411694,3.964335
taai2016,419,0.008705,0.013511
taai2016,420,0.012082,0.024111
taai2016,421,0.006722,0.080405
taai2016,422,0.031498,0.034628
taai2016,423,0.004805,0.010894
taai2016,424,0.012247,0.038490
taai2016,425,0.006602,0.013396
taai2016,426,0.022417,0.043625
taai2016,427,0.019232,0.042046
taai2016,428,0.023827,0.129962
taai2016,429,0.067468,0.054992
taai2016,430,0.015201,0.018372
taai2016,431,0.009035,0.017899
taai2016,432,0.017281,0.052775
taai2016,433,0.005343,0.015600
taai2016,434,0.012181,0.027638
taai2016,435,0.047506,1.695070
taai2016,436,0.006095,0.016428
taai2016,437,0.004814,0.012371
taai2016,438,0.145653,0.204162
taai2016,439,0.009474,0.027680
taai2016,440,0.006821,0.015573
taai2016,441,0.006533,0.017723
taai2016,442,0.006558,0.017792
taai2016,443,0.013714,0.070278
taai2016,444,1.231583,0.324082
taai2016,445,0.044581,0.034895
taai2016,446,0.009074,0.016616
taai2016,447,0.004526,0.010026
taai2016,448,0.110396,0.415558
taai2016,449,1.810057,3.359790
taai2016,450,0.008061,0.018429
taai2016,451,0.011417,0.021936
taai2016,452,0.022058,0.072657
taai2016,453,0.007790,0.031783
taai2016,454,0.023531,0.041311
taai2016,455,0.066754,0.154719
taai2016,456,0.041724,0.225129
taai2016,457,0.038874,0.026558
taai2016,458,0.005462,0.050423
taai2016,459,0.035602,0.038334
taai2016,460,0.089903,0.049056
taai2016,461,0.009976,0.027563
taai2016,462,0.048594,0.412604
taai2016,463,0.068726,0.289241
taai2016,464,0.019013,0.042916
taai2016,465,0.108364,0.100841
taai2016,466,0.012472,0.020331
taai2016,467,0.015831,0.345380
taai2016,468,0.306346,2.324603
taai2016,469,0.024220,0.138778
taai2016,470,0.004536,0.011921
taai2016,471,0.014000,0.021489
taai2016,472,0.198174,0.872401
taai2016,473,1.165868,0.442238
taai2016,474,0.012777,0.031484
taai2016,475,0.006592,0.028026
taai2016,476,0.008281,0.081834
taai2016,477,0.132882,0.149014
taai2016,478,0.007075,0.018472
taai2016,479,0.079497,0.382978
taai2016,480,0.009169,0.027877
taai2016,481,0.008399,0.091160
taai2016,482,0.009012,0.029112
taai2016,483,0.026632,0.058538
taai2016,484,0.008432,0.028789
taai2016,485,0.007311,0.017306
taai2016,486,0.008249,0.020259
taai2016,487,0.044787,0.017782
taai2016,488,0.029895,0.031897
taai2016,489,0.008021,0.074571
taai2016,490,1.092250,7.119138
taai2016,491,0.069219,0.047357
taai2016,492,0.011823,0.041757
taai2016,493,0.229197,0.305869
taai2016,494,0.047102,1.063810
taai2016,495,0.009291,0.015549
taai2016,496,0.013460,0.032300
taai2016,497,0.027247,0.045330
taai2016,498,0.064039,0.014380
taai2016,499,0.013012,0.074203
taai2016,500,0.027380,0.072200
taai2016,501,0.183066,1.228006
taai2016,502,0.308969,0.679012
taai2016,503,0.246476,1.344945
taai2016,504,0.095761,0.042669
taai2016,505,0.010861,0.043264
taai2016,506,0.084790,0.048890
taai2016,507,0.022659,0.032955
taai2016,508,0.050971,0.021441
taai2016,509,0.033120,0.072883
taai2016,510,0.046196,0.140089
taai2016,511,0.068892,0.078703
taai2016,512,0.030725,0.026328
taai2016,513,2.825874,2.043602
taai2016,514,0.275673,0.392902
taai2016,515,0.007979,0.700558
taai2016,516,0.011694,0.036722
taai2016,517,0.006055,0.014228
taai2016,518,0.025507,0.026405
taai2016,519,0.084169,0.035287
taai2016,520,0.010645,0.027133
taai2016,521,0.025023,0.034635
taai2016,522,0.065241,0.752411
taai2016,523,0.025024,0.253706
taai2016,524,0.012233,0.024881
taai2016,525,0.087297,0.056478
taai2016,526,0.016723,0.095770
taai2016,527,0.006428,0.013273
taai2016,528,0.049323,0.069238
taai2016,529,0.016219,0.041986
taai2016,530,0.005962,0.014268
taai2016,531,0.130441,1.541919
taai2016,532,0.057137,22.513550
taai2016,533,0.133196,0.414172
taai2016,534,0.011910,0.011866
taai2016,535,0.056800,0.113418
taai2016,536,0.659536,2.799318
taai2016,537,0.092599,0.039060
taai2016,538,0.036156,0.993778
taai2016,539,0.344983,0.036803
taai2016,540,0.013132,0.083678
taai2016,541,0.231111,5.366712
taai2016,542,3.116452,8.309108
taai2016,543,0.011125,0.034727
taai2016,544,0.010819,0.018646
taai2016,545,0.012188,1.589944
taai2016,546,0.049713,0.613477
taai2016,547,0.034693,0.019707
taai2016,548,1.273216,0.961837
taai2016,549,0.268377,1.306873
taai2016,550,0.004591,0.018836
taai2016,551,0.009250,0.058649
taai2016,552,0.035253,0.067603
taai2016,553,0.048652,0.090069
taai2016,554,0.078482,0.042977
taai2016,555,0.011901,0.075620
taai2016,556,0.015969,0.020821
taai2016,557,0.034066,0.066601
taai2016,558,0.570971,0.645980
taai2016,559,0.075062,0.044573
taai2016,560,0.131244,0.156006
taai2016,561,0.011567,1.228377
taai2016,562,3.467973,2.766589
taai2016,563,0.056059,1.183336
taai2016,564,2.500376,10.302854
taai2016,565,0.241524,4.723668
taai2016,566,1.752660,144.152469
taai2016,567,0.041647,0.177620
taai2016,568,0.014406,0.064067
taai2016,569,0.006000,0.094531
taai2016,570,1.551972,0.686854
taai2016,571,2.768803,0.806572
taai2016,572,0.015492,0.120427
taai2016,573,2.808000,0.895612
taai2016,574,0.024329,0.056880
taai2016,575,0.086258,0.122392
taai2016,576,0.028993,0.052619
taai2016,577,0.045202,0.153209
taai2016,578,3.464660,16.905562
taai2016,579,0.008138,0.072601
taai2016,580,0.091268,0.045085
taai2016,581,0.034707,0.045488
taai2016,582,0.449163,0.415562
taai2016,583,0.008493,0.070826
taai2016,584,0.017150,0.026653
taai2016,585,0.006447,0.017265
taai2016,586,0.038723,0.252658
taai2016,587,2.584240,20.465513
taai2016,588,0.049203,0.019921
taai2016,589,0.015804,0.092920
taai2016,590,0.008879,0.876056
taai2016,591,0.006356,0.017747
taai2016,592,0.015981,0.075752
taai2016,593,0.006033,0.027811
taai2016,594,0.024925,0.035600
taai2016,595,0.625922,1.059861
taai2016,596,0.317740,2.086419
taai2016,597,0.029934,0.050869
taai2016,598,0.018267,0.042256
taai2016,599,0.090503,1.912438
taai2016,600,0.023205,0.045569
taai2016,601,0.059489,0.278006
taai2016,602,0.122035,0.121648
taai2016,603,0.008663,0.023172
taai2016,604,0.618658,0.462174
taai2016,605,0.377095,0.596592
taai2016,606,0.006946,0.022033
taai2016,607,0.053410,0.120760
taai2016,608,0.023639,0.055241
taai2016,609,0.008448,0.026496
taai2016,610,5.215661,2.608243
taai2016,611,0.347025,2.511449
taai2016,612,0.013061,0.765450
taai2016,613,0.193178,0.606488
taai2016,614,1.306281,0.032823
taai2016,615,0.022779,0.026611
taai2016,616,0.021862,0.041912
taai2016,617,0.023536,0.060230
taai2016,618,0.075692,1.055833
taai2016,619,0.015049,0.026854
taai2016,620,0.095569,0.058245
taai2016,621,0.059599,0.030394
taai2016,622,0.006376,0.034970
taai2016,623,0.009811,0.025155
taai2016,624,0.178494,0.622555
taai2016,625,0.025152,0.248424
taai2016,626,1.142713,0.309309
taai2016,627,0.008656,0.014987
taai2016,628,0.007337,0.070316
taai2016,629,2.736612,7.218266
taai2016,630,0.089063,0.329619
taai2016,631,0.010738,0.038414
taai2016,632,0.008092,0.022634
taai2016,633,0.060022,0.162046
taai2016,634,0.471619,0.484410
taai2016,635,0.574566,1.439592
taai2016,636,0.183156,2.532887
taai2016,637,0.011675,0.065864
taai2016,638,0.083219,0.022109
taai2016,639,0.007584,0.034729
taai2016,640,0.062382,0.023134
taai2016,641,0.088620,0.063705
taai2016,642,0.088577,0.057247
taai2016,643,0.144465,0.173303
taai2016,644,0.072074,0.216204
taai2016,645,0.048199,0.090764
taai2016,646,0.008324,0.039113
taai2016,647,0.005712,0.016208
taai2016,648,0.009924,0.021065
taai2016,649,0.676036,18.985878
taai2016,650,0.009769,0.046285
taai2016,651,0.086728,0.129587
taai2016,652,3.362510,3.359495
taai2016,653,0.031238,0.363243
taai2016,654,0.849807,1.973906
taai2016,655,0.101715,0.094364
taai2016,656,0.101542,0.065684
taai2016,657,0.174317,4.472414
taai2016,658,0.107461,0.120540
taai2016,659,0.069167,0.133179
taai2016,660,0.198585,0.252837
taai2016,661,0.010799,0.166662
taai2016,662,0.423695,0.998457
taai2016,663,0.396099,1.474551
taai2016,664,0.010280,3.702793
taai2016,665,0.860648,2.008304
taai2016,666,0.010067,0.025146
taai2016,667,0.127833,0.127511
taai2016,668,0.026361,0.063049
taai2016,669,0.097622,0.041412
taai2016,670,0.008961,0.024268
taai2016,671,0.159253,0.455035
taai2016,672,0.029458,0.266255
taai2016,673,0.007998,0.026836
taai2016,674,0.031538,0.024947
taai2016,675,0.476299,1.268630
taai2016,676,0.022646,0.036102
taai2016,677,0.005552,0.024031
taai2016,678,0.173132,0.206118
taai2016,679,0.007628,0.020910
taai2016,680,0.026284,0.024053
taai2016,681,0.375520,5.722678
taai2016,682,0.428967,0.222303
taai2016,683,0.136487,5.957891
taai2016,684,0.132145,0.309951
taai2016,685,0.019051,0.344872
taai2016,686,0.013652,1.099978
taai2016,687,0.110529,0.089549
taai2016,688,0.989547,0.377991
taai2016,689,0.102942,0.046941
taai2016,690,0.244573,0.977461
taai2016,691,0.012814,0.020941
taai2016,692,0.009934,0.028841
taai2016,693,0.011822,0.037113
taai2016,694,0.010705,0.043593
taai2016,695,0.013498,0.023527
taai2016,696,0.029066,0.105718
taai2016,697,0.006150,0.015744
taai2016,698,0.007915,0.139704
taai2016,699,0.044308,0.018215
taai2016,700,0.036817,0.673931
taai2016,701,0.022079,0.021174
taai2016,702,0.064023,0.060003
taai2016,703,0.008068,0.055952
taai2016,704,0.149390,0.197071
taai2016,705,0.016726,0.150397
taai2016,706,0.158813,2.071819
taai2016,707,0.056342,0.025992
taai2016,708,0.076839,0.102002
taai2016,709,0.031087,0.388219
taai2016,710,0.013199,0.049007
taai2016,711,0.018678,0.060173
taai2016,712,0.324926,0.314192
taai2016,713,0.053141,0.188839
taai2016,714,0.009966,0.017833
taai2016,715,0.134821,0.096532
taai2016,716,0.107084,0.125520
taai2016,717,1.926232,3.088958
taai2016,718,0.008963,0.062241
taai2016,719,0.010710,1.662045
taai2016,720,1.798737,0.528313
taai2016,721,0.140440,0.150897
taai2016,722,0.082161,0.042129
taai2016,723,0.006539,0.023787
taai2016,724,0.270765,0.978781
taai2016,725,0.017857,0.133224
taai2016,726,0.126428,0.908230
taai2016,727,0.014887,0.037351
taai2016,728,0.006427,0.035597
taai2016,729,0.036692,0.641896
taai2016,730,0.089222,0.085920
taai2016,731,0.012409,0.028366
taai2016,732,0.008810,0.048340
taai2016,733,0.009023,0.038288
taai2016,734,0.019429,0.029328
taai2016,735,0.053407,0.048177
taai2016,736,0.014780,4.775744
taai2016,737,0.154886,0.351840
taai2016,738,0.580167,2.752603
taai2016,739,0.428315,1.918358
taai2016,740,0.012332,0.045526
taai2016,741,0.017256,0.480987
taai2016,742,0.006334,0.028049
taai2016,743,0.384509,0.184074
taai2016,744,0.232162,0.446007
taai2016,745,0.143597,1.535137
taai2016,746,0.039690,0.073300
taai2016,747,0.072349,0.070108
taai2016,748,0.008656,0.025621
taai2016,749,0.053049,0.051793
taai2016,750,0.219287,3.579863
taai2016,751,0.008229,0.027396
taai2016,752,0.021246,0.030108
taai2016,753,0.063046,0.066320
taai2016,754,0.007292,0.033037
taai2016,755,0.020844,0.053101
taai2016,756,0.010896,0.020558
taai2016,757,0.034633,0.077842
taai2016,758,0.032254,0.309988
taai2016,759,0.211562,0.030971
taai2016,760,0.010777,0.031969
taai2016,761,0.018513,0.032552
taai2016,762,0.007211,0.094593
taai2016,763,0.027568,0.424811
taai2016,764,0.005760,0.022431
taai2016,765,0.013575,0.070310
taai2016,766,0.131522,5.206797
taai2016,767,0.052250,0.031247
taai2016,768,0.013948,0.028941
taai2016,769,0.014389,0.028550
taai2016,770,0.092532,0.052827
taai2016,771,1.555746,0.316894
taai2016,772,0.009416,0.025703
taai2016,773,0.011441,0.048006
taai2016,774,0.048496,0.024092
taai2016,775,0.010981,0.019967
taai2016,776,0.088300,0.166930
taai2016,777,0.029767,0.103250
taai2016,778,0.051732,0.027969
taai2016,779,0.122300,0.132776
taai2016,780,0.103289,0.111199
taai2016,781,0.082071,0.055972
taai2016,782,0.006339,0.329250
taai2016,783,0.069590,0.032174
taai2016,784,0.009733,0.084394
taai2016,785,0.007129,0.033249
taai2016,786,0.093851,0.037643
taai2016,787,0.011427,0.042264
taai2016,788,0.019591,0.020778
taai2016,789,0.034633,0.087432
taai2016,790,0.018481,0.053100
taai2016,791,0.016403,0.737638
taai2016,792,0.106064,0.410836
taai2016,793,0.044675,0.017016
taai2016,794,0.007815,0.039859
taai2016,795,0.041149,0.027882
taai2016,796,0.046474,0.021838
taai2016,797,0.016371,0.022806
taai2016,798,0.057491,0.027727
taai2016,799,0.006311,0.020036
taai2016,800,0.036156,0.022446
taai2016,801,0.009241,0.667418
taai2016,802,0.011387,0.101930
taai2016,803,0.006257,0.091832
taai2016,804,0.135079,0.176565
taai2016,805,0.203976,0.275622
taai2016,806,0.029203,0.093952
taai2016,807,0.058653,0.024577
taai2016,808,0.063128,0.035466
taai2016,809,0.005252,0.019883
taai2016,810,0.010653,0.047309
taai2016,811,0.006677,0.021241
taai2016,812,0.005708,0.039376
taai2016,813,0.007131,0.022530
taai2016,814,0.005828,0.018243
taai2016,815,0.009942,0.219095
taai2016,816,0.007948,0.050825
taai2016,817,0.005821,0.017389
taai2016,818,0.021007,0.033974
taai2016,819,0.024582,6.029892
taai2016,820,0.033945,0.540672
taai2016,821,0.009834,0.049771
taai2016,822,0.007432,0.149466
taai2016,823,0.007901,0.022214
taai2016,824,0.063117,0.097259
taai2016,825,0.015993,0.023290
taai2016,826,0.007634,0.029617
taai2016,827,0.150692,0.364651
taai2016,828,0.008463,0.020509
taai2016,829,0.054669,0.066874
taai2016,830,0.125866,0.040466
taai2016,831,0.007917,0.021621
taai2016,832,0.012285,0.052087
taai2016,833,0.006752,0.032303
taai2016,834,0.008738,0.024865
taai2016,835,0.035241,0.023536
taai2016,836,0.190567,0.576884
taai2016,837,0.009424,0.062925
taai2016,838,0.012915,0.053535
taai2016,839,1.513262,0.518062
taai2016,840,0.008814,0.116486
taai2016,841,0.023479,0.064626
taai2016,842,0.028170,224.983470
taai2016,843,0.196903,0.103752
taai2016,844,0.008479,0.049252
taai2016,845,0.083913,0.084542
taai2016,846,0.023388,0.046089
taai2016,847,0.009180,0.022007
taai2016,848,0.012301,0.842841
taai2016,849,0.021400,0.023850
taai2016,850,0.007561,0.021563
taai2016,851,0.008993,0.040134
taai2016,852,0.011718,0.280231
taai2016,853,0.014654,0.024881
taai2016,854,0.022700,0.030454
taai2016,855,0.029487,4.784016
taai2016,856,0.017872,0.135005
taai2016,857,0.009550,0.015454
taai2016,858,0.066885,0.067409
taai2016,859,0.007586,0.023857
taai2016,860,0.006508,0.050702
taai2016,861,0.014829,1.640248
taai2016,862,0.052995,0.043520
taai2016,863,0.661105,0.328490
taai2016,864,0.058472,0.070562
taai2016,865,0.069104,0.029566
taai2016,866,0.007225,0.057488
taai2016,867,0.052456,0.035763
taai2016,868,0.325697,0.139383
taai2016,869,0.010360,0.110416
taai2016,870,0.071100,0.058221
taai2016,871,0.028835,0.019791
taai2016,872,0.017178,0.036184
taai2016,873,0.007036,0.029885
taai2016,874,0.007462,0.017827
taai2016,875,0.023101,0.097580
taai2016,876,0.045016,21.306282
taai2016,877,0.147815,2.014223
taai2016,878,0.007986,0.022340
taai2016,879,0.046268,0.023561
taai2016,880,0.304525,0.392718
taai2016,881,0.015661,0.095943
taai2016,882,0.009175,0.025403
taai2016,883,0.020223,0.034204
taai2016,884,0.009748,0.459436
taai2016,885,0.008741,0.029310
taai2016,886,0.028283,0.026403
taai2016,887,0.025131,0.031737
taai2016,888,0.059962,0.027633
taai2016,889,0.052728,0.034498
taai2016,890,0.038022,0.021550
taai2016,891,0.010554,0.037429
taai2016,892,0.058131,0.033179
taai2016,893,0.016627,0.038966
taai2016,894,0.022688,0.069853
taai2016,895,0.495815,0.043107
taai2016,896,0.054250,0.124631
taai2016,897,0.223263,0.722151
taai2016,898,0.008667,0.443213
taai2016,899,0.007938,0.026551
taai2016,900,0.056031,0.041974
taai2016,901,0.010552,0.160645
taai2016,902,0.007412,0.018904
taai2016,903,0.056460,0.441289
taai2016,904,0.008908,0.026051
taai2016,905,0.007836,0.024135
taai2016,906,0.007672,0.021116
taai2016,907,0.060666,0.024284
taai2016,908,0.027870,0.031248
taai2016,909,0.013219,0.536917
taai2016,910,0.009106,0.317379
taai2016,911,0.036557,0.042545
taai2016,912,0.009824,0.168420
taai2016,913,0.006890,0.073953
taai2016,914,0.055363,0.025174
taai2016,915,0.008556,0.032733
taai2016,916,0.007801,0.033649
taai2016,917,0.022603,0.063554
taai2016,918,0.026102,0.452272
taai2016,919,0.185992,1.092000
taai2016,920,0.323409,0.326198
taai2016,921,0.036078,1.420606
taai2016,922,0.008604,0.053201
taai2016,923,0.006128,0.016630
taai2016,924,0.007451,0.020993
taai2016,925,0.010560,0.028836
taai2016,926,0.012106,0.031393
taai2016,927,0.015939,0.022340
taai2016,928,0.017131,0.027983
taai2016,929,0.007525,0.017275
taai2016,930,0.008061,0.045394
taai2016,931,0.009882,0.038247
taai2016,932,0.008106,0.021229
taai2016,933,0.011254,0.021687
taai2016,934,0.061129,0.041754
taai2016,935,0.029222,0.057231
taai2016,936,0.036856,76.214148
taai2016,937,0.007538,0.023828
taai2016,938,0.063789,0.033347
taai2016,939,0.022052,0.032946
taai2016,940,0.020037,2.915522
taai2016,941,0.022105,0.021966
taai2016,942,0.064795,0.040452
taai2016,943,0.011269,0.028934
taai2016,944,0.017279,0.030268
taai2016,945,0.009968,0.019907
taai2016,946,0.068531,0.073456
taai2016,947,0.020924,0.024537
taai2016,948,0.015752,0.032386
taai2016,949,0.006170,0.021170
taai2016,950,0.009266,0.032986
taai2016,951,0.009547,0.043866
taai2016,952,0.013305,0.030645
taai2016,953,0.013213,0.025106
taai2016,954,0.007451,0.081660
taai2016,955,0.008722,0.022864
taai2016,956,0.016906,0.019290
taai2016,957,0.009428,0.026787
taai2016,958,0.008419,0.028415
taai2016,959,0.105878,0.032143
taai2016,960,0.007665,0.018874
taai2016,961,0.017170,0.033183
taai2016,962,0.041631,0.042891
taai2016,963,0.010463,0.073279
taai2016,964,0.024624,0.022029
taai2016,965,0.010704,0.189640
taai2016,966,0.015721,0.020386
taai2016,967,0.006549,0.064870
taai2016,968,0.009967,0.039684
taai2016,969,0.007207,0.019407
taai2016,970,0.005505,0.893465
taai2016,971,0.011646,0.068750
taai2016,972,0.006430,0.031655
taai2016,973,0.118206,0.050634
taai2016,974,0.009563,0.079605
taai2016,975,0.017060,0.103088
taai2016,976,0.009509,0.035052
taai2016,977,0.008713,0.023961
taai2016,978,0.219883,0.016441
taai2016,979,0.007255,0.032228
taai2016,980,0.008571,0.028254
taai2016,981,0.049702,0.028517
taai2016,982,0.006942,0.042746
taai2016,983,0.013225,0.022116
taai2016,984,0.039553,0.027184
taai2016,985,0.027676,0.017109
taai2016,986,0.039046,0.024466
taai2016,987,0.011153,0.055555
taai2016,988,0.007796,0.027824
taai2016,989,0.007418,0.035000
taai2016,990,0.029591,0.089096
taai2016,991,0.011368,0.032533
taai2016,992,0.079853,0.031871
taai2016,993,0.005494,0.028096
taai2016,994,0.008202,0.022237
taai2016,995,0.009507,0.024561
taai2016,996,0.055911,0.025894
taai2016,997,0.007402,0.027378
taai2016,998,0.008692,0.023266
taai2016,999,0.007765,0.066820
taai2016,1000,0.034391,0.034032
taai2017,1,0.005360,0.001056
taai2017,2,0.004716,0.002514
taai2017,3,0.001710,0.002083
taai2017,4,0.001805,0.001269
taai2017,5,0.001250,0.000299
taai2017,6,0.001680,0.003023
taai2017,7,0.002034,0.003639
taai2017,8,0.001448,0.000924
taai2017,9,0.001735,0.002131
taai2017,10,0.001592,0.001774
taai2017,11,0.001495,0.000908
taai2017,12,0.001333,0.000483
taai2017,13,0.001581,0.000523
taai2017,14,0.001514,0.003363
taai2017,15,0.001977,0.003378
taai2017,16,0.002094,0.002689
taai2017,17,0.001629,0.001490
taai2017,18,0.001394,0.001995
taai2017,19,0.001405,0.000602
taai2017,20,0.001436,0.000809
taai2017,21,0.002993,0.005689
taai2017,22,0.001700,0.001050
taai2017,23,0.001955,0.001916
taai2017,24,0.001760,0.003034
taai2017,25,0.002539,0.002883
taai2017,26,0.001789,0.001896
taai2017,27,0.001458,0.000880
taai2017,28,0.001290,0.000413
taai2017,29,0.001481,0.000811
taai2017,30,0.001281,0.000646
taai2017,31,0.001378,0.001977
taai2017,32,0.001630,0.000781
taai2017,33,0.001734,0.001154
taai2017,34,0.001861,0.001672
taai2017,35,0.001604,0.001950
taai2017,36,0.002261,0.002438
taai2017,37,0.001990,0.001694
taai2017,38,0.001506,0.002191
taai2017,39,0.001579,0.001690
taai2017,40,0.001589,0.001935
taai2017,41,0.001415,0.002989
taai2017,42,0.002437,0.003332
taai2017,43,0.001802,0.002818
taai2017,44,0.001860,0.003477
taai2017,45,0.001350,0.000652
taai2017,46,0.001662,0.001402
taai2017,47,0.001880,0.000915
taai2017,48,0.003062,0.004751
taai2017,49,0.003219,0.006972
taai2017,50,0.001659,0.001680
taai2017,51,0.001618,0.002014
taai2017,52,0.001515,0.000826
taai2017,53,0.001645,0.002749
taai2017,54,0.001998,0.003981
taai2017,55,0.002078,0.004099
taai2017,56,0.001521,0.000629
taai2017,57,0.001597,0.003417
taai2017,58,0.001535,0.000542
taai2017,59,0.002011,0.004011
taai2017,60,0.002232,0.002675
taai2017,61,0.001444,0.001184
taai2017,62,0.002374,0.003936
taai2017,63,0.002342,0.002932
taai2017,64,0.001830,0.002436
taai2017,65,0.002542,0.005836
taai2017,66,0.002146,0.001982
taai2017,67,0.001393,0.000878
taai2017,68,0.001480,0.001326
taai2017,69,0.001805,0.004146
taai2017,70,0.001474,0.001330
taai2017,71,0.001781,0.001034
taai2017,72,0.002224,0.002726
taai2017,73,0.002778,0.006202
taai2017,74,0.001325,0.000474
taai2017,75,0.001661,0.002149
taai2017,76,0.001703,0.000872
taai2017,77,0.001857,0.005749
taai2017,78,0.001749,0.003820
taai2017,79,0.002888,0.008325
taai2017,80,0.002177,0.001234
taai2017,81,0.003716,0.005187
taai2017,82,0.001550,0.002011
taai2017,83,0.001397,0.000611
taai2017,84,0.001452,0.002515
taai2017,85,0.001778,0.002513
taai2017,86,0.001926,0.001713
taai2017,87,0.001422,0.001812
taai2017,88,0.001971,0.001483
taai2017,89,0.001921,0.002578
taai2017,90,0.002066,0.004589
taai2017,91,0.002148,0.002446
taai2017,92,0.002383,0.002494
taai2017,93,0.002503,0.004446
taai2017,94,0.002565,0.002887
taai2017,95,0.002413,0.004425
taai2017,96,0.001867,0.002666
taai2017,97,0.002321,0.002177
taai2017,98,0.002484,0.005161
taai2017,99,0.001367,0.000501
taai2017,100,0.001779,0.001710
taai2017,101,0.001721,0.001558
taai2017,102,0.001752,0.002880
taai2017,103,0.001837,0.002962
taai2017,104,0.002676,0.004505
taai2017,105,0.005775,0.007659
taai2017,106,0.001725,0.002992
taai2017,107,0.003321,0.004953
taai2017,108,0.004229,0.007135
taai2017,109,0.002361,0.003432
taai2017,110,0.002454,0.003184
taai2017,111,0.002180,0.005427
taai2017,112,0.001524,0.001937
taai2017,113,0.001929,0.003594
taai2017,114,0.004896,0.008254
taai2017,115,0.003302,0.009595
taai2017,116,0.002009,0.004308
taai2017,117,0.001596,0.001265
taai2017,118,0.001622,0.001992
taai2017,119,0.001829,0.003660
taai2017,120,0.002521,0.004116
taai2017,121,0.001900,0.002398
taai2017,122,0.001358,0.000808
taai2017,123,0.003867,0.005269
taai2017,124,0.002408,0.005657
taai2017,125,0.002424,0.003309
taai2017,126,0.002016,0.001547
taai2017,127,0.001498,0.000740
taai2017,128,0.002443,0.004199
taai2017,129,0.002032,0.002573
taai2017,130,0.001843,0.001006
taai2017,131,0.001882,0.001761
taai2017,132,0.002784,0.005826
taai2017,133,0.002082,0.001950
taai2017,134,0.002434,0.001388
taai2017,135,0.001810,0.004644
taai2017,136,0.001488,0.001284
taai2017,137,0.002071,0.002843
taai2017,138,0.002265,0.003835
taai2017,139,0.002226,0.003412
taai2017,140,0.002412,0.005429
taai2017,141,0.001594,0.000875
taai2017,142,0.001878,0.003848
taai2017,143,0.003747,0.011249
taai2017,144,0.003383,0.005413
taai2017,145,0.003707,0.003985
taai2017,146,0.002213,0.001777
taai2017,147,0.001987,0.003189
taai2017,148,0.004578,0.008108
taai2017,149,0.001371,0.000797
taai2017,150,0.001887,0.001090
taai2017,151,0.002198,0.003887
taai2017,152,0.002882,0.006208
taai2017,153,0.001446,0.000689
taai2017,154,0.001548,0.001332
taai2017,155,0.004093,0.010109
taai2017,156,0.002893,0.007584
taai2017,157,0.001858,0.002379
taai2017,158,0.002123,0.005633
taai2017,159,0.003522,0.005958
taai2017,160,0.003270,0.008061
taai2017,161,0.001933,0.003750
taai2017,162,0.002322,0.002927
taai2017,163,0.002525,0.004899
taai2017,164,0.001361,0.001810
taai2017,165,0.003105,0.007466
taai2017,166,0.001882,0.003382
taai2017,167,0.001739,0.001307
taai2017,168,0.003278,0.009358
taai2017,169,0.002695,0.007290
taai2017,170,0.001472,0.002144
taai2017,171,0.002557,0.004942
taai2017,172,0.002039,0.002342
taai2017,173,0.005219,0.007718
taai2017,174,0.001656,0.002613
taai2017,175,0.002865,0.007246
taai2017,176,0.001620,0.001203
taai2017,177,0.001839,0.000962
taai2017,178,0.002426,0.002339
taai2017,179,0.003155,0.004714
taai2017,180,0.002402,0.004119
taai2017,181,0.001885,0.003589
taai2017,182,0.001877,0.003303
taai2017,183,0.001704,0.002559
taai2017,184,0.002457,0.002060
taai2017,185,0.003505,0.007964
taai2017,186,0.005405,0.013163
taai2017,187,0.003777,0.006696
taai2017,188,0.002477,0.006787
taai2017,189,0.002054,0.005396
taai2017,190,0.002463,0.002801
taai2017,191,0.002378,0.005279
taai2017,192,0.003443,0.010112
taai2017,193,0.002762,0.004562
taai2017,194,0.002882,0.003570
taai2017,195,0.001730,0.001573
taai2017,196,0.002283,0.004048
taai2017,197,0.004348,0.007140
taai2017,198,0.003148,0.008098
taai2017,199,0.003282,0.005526
taai2017,200,0.003897,0.013120
taai2017,201,0.003292,0.005257
taai2017,202,0.002068,0.001324
taai2017,203,0.002369,0.005928
taai2017,204,0.005115,0.013372
taai2017,205,0.007784,0.015964
taai2017,206,0.002604,0.005252
taai2017,207,0.002095,0.003143
taai2017,208,0.003454,0.004574
taai2017,209,0.002245,0.002337
taai2017,210,0.002345,0.005652
taai2017,211,0.002134,0.003996
taai2017,212,0.003987,0.005486
taai2017,213,0.002913,0.006197
taai2017,214,0.009664,0.012391
taai2017,215,0.003016,0.006815
taai2017,216,0.003396,0.005687
taai2017,217,0.004153,0.007575
taai2017,218,0.002455,0.005763
taai2017,219,0.002379,0.004499
taai2017,220,0.002030,0.002894
taai2017,221,0.002361,0.003806
taai2017,222,0.002571,0.002785
taai2017,223,0.004124,0.008446
taai2017,224,0.002989,0.006408
taai2017,225,0.002469,0.005472
taai2017,226,0.001808,0.001679
taai2017,227,0.002312,0.004826
taai2017,228,0.002318,0.004151
taai2017,229,0.003665,0.008406
taai2017,230,0.002250,0.007463
taai2017,231,0.003342,0.007727
taai2017,232,0.001688,0.002072
taai2017,233,0.003973,0.014623
taai2017,234,0.007549,0.018474
taai2017,235,0.004349,0.011205
taai2017,236,0.003342,0.005376
taai2017,237,0.010665,0.029102
taai2017,238,0.002419,0.002666
taai2017,239,0.003269,0.006780
taai2017,240,0.003472,0.008773
taai2017,241,0.002941,0.007330
taai2017,242,0.006297,0.017322
taai2017,243,0.007991,0.018979
taai2017,244,0.002412,0.004240
taai2017,245,0.002256,0.004678
taai2017,246,0.003978,0.007934
taai2017,247,0.004816,0.010433
taai2017,248,0.002790,0.005336
taai2017,249,0.002515,0.003218
taai2017,250,0.002423,0.006101
taai2017,251,0.001938,0.002519
taai2017,252,0.004294,0.010252
taai2017,253,0.008066,0.012934
taai2017,254,0.004370,0.010540
taai2017,255,0.002704,0.002601
taai2017,256,0.005513,0.011198
taai2017,257,0.002996,0.005071
taai2017,258,0.004974,0.006416
taai2017,259,0.004412,0.010212
taai2017,260,0.004401,0.008096
taai2017,261,0.002940,0.006663
taai2017,262,0.007183,0.020805
taai2017,263,0.005896,0.018754
taai2017,264,0.007335,0.012939
taai2017,265,0.002580,0.003303
taai2017,266,0.011105,0.016263
taai2017,267,0.007227,0.019658
taai2017,268,0.007382,0.028189
taai2017,269,0.006410,0.009937
taai2017,270,0.006495,0.032260
taai2017,271,0.005884,0.017909
taai2017,272,0.006619,0.010925
taai2017,273,0.002710,0.007193
taai2017,274,0.005415,0.013969
taai2017,275,0.012526,0.025599
taai2017,276,0.002685,0.003529
taai2017,277,0.003123,0.007669
taai2017,278,0.004890,0.022641
taai2017,279,0.002116,0.003587
taai2017,280,0.004151,0.008419
taai2017,281,0.016189,0.034042
taai2017,282,0.004078,0.009400
taai2017,283,0.003185,0.006193
taai2017,284,0.070785,0.047707
taai2017,285,0.017864,0.014914
taai2017,286,0.004132,0.012107
taai2017,287,0.006383,0.038116
taai2017,288,0.010398,0.032455
taai2017,289,0.002388,0.004069
taai2017,290,0.002976,0.005766
taai2017,291,0.002772,0.004137
taai2017,292,0.035903,0.016451
taai2017,293,0.006691,0.018543
taai2017,294,0.008479,0.027971
taai2017,295,0.002841,0.008409
taai2017,296,0.005954,0.015926
taai2017,297,0.005394,0.014818
taai2017,298,0.003126,0.005759
taai2017,299,0.007442,0.022815
taai2017,300,0.003126,0.004974
taai2017,301,0.003231,0.009529
taai2017,302,0.003374,0.007193
taai2017,303,0.007884,0.012430
taai2017,304,0.002087,0.004985
taai2017,305,0.005140,0.015187
taai2017,306,0.006292,0.015743
taai2017,307,0.008192,0.026178
taai2017,308,0.005650,0.017332
taai2017,309,0.007344,0.014135
taai2017,310,0.075215,0.067886
taai2017,311,0.011717,0.018360
taai2017,312,0.005795,0.026576
taai2017,313,0.029984,0.067728
taai2017,314,0.006894,0.014838
taai2017,315,0.018780,0.024110
taai2017,316,0.005772,0.017735
taai2017,317,0.006802,0.010564
taai2017,318,0.002690,0.006746
taai2017,319,0.003112,0.005340
taai2017,320,0.003631,0.007988
taai2017,321,0.010242,0.011080
taai2017,322,0.006608,0.010939
taai2017,323,0.018705,0.047406
taai2017,324,0.004530,0.015972
taai2017,325,0.004402,0.011500
taai2017,326,0.005767,0.013193
taai2017,327,0.030298,0.047110
taai2017,328,0.005119,0.011721
taai2017,329,0.006769,0.014208
taai2017,330,0.011521,0.031988
taai2017,331,0.008692,0.231788
taai2017,332,0.013258,0.051134
taai2017,333,0.003805,0.010620
taai2017,334,0.012202,0.026037
taai2017,335,0.008543,0.015420
taai2017,336,0.080714,0.479757
taai2017,337,0.004850,0.034387
taai2017,338,0.009490,0.015233
taai2017,339,0.006704,0.015588
taai2017,340,0.002836,0.004152
taai2017,341,0.008462,0.025641
taai2017,342,0.004850,0.015133
taai2017,343,0.007933,0.012517
taai2017,344,0.003286,0.009775
taai2017,345,0.136880,0.188815
taai2017,346,0.005245,0.014918
taai2017,347,0.014597,0.060160
taai2017,348,0.034607,0.054552
taai2017,349,0.007245,0.033504
taai2017,350,0.006859,0.015784
taai2017,351,0.015828,0.031668
taai2017,352,0.029224,0.012163
taai2017,353,0.013940,0.030132
taai2017,354,0.010453,0.009180
taai2017,355,0.006343,0.017376
taai2017,356,0.006140,0.018982
taai2017,357,0.003477,0.009928
taai2017,358,0.145914,0.182186
taai2017,359,0.003791,0.004755
taai2017,360,0.007211,0.040662
taai2017,361,0.015138,0.077159
taai2017,362,0.018516,0.021995
taai2017,363,0.010053,0.024270
taai2017,364,0.003543,0.010777
taai2017,365,0.129111,0.151002
taai2017,366,0.073535,0.021920
taai2017,367,0.012085,0.027165
taai2017,368,0.016690,0.019190
taai2017,369,0.031193,0.030822
taai2017,370,0.008487,0.018688
taai2017,371,0.011753,0.053346
taai2017,372,0.006393,0.016983
taai2017,373,0.008135,0.019089
taai2017,374,0.587666,0.504836
taai2017,375,0.007508,0.010229
taai2017,376,0.006590,0.183266
taai2017,377,0.005997,0.015015
taai2017,378,0.025348,0.077109
taai2017,379,0.023499,0.033719
taai2017,380,0.030507,0.034436
taai2017,381,0.020924,0.023527
taai2017,382,0.020319,0.152022
taai2017,383,0.004579,0.012605
taai2017,384,0.014695,0.054181
taai2017,385,0.132708,0.184996
taai2017,386,0.008303,0.007910
taai2017,387,0.006293,0.016775
taai2017,388,0.035454,0.074570
taai2017,389,0.023684,0.036879
taai2017,390,0.048739,0.246235
taai2017,391,0.004889,0.020847
taai2017,392,0.015705,0.022098
taai2017,393,0.006004,0.059161
taai2017,394,0.024334,0.021785
taai2017,395,0.007294,0.015747
taai2017,396,0.004436,0.012651
taai2017,397,0.010796,0.071797
taai2017,398,0.007740,0.019410
taai2017,399,0.013482,0.017932
taai2017,400,0.017060,0.037576
taai2017,401,0.010286,0.021253
taai2017,402,0.016639,0.018289
taai2017,403,0.021291,0.215550
taai2017,404,0.003883,0.007420
taai2017,405,0.047546,0.134906
taai2017,406,0.010416,0.063862
taai2017,407,0.060760,0.025292
taai2017,408,0.006154,0.008289
taai2017,409,0.005870,0.019592
taai2017,410,0.038332,0.111606
taai2017,411,0.007304,0.022478
taai2017,412,0.015490,0.030981
taai2017,413,0.079533,0.092408
taai2017,414,0.008251,0.049874
taai2017,415,0.006694,0.020050
taai2017,416,0.004447,0.014984
taai2017,417,0.005116,0.023731
taai2017,418,0.007966,0.024518
taai2017,419,0.011301,0.020807
taai2017,420,0.288753,0.671254
taai2017,421,0.004533,0.008082
taai2017,422,1.066500,0.530752
taai2017,423,0.006013,0.013008
taai2017,424,0.018759,0.029783
taai2017,425,0.014998,0.035786
taai2017,426,0.006635,0.026018
taai2017,427,1.927747,1.991153
taai2017,428,0.012459,0.138527
taai2017,429,0.018276,0.036071
taai2017,430,0.008560,0.029797
taai2017,431,0.022765,0.017778
taai2017,432,0.531554,0.854747
taai2017,433,0.474887,0.294059
taai2017,434,0.361797,0.394576
taai2017,435,0.009116,0.062342
taai2017,436,0.149818,0.149979
taai2017,437,0.435198,7.152312
taai2017,438,0.011276,0.066851
taai2017,439,0.007512,0.015817
taai2017,440,0.517506,0.320810
taai2017,441,0.063747,0.452281
taai2017,442,0.207733,2.049672
taai2017,443,0.004373,0.009925
taai2017,444,0.007212,0.018505
taai2017,445,0.055511,0.111611
taai2017,446,0.155325,0.472636
taai2017,447,1.124504,1.481510
taai2017,448,0.011254,0.031236
taai2017,449,0.005685,0.010121
taai2017,450,0.042287,0.025947
taai2017,451,0.239678,5.500001
taai2017,452,0.704230,3.583581
taai2017,453,0.010179,0.014114
taai2017,454,0.102489,0.144442
taai2017,455,0.090974,0.036616
taai2017,456,0.004792,0.009577
taai2017,457,0.009992,0.022325
taai2017,458,0.010839,0.022637
taai2017,459,0.057975,0.273022
taai2017,460,0.007870,0.068447
taai2017,461,0.011821,0.256254
taai2017,462,0.138589,0.434965
taai2017,463,0.020936,0.063108
taai2017,464,0.057996,0.641954
taai2017,465,0.064306,0.069295
taai2017,466,0.157975,0.100115
taai2017,467,0.087400,0.281522
taai2017,468,0.009966,0.055476
taai2017,469,0.751725,2.789852
taai2017,470,0.041036,0.684199
taai2017,471,0.008278,0.297940
taai2017,472,0.034085,0.183070
taai2017,473,0.077334,0.026549
taai2017,474,0.009491,0.032827
taai2017,475,0.068830,0.019529
taai2017,476,0.009725,0.020941
taai2017,477,0.018709,0.048990
taai2017,478,0.007076,0.044144
taai2017,479,0.012900,0.154016
taai2017,480,0.011748,0.108092
taai2017,481,0.014478,0.021642
taai2017,482,0.009024,0.027637
taai2017,483,0.103677,0.034372
taai2017,484,0.018583,0.104093
taai2017,485,0.093377,0.050887
taai2017,486,0.008306,0.023453
taai2017,487,0.058143,0.050063
taai2017,488,0.005025,0.009214
taai2017,489,0.435264,0.778287
taai2017,490,1.163443,0.884597
taai2017,491,1.615035,0.753213
taai2017,492,0.979217,9.342923
taai2017,493,0.006767,0.017732
taai2017,494,0.006406,0.015532
taai2017,495,0.015157,0.027202
taai2017,496,0.029459,0.068884
taai2017,497,0.028873,0.052079
taai2017,498,0.011095,0.120837
taai2017,499,0.008600,0.029477
taai2017,500,0.009595,0.165566
taai2017,501,0.563697,1.068326
taai2017,502,0.060100,0.018132
taai2017,503,0.409465,0.326576
taai2017,504,0.342554,0.359540
taai2017,505,0.013138,0.031359
taai2017,506,0.029431,0.047499
taai2017,507,0.013211,0.028072
taai2017,508,1.744385,5.002973
taai2017,509,0.034243,0.016865
taai2017,510,0.037949,0.132406
taai2017,511,0.045543,0.530993
taai2017,512,0.007561,0.056895
taai2017,513,0.040436,0.696604
taai2017,514,0.500190,0.274174
taai2017,515,1.102016,0.581546
taai2017,516,0.020363,0.036652
taai2017,517,0.086212,0.027069
taai2017,518,0.031525,0.110712
taai2017,519,0.049267,0.240063
taai2017,520,0.006386,0.036883
taai2017,521,0.031297,0.014933
taai2017,522,0.073821,0.027895
taai2017,523,0.082195,0.049737
taai2017,524,0.018822,0.081044
taai2017,525,0.079281,0.063303
taai2017,526,1.748981,3.952534
taai2017,527,0.008128,0.017457
taai2017,528,0.495218,1.472626
taai2017,529,0.085152,0.301660
taai2017,530,0.042507,0.044257
taai2017,531,0.008289,0.061286
taai2017,532,0.396795,1.467232
taai2017,533,1.008382,0.474682
taai2017,534,0.008094,0.021968
taai2017,535,0.005311,0.036968
taai2017,536,0.024245,0.025687
taai2017,537,0.109862,0.125087
taai2017,538,0.480290,0.956873
taai2017,539,0.009447,0.135545
taai2017,540,0.004723,0.019726
taai2017,541,0.008629,0.030218
taai2017,542,0.008752,0.020065
taai2017,543,2.062446,2.088097
taai2017,544,0.036339,0.058101
taai2017,545,0.026077,0.032093
taai2017,546,0.183726,9.543076
taai2017,547,0.006748,0.058259
taai2017,548,0.204027,1.562100
taai2017,549,0.011826,0.363626
taai2017,550,0.010922,0.025298
taai2017,551,0.011809,0.026297
taai2017,552,0.027671,0.795181
taai2017,553,0.016498,2.023333
taai2017,554,0.019324,0.080088
taai2017,555,0.005702,0.011822
taai2017,556,0.151094,0.637731
taai2017,557,1.839606,1.724658
taai2017,558,0.014893,0.095402
taai2017,559,0.007972,0.016482
taai2017,560,0.064881,0.043579
taai2017,561,0.072389,0.020955
taai2017,562,0.005404,0.041858
taai2017,563,1.709867,8.918858
taai2017,564,0.206741,27.047433
taai2017,565,0.011633,0.155820
taai2017,566,0.037496,0.032142
taai2017,567,0.008356,0.038554
taai2017,568,0.082483,0.199971
taai2017,569,1.807734,3.461685
taai2017,570,0.086566,0.139643
taai2017,571,0.066149,0.040584
taai2017,572,0.007924,0.018466
taai2017,573,1.372687,58.187775
taai2017,574,0.010114,0.117282
taai2017,575,0.020511,0.065394
taai2017,576,0.406238,0.513864
taai2017,577,0.107132,0.117448
taai2017,578,0.030786,0.019515
taai2017,579,0.006170,0.034086
taai2017,580,0.005383,0.025059
taai2017,581,0.011717,2.377481
taai2017,582,0.051550,0.027053
taai2017,583,0.012529,0.016804
taai2017,584,1.893310,2.557642
taai2017,585,0.012373,0.049807
taai2017,586,0.007282,0.030668
taai2017,587,0.019840,0.436321
taai2017,588,10.792385,216.613758
taai2017,589,0.039251,0.041118
taai2017,590,0.007052,0.018243
taai2017,591,0.087165,0.031013
taai2017,592,0.215686,0.697353
taai2017,593,0.016411,0.131827
taai2017,594,0.011568,0.063096
taai2017,595,0.008867,0.030287
taai2017,596,0.009526,0.021132
taai2017,597,0.011916,0.027377
taai2017,598,0.079440,0.049720
taai2017,599,0.472461,0.209163
taai2017,600,1.551824,0.844479
taai2017,601,0.017861,0.032788
taai2017,602,0.021775,0.103977
taai2017,603,0.016664,0.023186
taai2017,604,3.530852,6.644102
taai2017,605,0.029549,0.656228
taai2017,606,0.218362,5.444522
taai2017,607,0.336865,0.562606
taai2017,608,0.006868,0.048694
taai2017,609,0.752461,0.996946
taai2017,610,0.008445,0.220925
taai2017,611,0.013708,0.011211
taai2017,612,0.016824,0.281724
taai2017,613,1.298000,3.218209
taai2017,614,0.027236,0.022154
taai2017,615,0.010473,0.495283
taai2017,616,0.019216,0.240389
taai2017,617,0.216438,0.445722
taai2017,618,0.017159,0.072782
taai2017,619,0.016472,0.585589
taai2017,620,0.006854,0.029271
taai2017,621,0.100242,0.110061
taai2017,622,0.011312,0.026406
taai2017,623,0.020894,0.051931
taai2017,624,1.228965,1.008486
taai2017,625,0.029955,0.211357
taai2017,626,0.042213,0.077061
taai2017,627,0.138855,6.127491
taai2017,628,0.041730,3.115172
taai2017,629,0.182059,0.729856
taai2017,630,0.030943,0.019354
taai2017,631,0.061393,1.569713
taai2017,632,0.123107,0.169244
taai2017,633,0.137197,0.165372
taai2017,634,0.016755,0.020667
taai2017,635,0.033084,0.599203
taai2017,636,1.273460,0.593717
taai2017,637,0.060067,0.040864
taai2017,638,0.023427,0.018575
taai2017,639,0.122751,0.168505
taai2017,640,0.011947,0.336960
taai2017,641,0.015315,0.019254
taai2017,642,0.093406,0.067064
taai2017,643,0.051992,0.755612
taai2017,644,0.027267,0.067494
taai2017,645,0.073253,0.057996
taai2017,646,0.032044,0.386556
taai2017,647,0.033424,0.217334
taai2017,648,0.058745,0.372473
taai2017,649,0.037401,1.448265
taai2017,650,0.078793,0.064321
taai2017,651,0.073452,0.039575
taai2017,652,0.102659,0.043240
taai2017,653,0.106340,0.058006
taai2017,654,0.278524,0.674698
taai2017,655,1.526967,1.641247
taai2017,656,0.032843,0.063677
taai2017,657,0.069159,0.023422
taai2017,658,0.008014,0.099866
taai2017,659,0.022469,0.024535
taai2017,660,0.012660,0.031911
taai2017,661,0.007687,0.019137
taai2017,662,0.107693,0.145780
taai2017,663,0.012211,0.212918
taai2017,664,0.077014,1.629361
taai2017,665,0.008818,0.019145
taai2017,666,0.129751,0.146677
taai2017,667,0.014832,0.030539
taai2017,668,0.046257,0.072550
taai2017,669,0.042949,0.026601
taai2017,670,0.253891,0.169436
taai2017,671,0.146170,0.269970
taai2017,672,0.017328,0.028016
taai2017,673,0.013822,0.024558
taai2017,674,0.029461,1.855333
taai2017,675,0.056507,1.635164
taai2017,676,0.052711,0.034785
taai2017,677,0.008678,0.054750
taai2017,678,0.082171,0.076437
taai2017,679,0.008494,0.023307
taai2017,680,0.013069,0.117068
taai2017,681,0.010730,0.027985
taai2017,682,0.035403,0.031596
taai2017,683,0.055400,0.253166
taai2017,684,0.052662,0.080196
taai2017,685,0.275829,2.622370
taai2017,686,0.065920,0.054161
taai2017,687,0.132828,0.306852
taai2017,688,0.017620,0.037837
taai2017,689,0.428381,1.702790
taai2017,690,0.102610,0.029348
taai2017,691,0.529726,84.675285
taai2017,692,0.014757,0.029995
taai2017,693,0.010851,0.221632
taai2017,694,0.023358,0.023534
taai2017,695,0.033031,0.039253
taai2017,696,0.008569,0.043649
taai2017,697,1.947750,0.481815
taai2017,698,0.103796,0.147951
taai2017,699,0.020120,1.011528
taai2017,700,0.394919,1.725212
taai2017,701,0.110048,0.167980
taai2017,702,0.021897,0.026553
taai2017,703,0.031525,0.019868
taai2017,704,0.007549,0.020582
taai2017,705,0.335147,0.387448
taai2017,706,0.007428,0.023303
taai2017,707,0.230537,0.434997
taai2017,708,0.019188,0.075978
taai2017,709,0.374040,0.256856
taai2017,710,0.711067,14.870692
taai2017,711,0.006444,0.290932
taai2017,712,0.018433,0.023244
taai2017,713,0.007664,0.045715
taai2017,714,0.331670,0.418738
taai2017,715,1.766693,1.039839
taai2017,716,0.090484,0.040131
taai2017,717,0.007831,0.041434
taai2017,718,0.018831,0.024995
taai2017,719,0.162088,0.762296
taai2017,720,0.019912,3.583231
taai2017,721,0.073258,0.080142
taai2017,722,0.042166,0.048029
taai2017,723,0.051708,0.023497
taai2017,724,0.007382,0.022758
taai2017,725,0.010980,0.062555
taai2017,726,0.052439,0.068249
taai2017,727,0.007226,0.034386
taai2017,728,0.221916,0.350945
taai2017,729,0.066593,0.396573
taai2017,730,0.009797,0.048328
taai2017,731,0.037865,0.306140
taai2017,732,0.038385,0.022040
taai2017,733,0.651392,13.702025
taai2017,734,0.079737,0.111980
taai2017,735,0.024593,0.025762
taai2017,736,0.016058,0.051234
taai2017,737,0.013100,2.226140
taai2017,738,1.617744,95.593509
taai2017,739,0.007515,0.031818
taai2017,740,0.061711,0.208927
taai2017,741,0.008703,0.020478
taai2017,742,0.050915,0.030898
taai2017,743,0.193648,4.403086
taai2017,744,0.008690,0.319118
taai2017,745,0.999830,0.446831
taai2017,746,0.112730,0.017339
taai2017,747,0.018390,0.578464
taai2017,748,0.009284,0.022360
taai2017,749,0.019247,0.021955
taai2017,750,0.013533,0.067318
taai2017,751,0.018876,0.025935
taai2017,752,0.008209,0.034605
taai2017,753,0.057729,0.034842
taai2017,754,0.089940,0.049619
taai2017,755,0.059866,0.023841
taai2017,756,0.057606,0.315976
taai2017,757,0.249348,1.230393
taai2017,758,0.009158,0.026330
taai2017,759,0.356292,0.303519
taai2017,760,0.007076,0.066109
taai2017,761,0.061775,0.031581
taai2017,762,0.107358,0.024483
taai2017,763,0.007733,0.041405
taai2017,764,0.085636,0.028004
taai2017,765,0.007165,0.037792
taai2017,766,0.114836,1.959513
taai2017,767,0.100722,0.042270
taai2017,768,0.263904,0.436787
taai2017,769,0.030846,1.860378
taai2017,770,0.062001,0.017629
taai2017,771,0.007849,0.029116
taai2017,772,0.023801,0.043463
taai2017,773,0.023772,0.021689
taai2017,774,0.068989,0.025043
taai2017,775,0.104874,0.905061
taai2017,776,0.009211,0.035986
taai2017,777,0.019371,0.729193
taai2017,778,0.008877,0.027386
taai2017,779,0.007817,0.029141
taai2017,780,0.168593,0.406431
taai2017,781,1.298827,0.574303
taai2017,782,0.074701,0.068283
taai2017,783,0.008753,0.020937
taai2017,784,0.103385,0.377720
taai2017,785,0.024286,0.058055
taai2017,786,0.049416,0.035247
taai2017,787,0.143899,0.191479
taai2017,788,0.076855,0.050230
taai2017,789,0.010126,0.153841
taai2017,790,0.021305,0.051516
taai2017,791,0.009007,0.073132
taai2017,792,0.256085,0.254316
taai2017,793,0.010524,0.120271
taai2017,794,0.061478,0.083715
taai2017,795,0.013632,0.043778
taai2017,796,0.045999,0.032637
taai2017,797,0.154742,1.896127
taai2017,798,0.027993,0.083807
taai2017,799,0.015318,0.050036
taai2017,800,2.619670,0.903530
taai2017,801,0.028058,0.025103
taai2017,802,0.011446,0.028079
taai2017,803,0.038437,0.110351
taai2017,804,0.024261,0.050037
taai2017,805,0.005763,0.026498
taai2017,806,0.009623,0.583824
taai2017,807,0.011681,1.562673
taai2017,808,0.010083,0.177514
taai2017,809,0.246137,0.253933
taai2017,810,0.084277,0.039104
taai2017,811,0.128923,0.172583
taai2017,812,0.009220,0.018744
taai2017,813,0.008982,0.051020
taai2017,814,0.009208,0.023364
taai2017,815,0.041302,0.134156
taai2017,816,0.014894,0.022278
taai2017,817,0.274584,0.969236
taai2017,818,0.007958,0.019593
taai2017,819,0.049397,0.023779
taai2017,820,0.008953,0.044262
taai2017,821,0.008203,0.115391
taai2017,822,0.009027,0.124613
taai2017,823,0.052620,0.181568
taai2017,824,0.007036,0.025037
taai2017,825,0.012729,0.080026
taai2017,826,0.008630,0.874143
taai2017,827,0.006968,0.023450
taai2017,828,0.007293,0.066786
taai2017,829,0.010914,0.035589
taai2017,830,0.007381,0.049404
taai2017,831,0.078600,0.072768
taai2017,832,0.024056,0.341188
taai2017,833,0.005747,0.022062
taai2017,834,0.061779,0.220113
taai2017,835,0.094857,0.018536
taai2017,836,0.011868,0.032275
taai2017,837,0.065936,0.215448
taai2017,838,0.015083,0.023074
taai2017,839,0.089571,0.047011
taai2017,840,0.782877,0.747892
taai2017,841,0.009371,0.032199
taai2017,842,0.123780,0.068123
taai2017,843,0.087780,0.043757
taai2017,844,0.011070,0.020135
taai2017,845,0.691734,198.016298
taai2017,846,0.006736,0.020189
taai2017,847,0.968179,0.227588
taai2017,848,0.009311,0.064794
taai2017,849,1.049789,10.902808
taai2017,850,0.010724,0.026645
taai2017,851,0.077318,0.030251
taai2017,852,0.036215,0.050886
taai2017,853,0.187660,1.927357
taai2017,854,0.009060,0.084534
taai2017,855,0.031068,0.025326
taai2017,856,0.104603,0.079287
taai2017,857,0.013216,0.035629
taai2017,858,0.005098,0.022582
taai2017,859,0.009720,0.129763
taai2017,860,0.010329,0.030137
taai2017,861,0.061749,0.020737
taai2017,862,0.008875,0.029339
taai2017,863,0.023289,0.019998
taai2017,864,0.454576,2383.794901
taai2017,865,0.006745,0.025068
taai2017,866,0.065571,0.048472
taai2017,867,0.026373,0.030493
taai2017,868,0.006219,0.020864
taai2017,869,0.007424,0.099206
taai2017,870,0.005045,0.017035
taai2017,871,0.034872,0.177927
taai2017,872,0.005982,0.022852
taai2017,873,0.029471,0.021792
taai2017,874,0.008640,0.082108
taai2017,875,0.124181,0.841915
taai2017,876,0.006059,0.018709
taai2017,877,0.009548,0.033633
taai2017,878,0.051854,0.158564
taai2017,879,0.009060,0.021125
taai2017,880,0.012477,0.096513
taai2017,881,0.014547,0.168220
taai2017,882,0.011954,0.280917
taai2017,883,0.010135,0.026324
taai2017,884,0.006532,0.417464
taai2017,885,0.010521,0.022165
taai2017,886,0.007752,0.024739
taai2017,887,0.066709,0.030465
taai2017,888,0.010210,1.096190
taai2017,889,0.007531,0.016434
taai2017,890,0.007546,0.019160
taai2017,891,0.013770,0.114174
taai2017,892,0.006396,0.021076
taai2017,893,0.012197,0.023092
taai2017,894,0.131117,0.871618
taai2017,895,0.070975,0.025293
taai2017,896,0.006641,0.695943
taai2017,897,0.007385,0.022547
taai2017,898,0.065429,0.033056
taai2017,899,0.008221,0.023406
taai2017,900,0.016176,0.060237
taai2017,901,0.005905,0.029245
taai2017,902,0.008993,0.025157
taai2017,903,0.012828,0.024287
taai2017,904,0.007883,0.031590
taai2017,905,0.010326,0.039467
taai2017,906,0.012319,0.055944
taai2017,907,0.007033,0.021526
taai2017,908,0.097913,0.049333
taai2017,909,0.008917,0.022305
taai2017,910,0.124304,0.030641
taai2017,911,0.028736,0.178021
taai2017,912,0.037551,0.020169
taai2017,913,0.008558,0.021543
taai2017,914,0.015112,1.350504
taai2017,915,0.030890,0.015696
taai2017,916,0.023613,0.031222
taai2017,917,0.016539,0.021803
taai2017,918,0.007244,0.024546
taai2017,919,0.015512,0.049531
taai2017,920,0.008170,0.028454
taai2017,921,0.010845,0.022846
taai2017,922,0.132054,0.068270
taai2017,923,0.009173,0.025844
taai2017,924,0.013343,0.030952
taai2017,925,0.032532,0.041110
taai2017,926,0.009562,0.035533
taai2017,927,0.013571,0.026690
taai2017,928,0.010098,0.030217
taai2017,929,0.007940,0.039422
taai2017,930,0.006141,0.023248
taai2017,931,0.006729,0.022746
taai2017,932,0.013362,0.073666
taai2017,933,0.040105,0.021674
taai2017,934,0.014600,0.149376
taai2017,935,0.007627,0.023050
taai2017,936,0.054939,0.115813
taai2017,937,0.008292,0.153661
taai2017,938,0.020955,0.021148
taai2017,939,0.179247,0.213227
taai2017,940,0.037622,0.022026
taai2017,941,0.005993,0.029621
taai2017,942,0.005432,0.016036
taai2017,943,0.010596,0.020601
taai2017,944,0.015066,0.024530
taai2017,945,0.007600,0.025478
taai2017,946,0.008167,2.172299
taai2017,947,0.297638,0.506905
taai2017,948,0.006793,0.088666
taai2017,949,0.074695,0.201834
taai2017,950,0.008431,0.620032
taai2017,951,0.018099,0.025090
taai2017,952,0.237375,0.143346
taai2017,953,0.007268,0.043173
taai2017,954,0.049447,0.037895
taai2017,955,0.051321,0.028033
taai2017,956,0.011213,0.035477
taai2017,957,0.009560,0.019530
taai2017,958,0.006715,0.025313
taai2017,959,0.006733,0.042146
taai2017,960,0.031161,0.042127
taai2017,961,0.007482,0.544218
taai2017,962,0.007832,0.023498
taai2017,963,0.009588,0.025843
taai2017,964,0.010421,0.032197
taai2017,965,0.172817,1.387650
taai2017,966,0.175375,0.180028
taai2017,967,0.009013,0.077194
taai2017,968,0.008195,0.039692
taai2017,969,0.006976,0.025746
taai2017,970,0.008711,0.020185
taai2017,971,0.008981,0.019326
taai2017,972,0.008529,0.025872
taai2017,973,0.009026,0.087426
taai2017,974,0.014806,0.020017
taai2017,975,0.006908,0.026626
taai2017,976,0.006709,0.017717
taai2017,977,0.007078,0.022463
taai2017,978,0.020302,0.037831
taai2017,979,0.008463,0.080050
taai2017,980,0.031722,1.009202
taai2017,981,0.046593,0.024403
taai2017,982,0.006942,0.022508
taai2017,983,0.008198,0.164289
taai2017,984,0.012211,0.245741
taai2017,985,0.023042,0.262302
taai2017,986,0.007387,0.031710
taai2017,987,0.009720,0.056257
taai2017,988,0.007705,0.027869
taai2017,989,0.010440,0.032412
taai2017,990,0.007325,0.126228
taai2017,991,0.032567,0.053252
taai2017,992,0.011589,0.020127
taai2017,993,0.012706,0.024025
taai2017,994,0.008420,0.087739
taai2017,995,0.006752,4.148305
taai2017,996,0.052003,0.027494
taai2017,997,0.007946,0.050135
taai2017,998,0.079270,0.108391
taai2017,999,0.008789,0.027406
taai2017,1000,0.016028,0.029771
taai2018,1,0.005699,0.001835
taai2018,2,0.003836,0.000980
taai2018,3,0.001587,0.000992
taai2018,4,0.001808,0.001696
taai2018,5,0.001622,0.002002
taai2018,6,0.001577,0.000922
taai2018,7,0.001418,0.000936
taai2018,8,0.002219,0.002308
taai2018,9,0.001587,0.001934
taai2018,10,0.001477,0.001232
taai2018,11,0.001599,0.000990
taai2018,12,0.001493,0.005612
taai2018,13,0.001576,0.000942
taai2018,14,0.001397,0.001233
taai2018,15,0.001400,0.000896
taai2018,16,0.002238,0.001549
taai2018,17,0.001952,0.001667
taai2018,18,0.001325,0.001006
taai2018,19,0.001576,0.001430
taai2018,20,0.001787,0.001774
taai2018,21,0.001415,0.000742
taai2018,22,0.001574,0.001130
taai2018,23,0.002006,0.002907
taai2018,24,0.001440,0.002174
taai2018,25,0.001589,0.002015
taai2018,26,0.001606,0.002411
taai2018,27,0.001666,0.002120
taai2018,28,0.002244,0.001561
taai2018,29,0.001722,0.001212
taai2018,30,0.002453,0.003309
taai2018,31,0.001302,0.000667
taai2018,32,0.001501,0.002126
taai2018,33,0.001474,0.001659
taai2018,34,0.002055,0.003314
taai2018,35,0.001608,0.002051
taai2018,36,0.001738,0.002184
taai2018,37,0.001461,0.001819
taai2018,38,0.001714,0.002649
taai2018,39,0.001451,0.003707
taai2018,40,0.001607,0.000862
taai2018,41,0.001767,0.001234
taai2018,42,0.002303,0.004149
taai2018,43,0.001965,0.001502
taai2018,44,0.001428,0.000790
taai2018,45,0.001961,0.002906
taai2018,46,0.001584,0.001453
taai2018,47,0.001346,0.001400
taai2018,48,0.001327,0.000786
taai2018,49,0.001437,0.002786
taai2018,50,0.001933,0.002477
taai2018,51,0.001993,0.003581
taai2018,52,0.001588,0.001315
taai2018,53,0.003778,0.006533
taai2018,54,0.001774,0.001443
taai2018,55,0.001612,0.000729
taai2018,56,0.001551,0.002924
taai2018,57,0.001365,0.000576
taai2018,58,0.001758,0.001522
taai2018,59,0.001901,0.001616
taai2018,60,0.001626,0.001074
taai2018,61,0.001390,0.000809
taai2018,62,0.001724,0.000684
taai2018,63,0.001860,0.002434
taai2018,64,0.002021,0.003153
taai2018,65,0.001925,0.001499
taai2018,66,0.001881,0.001477
taai2018,67,0.001603,0.000549
taai2018,68,0.002040,0.001489
taai2018,69,0.001830,0.002126
taai2018,70,0.001669,0.001561
taai2018,71,0.001539,0.001559
taai2018,72,0.001848,0.001847
taai2018,73,0.001450,0.001574
taai2018,74,0.001496,0.001474
taai2018,75,0.001898,0.002902
taai2018,76,0.002169,0.002315
taai2018,77,0.001811,0.001648
taai2018,78,0.001548,0.001243
taai2018,79,0.001358,0.001477
taai2018,80,0.001720,0.003110
taai2018,81,0.001962,0.001775
taai2018,82,0.001917,0.001482
taai2018,83,0.002166,0.003157
taai2018,84,0.002502,0.004488
taai2018,85,0.002762,0.005930
taai2018,86,0.002817,0.005884
taai2018,87,0.001435,0.000752
taai2018,88,0.001500,0.000854
taai2018,89,0.001985,0.003015
taai2018,90,0.001341,0.000448
taai2018,91,0.002195,0.005174
taai2018,92,0.002621,0.003749
taai2018,93,0.001521,0.001090
taai2018,94,0.001387,0.001824
taai2018,95,0.002759,0.002942
taai2018,96,0.001496,0.000603
taai2018,97,0.001646,0.003623
taai2018,98,0.002379,0.002481
taai2018,99,0.001789,0.001408
taai2018,100,0.002751,0.004670
taai2018,101,0.001691,0.001366
taai2018,102,0.001459,0.000764
taai2018,103,0.002184,0.003810
taai2018,104,0.002307,0.003129
taai2018,105,0.001445,0.001235
taai2018,106,0.002198,0.003585
taai2018,107,0.001511,0.002122
taai2018,108,0.002644,0.005271
taai2018,109,0.001538,0.002491
taai2018,110,0.002552,0.003581
taai2018,111,0.002010,0.003926
taai2018,112,0.003681,0.007120
taai2018,113,0.001766,0.002206
taai2018,114,0.002440,0.003854
taai2018,115,0.002048,0.002068
taai2018,116,0.002620,0.005558
taai2018,117,0.002241,0.002818
taai2018,118,0.001502,0.002680
taai2018,119,0.002437,0.003181
taai2018,120,0.002428,0.005501
taai2018,121,0.001753,0.001248
taai2018,122,0.002822,0.006026
taai2018,123,0.001767,0.001874
taai2018,124,0.002437,0.004314
taai2018,125,0.001957,0.001850
taai2018,126,0.002208,0.003417
taai2018,127,0.001353,0.000521
taai2018,128,0.002105,0.005515
taai2018,129,0.002012,0.001703
taai2018,130,0.001916,0.002277
taai2018,131,0.002364,0.004549
taai2018,132,0.001960,0.003772
taai2018,133,0.001620,0.003013
taai2018,134,0.002376,0.003138
taai2018,135,0.002005,0.003663
taai2018,136,0.003939,0.007579
taai2018,137,0.002935,0.003823
taai2018,138,0.001341,0.001675
taai2018,139,0.002064,0.002092
taai2018,140,0.002765,0.006881
taai2018,141,0.002125,0.005083
taai2018,142,0.001514,0.002753
taai2018,143,0.001657,0.002693
taai2018,144,0.001663,0.003412
taai2018,145,0.001899,0.002795
taai2018,146,0.001969,0.001902
taai2018,147,0.002156,0.002349
taai2018,148,0.001789,0.004546
taai2018,149,0.003101,0.006635
taai2018,150,0.001475,0.002211
taai2018,151,0.002471,0.003502
taai2018,152,0.002217,0.004013
taai2018,153,0.002007,0.003712
taai2018,154,0.002718,0.006349
taai2018,155,0.002453,0.005375
taai2018,156,0.007226,0.011431
taai2018,157,0.005297,0.015207
taai2018,158,0.002463,0.002223
taai2018,159,0.001722,0.002453
taai2018,160,0.002010,0.003746
taai2018,161,0.002185,0.004774
taai2018,162,0.004241,0.010277
taai2018,163,0.002270,0.004477
taai2018,164,0.002061,0.002572
taai2018,165,0.002893,0.008065
taai2018,166,0.002240,0.002536
taai2018,167,0.002341,0.003762
taai2018,168,0.002474,0.005080
taai2018,169,0.002414,0.003684
taai2018,170,0.003308,0.009603
taai2018,171,0.003201,0.004699
taai2018,172,0.004879,0.015200
taai2018,173,0.003160,0.007456
taai2018,174,0.002009,0.002957
taai2018,175,0.001737,0.002451
taai2018,176,0.002535,0.004609
taai2018,177,0.001892,0.002135
taai2018,178,0.003081,0.008589
taai2018,179,0.002739,0.005647
taai2018,180,0.004200,0.009677
taai2018,181,0.003038,0.005865
taai2018,182,0.002135,0.003075
taai2018,183,0.003077,0.006629
taai2018,184,0.001862,0.001764
taai2018,185,0.001785,0.003242
taai2018,186,0.004224,0.008498
taai2018,187,0.001410,0.000754
taai2018,188,0.003067,0.007283
taai2018,189,0.001857,0.004138
taai2018,190,0.001488,0.000903
taai2018,191,0.002170,0.002621
taai2018,192,0.003470,0.007536
taai2018,193,0.003039,0.005103
taai2018,194,0.002337,0.002839
taai2018,195,0.001852,0.001409
taai2018,196,0.005555,0.011159
taai2018,197,0.002483,0.003463
taai2018,198,0.001831,0.001982
taai2018,199,0.001786,0.002409
taai2018,200,0.004690,0.008900
taai2018,201,0.003066,0.004760
taai2018,202,0.002420,0.005173
taai2018,203,0.002284,0.003950
taai2018,204,0.002270,0.004904
taai2018,205,0.002896,0.006226
taai2018,206,0.001869,0.002833
taai2018,207,0.003614,0.017461
taai2018,208,0.002374,0.003538
taai2018,209,0.002370,0.004553
taai2018,210,0.002584,0.003902
taai2018,211,0.002964,0.005778
taai2018,212,0.003510,0.010827
taai2018,213,0.001604,0.001659
taai2018,214,0.003765,0.010120
taai2018,215,0.001941,0.003445
taai2018,216,0.006621,0.010111
taai2018,217,0.002577,0.004917
taai2018,218,0.006846,0.023053
taai2018,219,0.002494,0.003675
taai2018,220,0.002964,0.005225
taai2018,221,0.002897,0.005383
taai2018,222,0.004652,0.013239
taai2018,223,0.003325,0.008270
taai2018,224,0.002000,0.002661
taai2018,225,0.003704,0.008662
taai2018,226,0.002581,0.003382
taai2018,227,0.002442,0.004777
taai2018,228,0.002064,0.005197
taai2018,229,0.002715,0.004891
taai2018,230,0.005097,0.010144
taai2018,231,0.001764,0.004647
taai2018,232,0.005516,0.012288
taai2018,233,0.003521,0.008190
taai2018,234,0.004228,0.010494
taai2018,235,0.003083,0.007074
taai2018,236,0.003464,0.007498
taai2018,237,0.003527,0.009324
taai2018,238,0.001994,0.003642
taai2018,239,0.002834,0.006062
taai2018,240,0.003398,0.006495
taai2018,241,0.002806,0.007301
taai2018,242,0.003228,0.006781
taai2018,243,0.003154,0.005512
taai2018,244,0.004155,0.009808
taai2018,245,0.003853,0.007814
taai2018,246,0.004515,0.013806
taai2018,247,0.002302,0.003813
taai2018,248,0.005894,0.015117
taai2018,249,0.002619,0.005891
taai2018,250,0.002186,0.002471
taai2018,251,0.007579,0.029498
taai2018,252,0.002941,0.005124
taai2018,253,0.012756,0.022796
taai2018,254,0.004485,0.013019
taai2018,255,0.006157,0.019012
taai2018,256,0.005054,0.013981
taai2018,257,0.004380,0.007404
taai2018,258,0.013563,0.042331
taai2018,259,0.003205,0.007230
taai2018,260,0.018758,0.023060
taai2018,261,0.002635,0.004018
taai2018,262,0.002606,0.003347
taai2018,263,0.005506,0.009191
taai2018,264,0.002902,0.004132
taai2018,265,0.005237,0.012443
taai2018,266,0.004371,0.009953
taai2018,267,0.003798,0.008686
taai2018,268,0.004355,0.007325
taai2018,269,0.003465,0.008600
taai2018,270,0.002177,0.002464
taai2018,271,0.028175,0.012372
taai2018,272,0.005598,0.014034
taai2018,273,0.007473,0.018555
taai2018,274,0.005637,0.009900
taai2018,275,0.004696,0.016268
taai2018,276,0.009677,0.022653
taai2018,277,0.004159,0.010835
taai2018,278,0.146963,0.077055
taai2018,279,0.006288,0.015775
taai2018,280,0.002629,0.004350
taai2018,281,0.021291,0.020954
taai2018,282,0.007844,0.044320
taai2018,283,0.007088,0.034654
taai2018,284,0.003559,0.008916
taai2018,285,1.124913,0.889130
taai2018,286,0.003774,0.005346
taai2018,287,0.002317,0.005030
taai2018,288,0.002641,0.004081
taai2018,289,0.006192,0.029920
taai2018,290,0.003975,0.007477
taai2018,291,0.004795,0.014337
taai2018,292,0.006480,0.014695
taai2018,293,0.003558,0.005952
taai2018,294,0.008195,0.020669
taai2018,295,0.043571,0.060681
taai2018,296,0.009397,0.014409
taai2018,297,0.010434,0.014886
taai2018,298,0.002810,0.005792
taai2018,299,0.011485,0.015693
taai2018,300,0.005647,0.017918
taai2018,301,0.010948,0.026247
taai2018,302,0.003932,0.055989
taai2018,303,0.007684,0.017866
taai2018,304,0.003980,0.011886
taai2018,305,0.003261,0.013883
taai2018,306,0.011220,0.016430
taai2018,307,0.013845,0.024782
taai2018,308,0.004580,0.012087
taai2018,309,0.009891,0.014770
taai2018,310,0.009637,0.102547
taai2018,311,0.009074,0.031734
taai2018,312,0.008126,0.015189
taai2018,313,0.003712,0.007448
taai2018,314,0.002880,0.005347
taai2018,315,0.002519,0.004370
taai2018,316,0.003177,0.007690
taai2018,317,0.003117,0.008219
taai2018,318,0.009121,0.025403
taai2018,319,0.010768,0.034565
taai2018,320,0.003315,0.006979
taai2018,321,0.010665,0.016702
taai2018,322,0.005611,0.013554
taai2018,323,0.005684,0.018055
taai2018,324,0.002565,0.005854
taai2018,325,0.007619,0.026492
taai2018,326,0.004283,0.009048
taai2018,327,0.481894,1.388787
taai2018,328,0.007079,0.014384
taai2018,329,0.009051,0.019525
taai2018,330,0.004002,0.009098
taai2018,331,0.003771,0.006661
taai2018,332,0.005041,0.015617
taai2018,333,0.004443,0.012450
taai2018,334,0.003545,0.004722
taai2018,335,0.002944,0.007048
taai2018,336,0.009178,0.028604
taai2018,337,0.038087,0.256743
taai2018,338,0.017649,0.092592
taai2018,339,0.020181,0.096711
taai2018,340,0.003755,0.006112
taai2018,341,0.004423,0.009729
taai2018,342,0.003938,0.006131
taai2018,343,0.486881,0.362352
taai2018,344,2.404327,2.344628
taai2018,345,0.005806,0.010265
taai2018,346,0.007441,0.073627
taai2018,347,0.003460,0.010052
taai2018,348,0.009738,0.025669
taai2018,349,0.026766,0.076570
taai2018,350,0.020084,0.078084
taai2018,351,0.003668,0.006873
taai2018,352,0.004984,0.051706
taai2018,353,0.012196,0.056572
taai2018,354,0.006843,0.018495
taai2018,355,0.007567,0.011935
taai2018,356,0.022026,0.024810
taai2018,357,0.004167,0.012763
taai2018,358,0.006152,0.022863
taai2018,359,0.006191,0.016786
taai2018,360,0.008715,0.027996
taai2018,361,0.009488,0.086785
taai2018,362,0.004262,0.011518
taai2018,363,0.004505,0.011989
taai2018,364,0.003936,0.010354
taai2018,365,0.005840,0.019052
taai2018,366,0.002668,0.004862
taai2018,367,0.023494,0.045748
taai2018,368,0.004105,0.015501
taai2018,369,0.007652,0.083809
taai2018,370,0.005303,0.009523
taai2018,371,0.006699,0.090495
taai2018,372,0.008933,0.040735
taai2018,373,0.009256,0.027429
taai2018,374,0.015069,0.025982
taai2018,375,0.005275,0.019286
taai2018,376,0.021398,0.029509
taai2018,377,0.010183,0.018135
taai2018,378,0.036421,0.050907
taai2018,379,0.005194,0.017504
taai2018,380,0.017436,0.025020
taai2018,381,0.014379,0.030547
taai2018,382,0.010515,0.032284
taai2018,383,0.004707,0.011519
taai2018,384,0.011929,0.025133
taai2018,385,0.007811,0.055624
taai2018,386,0.005297,0.015447
taai2018,387,0.006857,0.012686
taai2018,388,0.030228,0.097197
taai2018,389,0.003298,0.008243
taai2018,390,0.023697,0.305925
taai2018,391,0.006020,0.018169
taai2018,392,0.009713,0.025341
taai2018,393,0.006902,0.014369
taai2018,394,0.015412,0.046804
taai2018,395,0.007456,0.017066
taai2018,396,0.014321,0.018555
taai2018,397,0.006002,0.015465
taai2018,398,0.008160,0.033390
taai2018,399,0.041087,0.097311
taai2018,400,0.005623,0.041764
taai2018,401,0.009180,0.168081
taai2018,402,0.005491,0.014554
taai2018,403,0.010439,0.037302
taai2018,404,0.093723,0.132958
taai2018,405,0.019475,0.040321
taai2018,406,0.016676,0.082803
taai2018,407,0.004835,0.011217
taai2018,408,0.017675,0.022306
taai2018,409,0.025468,0.140779
taai2018,410,0.017262,0.017497
taai2018,411,0.014328,0.030701
taai2018,412,0.005384,0.014700
taai2018,413,0.067380,0.037543
taai2018,414,0.007898,0.019921
taai2018,415,0.032901,0.303715
taai2018,416,0.136783,0.126499
taai2018,417,0.014505,0.051007
taai2018,418,0.024556,0.030831
taai2018,419,0.006284,0.100250
taai2018,420,0.005429,0.011061
taai2018,421,0.058081,0.018708
taai2018,422,0.007460,0.017435
taai2018,423,0.010161,0.014053
taai2018,424,0.077864,0.025737
taai2018,425,0.011038,0.035897
taai2018,426,0.002781,0.008652
taai2018,427,0.005758,0.028708
taai2018,428,0.008709,0.034831
taai2018,429,0.005130,0.021721
taai2018,430,0.048540,0.064088
taai2018,431,0.012959,0.624583
taai2018,432,0.006531,0.020967
taai2018,433,0.004178,0.007962
taai2018,434,0.014539,0.026425
taai2018,435,0.012404,0.029354
taai2018,436,0.004780,0.010534
taai2018,437,0.004628,0.014159
taai2018,438,0.015039,0.114255
taai2018,439,0.013518,0.041709
taai2018,440,0.024393,0.084240
taai2018,441,0.066756,0.162777
taai2018,442,0.023319,0.068599
taai2018,443,0.013423,0.097457
taai2018,444,0.021954,0.081673
taai2018,445,0.026882,0.041353
taai2018,446,0.011374,0.024005
taai2018,447,0.582002,0.314124
taai2018,448,0.432125,1.639519
taai2018,449,0.009961,0.031576
taai2018,450,1.237177,0.486994
taai2018,451,0.014549,0.136414
taai2018,452,0.015720,0.080667
taai2018,453,0.005539,0.009795
taai2018,454,0.013226,0.255136
taai2018,455,0.025867,0.078374
taai2018,456,0.288339,0.264898
taai2018,457,0.030161,0.021622
taai2018,458,0.009600,0.044935
taai2018,459,0.012251,0.019429
taai2018,460,0.428644,4.639018
taai2018,461,0.025075,0.038150
taai2018,462,0.084754,0.736998
taai2018,463,0.061554,0.065414
taai2018,464,0.014971,0.070245
taai2018,465,1.016258,15.680071
taai2018,466,0.018251,0.047297
taai2018,467,0.572613,0.566484
taai2018,468,0.092818,0.058770
taai2018,469,0.027916,0.120581
taai2018,470,0.006587,0.014881
taai2018,471,0.992281,1.312295
taai2018,472,0.005082,0.011616
taai2018,473,0.385824,1.581053
taai2018,474,0.012761,0.139833
taai2018,475,0.013561,0.026192
taai2018,476,0.049507,0.045817
taai2018,477,0.213444,3.362667
taai2018,478,1.052312,0.686026
taai2018,479,0.022156,0.048331
taai2018,480,0.015365,0.031741
taai2018,481,0.017533,0.147031
taai2018,482,0.052497,0.310503
taai2018,483,0.017133,0.109163
taai2018,484,0.439955,0.551489
taai2018,485,0.046667,0.126438
taai2018,486,0.015084,0.030343
taai2018,487,0.021226,1.565998
taai2018,488,0.010219,0.027168
taai2018,489,0.032755,0.420958
taai2018,490,0.043630,0.031940
taai2018,491,0.044746,0.024081
taai2018,492,0.010522,0.041860
taai2018,493,0.008199,0.016868
taai2018,494,1.205430,2.559424
taai2018,495,0.018322,0.097676
taai2018,496,0.061821,0.127507
taai2018,497,0.003551,0.035562
taai2018,498,0.009960,0.020713
taai2018,499,0.078357,0.027569
taai2018,500,0.186412,0.528765
taai2018,501,0.023381,0.051619
taai2018,502,0.014338,0.033173
taai2018,503,0.121357,0.094025
taai2018,504,0.018479,0.084219
taai2018,505,0.456829,0.834952
taai2018,506,0.007386,0.015880
taai2018,507,1.032254,1.329701
taai2018,508,0.018863,0.053390
taai2018,509,0.852771,1.465525
taai2018,510,0.545796,0.286759
taai2018,511,0.025311,0.027955
taai2018,512,0.075593,0.134562
taai2018,513,0.100077,0.092341
taai2018,514,0.043531,0.133258
taai2018,515,0.068885,0.423042
taai2018,516,0.011404,0.793966
taai2018,517,0.014752,0.012501
taai2018,518,0.116781,0.100275
taai2018,519,0.010254,0.030592
taai2018,520,0.055544,0.223722
taai2018,521,0.017087,0.133647
taai2018,522,0.082337,0.249945
taai2018,523,0.136112,0.113974
taai2018,524,0.014530,0.058875
taai2018,525,0.016016,0.197251
taai2018,526,0.015893,0.024982
taai2018,527,0.073324,0.241209
taai2018,528,0.013126,0.016268
taai2018,529,0.009335,0.028907
taai2018,530,2.471365,53.798031
taai2018,531,0.109283,0.085944
taai2018,532,0.033376,0.196934
taai2018,533,0.013979,0.257480
taai2018,534,0.249800,0.563047
taai2018,535,0.039274,0.044707
taai2018,536,0.104399,0.052547
taai2018,537,1.555654,2.244215
taai2018,538,0.557553,0.814422
taai2018,539,0.007806,0.017111
taai2018,540,0.021024,0.030913
taai2018,541,0.012104,0.083337
taai2018,542,0.049587,0.234244
taai2018,543,0.008766,0.041589
taai2018,544,0.051628,2.580918
taai2018,545,0.037091,0.097556
taai2018,546,0.008630,0.062909
taai2018,547,0.019670,0.035982
taai2018,548,0.021807,0.290943
taai2018,549,0.004456,0.016603
taai2018,550,0.013235,0.029660
taai2018,551,0.009376,0.038068
taai2018,552,0.027624,0.073190
taai2018,553,0.008077,0.031470
taai2018,554,0.004971,0.010851
taai2018,555,1.788168,3.364648
taai2018,556,0.087534,0.173963
taai2018,557,0.178514,2.107496
taai2018,558,0.379926,0.583007
taai2018,559,0.501903,2.163470
taai2018,560,0.080049,0.019396
taai2018,561,1.802965,3.746049
taai2018,562,3.568083,3.416420
taai2018,563,0.053032,1.009044
taai2018,564,2.552459,49.009842
taai2018,565,0.086452,0.074498
taai2018,566,0.007318,0.148110
taai2018,567,0.442144,1.713601
taai2018,568,0.015427,0.747249
taai2018,569,3.021717,0.730791
taai2018,570,0.013082,0.363114
taai2018,571,0.052951,0.107315
taai2018,572,0.017242,0.046540
taai2018,573,0.028994,0.062102
taai2018,574,0.057189,6.110912
taai2018,575,0.016481,0.019474
taai2018,576,0.031418,0.112967
taai2018,577,0.005945,7.393530
taai2018,578,0.018263,0.023809
taai2018,579,0.064909,1.797757
taai2018,580,0.017771,0.023372
taai2018,581,0.090123,0.048470
taai2018,582,0.015748,0.080602
taai2018,583,0.006701,0.019262
taai2018,584,0.009476,0.023352
taai2018,585,0.045498,0.181007
taai2018,586,0.067557,0.345743
taai2018,587,0.154977,0.273424
taai2018,588,0.077005,0.027974
taai2018,589,1.932177,4.941509
taai2018,590,0.009212,0.016201
taai2018,591,0.020892,0.139458
taai2018,592,0.120238,0.115181
taai2018,593,0.157329,0.139941
taai2018,594,0.029846,0.193449
taai2018,595,0.349452,0.408946
taai2018,596,0.057679,0.023310
taai2018,597,0.010870,0.023381
taai2018,598,0.154884,45.309514
taai2018,599,0.004538,0.265839
taai2018,600,0.099097,0.024718
taai2018,601,0.009261,0.092771
taai2018,602,0.006297,0.031381
taai2018,603,0.013734,0.028512
taai2018,604,0.659685,1.573813
taai2018,605,0.497493,0.219334
taai2018,606,0.020193,0.037417
taai2018,607,0.032421,0.181301
taai2018,608,0.019990,0.045036
taai2018,609,0.008360,0.043417
taai2018,610,0.008762,0.072506
taai2018,611,0.006890,0.033979
taai2018,612,0.021113,1.313866
taai2018,613,0.009167,0.040443
taai2018,614,0.192582,6.183031
taai2018,615,0.062091,0.893795
taai2018,616,0.010191,0.030297
taai2018,617,0.031470,0.377653
taai2018,618,0.090306,0.035463
taai2018,619,0.011754,0.068281
taai2018,620,2.721304,2.604940
taai2018,621,0.051882,0.042157
taai2018,622,0.035336,0.043408
taai2018,623,0.079175,0.020015
taai2018,624,0.007864,0.025104
taai2018,625,0.009567,0.197289
taai2018,626,0.014007,0.038196
taai2018,627,0.011005,0.027767
taai2018,628,0.084422,0.073604
taai2018,629,1.762609,0.658088
taai2018,630,0.016685,0.027507
taai2018,631,0.084702,0.046774
taai2018,632,0.040253,0.353492
taai2018,633,0.009953,0.086288
taai2018,634,0.065560,0.044157
taai2018,635,0.009529,0.141507
taai2018,636,0.774612,0.433869
taai2018,637,0.010193,0.077777
taai2018,638,0.044555,1.326768
taai2018,639,0.011318,0.025142
taai2018,640,0.007677,0.020196
taai2018,641,0.005800,0.017256
taai2018,642,0.070853,0.026104
taai2018,643,0.010846,0.115956
taai2018,644,0.275132,0.498991
taai2018,645,0.033224,0.227425
taai2018,646,0.007479,0.019557
taai2018,647,0.009979,0.058565
taai2018,648,0.315182,0.412997
taai2018,649,0.006555,0.024549
taai2018,650,0.005389,0.018384
taai2018,651,0.012021,0.789657
taai2018,652,0.204922,0.999057
taai2018,653,0.018863,0.116346
taai2018,654,0.110276,0.176291
taai2018,655,0.116205,6.663836
taai2018,656,0.010618,0.041004
taai2018,657,0.035508,0.209808
taai2018,658,0.006792,0.034827
taai2018,659,0.256484,0.602255
taai2018,660,0.035049,0.883826
taai2018,661,0.065144,0.084436
taai2018,662,0.008698,0.017972
taai2018,663,0.011725,0.043098
taai2018,664,0.106381,0.055490
taai2018,665,0.100398,0.124215
taai2018,666,0.006864,0.190331
taai2018,667,0.008258,0.022619
taai2018,668,0.008096,0.031629
taai2018,669,0.065067,0.021908
taai2018,670,0.032679,0.131655
taai2018,671,0.080008,0.033402
taai2018,672,0.010209,1.909073
taai2018,673,0.011554,0.024095
taai2018,674,0.006109,0.086618
taai2018,675,0.007978,0.045074
taai2018,676,0.029426,0.039932
taai2018,677,0.045459,0.023683
taai2018,678,0.009328,0.095076
taai2018,679,0.007285,0.405352
taai2018,680,0.084081,0.104945
taai2018,681,0.007254,0.047035
taai2018,682,0.008337,0.023277
taai2018,683,0.027970,0.203871
taai2018,684,0.097261,0.143577
taai2018,685,0.008134,0.013178
taai2018,686,0.014620,0.024476
taai2018,687,0.011425,0.029460
taai2018,688,0.381443,0.156236
taai2018,689,0.013577,0.045256
taai2018,690,0.006641,0.370741
taai2018,691,0.015648,0.066147
taai2018,692,0.031530,0.098087
taai2018,693,0.006735,0.032406
taai2018,694,0.079462,0.407490
taai2018,695,0.569871,0.559744
taai2018,696,0.099269,0.073994
taai2018,697,0.026062,0.161709
taai2018,698,0.074446,0.053112
taai2018,699,0.057882,0.110055
taai2018,700,0.380857,2.702756
taai2018,701,0.024589,0.690131
taai2018,702,0.019166,0.025899
taai2018,703,0.006660,0.024916
taai2018,704,0.631677,2.376761
taai2018,705,0.389572,0.305918
taai2018,706,0.008069,0.014284
taai2018,707,0.013338,0.089047
taai2018,708,0.246894,1.288325
taai2018,709,0.019247,0.026541
taai2018,710,0.011156,0.047519
taai2018,711,0.009185,0.241571
taai2018,712,0.011073,0.057151
taai2018,713,0.009345,0.040564
taai2018,714,0.105529,0.133401
taai2018,715,0.062717,0.029118
taai2018,716,0.103253,0.098294
taai2018,717,0.012325,0.022958
taai2018,718,0.014060,0.026091
taai2018,719,0.088223,0.033249
taai2018,720,0.011301,0.018678
taai2018,721,0.021839,1.546452
taai2018,722,0.013306,0.072442
taai2018,723,2.321686,1.955994
taai2018,724,0.125555,0.397804
taai2018,725,0.009449,0.021809
taai2018,726,0.015039,0.055850
taai2018,727,0.007398,0.354111
taai2018,728,0.014486,0.217625
taai2018,729,0.010465,0.030801
taai2018,730,0.019241,0.849498
taai2018,731,0.011769,0.058540
taai2018,732,3.406839,3.785330
taai2018,733,0.068363,0.030552
taai2018,734,0.016516,0.027879
taai2018,735,0.008418,0.081193
taai2018,736,0.030177,1.559358
taai2018,737,0.043007,1.284392
taai2018,738,0.096320,0.030139
taai2018,739,2.572547,42.449380
taai2018,740,0.008253,0.019179
taai2018,741,0.016000,0.039166
taai2018,742,0.402344,0.484158
taai2018,743,0.046985,6.875598
taai2018,744,0.165159,0.175870
taai2018,745,0.016967,0.062408
taai2018,746,0.005910,0.019435
taai2018,747,0.015689,0.033558
taai2018,748,0.011196,0.048961
taai2018,749,0.008469,0.024461
taai2018,750,0.007105,0.106000
taai2018,751,0.010330,0.070959
taai2018,752,0.122033,2.121315
taai2018,753,0.108320,0.048940
taai2018,754,0.008031,0.062720
taai2018,755,0.062532,0.032659
taai2018,756,0.006224,0.305555
taai2018,757,0.025116,0.046171
taai2018,758,0.007491,0.015701
taai2018,759,0.019027,0.187218
taai2018,760,0.019259,2.359006
taai2018,761,1.880119,1.542162
taai2018,762,0.020148,2.015029
taai2018,763,0.087818,0.022271
taai2018,764,0.080160,0.047849
taai2018,765,0.116002,0.201746
taai2018,766,0.202306,0.225733
taai2018,767,0.677677,373.708577
taai2018,768,0.157614,2.303495
taai2018,769,0.014687,0.050391
taai2018,770,0.008554,0.054814
taai2018,771,0.151449,1.569117
taai2018,772,0.010720,0.050385
taai2018,773,0.011854,0.059058
taai2018,774,0.019308,0.035722
taai2018,775,0.007881,0.027775
taai2018,776,0.010467,0.030914
taai2018,777,0.154256,1.119499
taai2018,778,0.008213,0.031241
taai2018,779,0.019034,0.262259
taai2018,780,0.021055,0.071244
taai2018,781,0.005472,0.041240
taai2018,782,0.005377,0.032765
taai2018,783,0.009401,0.185524
taai2018,784,0.029297,0.037166
taai2018,785,0.007089,0.091920
taai2018,786,0.059990,3.854707
taai2018,787,0.068663,0.024795
taai2018,788,0.085197,0.276718
taai2018,789,0.009514,0.932302
taai2018,790,0.008500,0.030993
taai2018,791,0.008032,0.029336
taai2018,792,0.006589,0.025724
taai2018,793,0.010162,0.052182
taai2018,794,0.092270,0.048089
taai2018,795,0.015243,0.051325
taai2018,796,0.007486,0.031757
taai2018,797,0.091803,0.199414
taai2018,798,0.094868,0.044656
taai2018,799,0.017441,0.173530
taai2018,800,0.011171,0.024407
taai2018,801,0.072058,0.059061
taai2018,802,0.008901,0.023386
taai2018,803,0.057735,0.073769
taai2018,804,0.015121,0.060383
taai2018,805,0.011004,0.025866
taai2018,806,0.025504,0.072100
taai2018,807,0.007831,0.051090
taai2018,808,0.008562,0.021429
taai2018,809,0.007563,0.016686
taai2018,810,0.007063,0.022327
taai2018,811,0.090498,0.088294
taai2018,812,0.030061,0.025776
taai2018,813,0.007170,0.498550
taai2018,814,0.111443,0.178658
taai2018,815,0.056719,0.018425
taai2018,816,0.006805,0.027429
taai2018,817,0.185027,0.473699
taai2018,818,0.007298,0.296646
taai2018,819,0.044903,0.987221
taai2018,820,0.012117,0.043015
taai2018,821,0.028250,0.019944
taai2018,822,0.356930,4.812821
taai2018,823,0.007087,0.054241
taai2018,824,0.094414,0.035950
taai2018,825,0.404089,0.237050
taai2018,826,0.029113,0.022782
taai2018,827,0.028646,0.023940
taai2018,828,0.007053,0.021546
taai2018,829,0.058584,0.022704
taai2018,830,0.008842,0.136364
taai2018,831,0.015353,0.022259
taai2018,832,0.044011,0.036550
taai2018,833,0.013298,0.048723
taai2018,834,0.007685,0.111565
taai2018,835,0.006411,0.130536
taai2018,836,0.231309,1.204334
taai2018,837,0.025186,0.021807
taai2018,838,0.006860,0.018953
taai2018,839,0.045615,6.203265
taai2018,840,0.241976,0.546255
taai2018,841,0.006421,0.017328
taai2018,842,0.022210,0.022776
taai2018,843,0.008159,0.043295
taai2018,844,0.116624,1.585355
taai2018,845,0.007022,0.062427
taai2018,846,0.007004,0.018052
taai2018,847,0.005551,0.028510
taai2018,848,0.010207,0.527378
taai2018,849,0.011196,1.291397
taai2018,850,0.008718,0.089507
taai2018,851,0.010089,0.022175
taai2018,852,0.004709,0.058185
taai2018,853,0.007820,0.033735
taai2018,854,0.084312,0.038047
taai2018,855,0.056404,0.344399
taai2018,856,0.013507,0.045678
taai2018,857,0.017421,0.042848
taai2018,858,0.012781,0.448521
taai2018,859,0.008259,0.025970
taai2018,860,0.092191,0.024670
taai2018,861,0.025768,0.112583
taai2018,862,0.005935,0.027581
taai2018,863,0.007730,0.028649
taai2018,864,0.106699,1.794971
taai2018,865,0.015332,0.028806
taai2018,866,0.065139,0.026496
taai2018,867,0.010307,0.030612
taai2018,868,0.139534,5.507192
taai2018,869,0.008030,0.046690
taai2018,870,0.063651,0.056256
taai2018,871,0.117510,0.025346
taai2018,872,0.009748,0.135878
taai2018,873,0.027013,0.023241
taai2018,874,0.140561,0.112260
taai2018,875,0.015871,0.022844
taai2018,876,0.067657,0.024685
taai2018,877,0.019597,0.049059
taai2018,878,0.007266,0.018870
taai2018,879,0.110884,0.079519
taai2018,880,0.014261,0.029528
taai2018,881,0.068635,0.022930
taai2018,882,0.006767,0.024371
taai2018,883,0.016725,0.309495
taai2018,884,0.008744,0.034102
taai2018,885,0.057655,0.022858
taai2018,886,0.007782,0.035792
taai2018,887,0.007023,0.021059
taai2018,888,0.007908,0.044110
taai2018,889,0.520345,0.416985
taai2018,890,0.020097,0.032034
taai2018,891,0.006036,0.035002
taai2018,892,0.011754,0.024078
taai2018,893,0.007446,0.031980
taai2018,894,0.019409,0.027778
taai2018,895,0.007325,0.018372
taai2018,896,0.005694,24.123382
taai2018,897,0.010955,0.172074
taai2018,898,0.220510,1.371036
taai2018,899,0.010850,0.018002
taai2018,900,0.006931,0.028434
taai2018,901,0.119221,0.103676
taai2018,902,0.007997,0.022684
taai2018,903,0.007675,0.275135
taai2018,904,0.133651,1.498092
taai2018,905,0.006245,0.016395
taai2018,906,0.020715,0.253129
taai2018,907,0.011228,0.072829
taai2018,908,0.005883,0.023426
taai2018,909,0.041718,0.033275
taai2018,910,0.020055,0.026543
taai2018,911,0.030973,0.256494
taai2018,912,0.010197,0.038028
taai2018,913,0.008677,4.814438
taai2018,914,0.009055,0.017002
taai2018,915,0.014959,0.813055
taai2018,916,0.087299,0.067062
taai2018,917,0.057672,0.021377
taai2018,918,0.019861,0.139864
taai2018,919,0.013491,0.029085
taai2018,920,0.006565,0.059122
taai2018,921,0.005766,0.022248
taai2018,922,0.014173,0.019686
taai2018,923,0.007769,0.093745
taai2018,924,0.007019,0.019208
taai2018,925,0.012934,0.040100
taai2018,926,0.007964,0.029843
taai2018,927,0.015731,0.033575
taai2018,928,0.018628,0.042807
taai2018,929,0.059598,0.031028
taai2018,930,0.009533,0.024981
taai2018,931,0.015802,0.018545
taai2018,932,0.488291,1.277613
taai2018,933,0.008191,0.025481
taai2018,934,0.015319,0.028120
taai2018,935,0.013359,0.016157
taai2018,936,0.007324,0.032855
taai2018,937,0.073195,0.074768
taai2018,938,0.016519,0.024828
taai2018,939,0.006445,0.029839
taai2018,940,0.005505,0.020350
taai2018,941,0.009998,0.027709
taai2018,942,0.213129,15.542249
taai2018,943,0.080716,0.033324
taai2018,944,0.674061,11.046990
taai2018,945,0.009070,0.047458
taai2018,946,0.016306,0.019169
taai2018,947,0.011367,0.026380
taai2018,948,0.010345,0.025319
taai2018,949,0.008250,0.036081
taai2018,950,0.029409,3.237172
taai2018,951,0.023521,0.132673
taai2018,952,0.007715,0.034320
taai2018,953,0.006921,0.040765
taai2018,954,0.008892,0.102490
taai2018,955,0.089347,0.103067
taai2018,956,0.059822,0.030641
taai2018,957,0.006373,0.028057
taai2018,958,0.012541,0.027561
taai2018,959,0.016097,0.060632
taai2018,960,0.041903,0.033447
taai2018,961,0.005990,0.025902
taai2018,962,0.009948,0.021134
taai2018,963,0.071812,0.023719
taai2018,964,0.449678,0.407316
taai2018,965,0.034145,0.075967
taai2018,966,0.009240,0.022413
taai2018,967,0.117357,0.450192
taai2018,968,0.007098,0.023993
taai2018,969,0.009688,0.026008
taai2018,970,0.010692,0.023277
taai2018,971,0.007226,0.062749
taai2018,972,0.089778,0.050980
taai2018,973,0.006744,0.024311
taai2018,974,0.014634,0.040269
taai2018,975,0.025948,0.023322
taai2018,976,0.008662,0.022258
taai2018,977,0.007892,0.024517
taai2018,978,0.114617,0.164952
taai2018,979,0.019327,0.024632
taai2018,980,0.006692,0.024704
taai2018,981,0.005922,0.044477
taai2018,982,0.040406,0.023187
taai2018,983,0.012972,0.069807
taai2018,984,0.006862,0.314022
taai2018,985,0.011685,0.285301
taai2018,986,0.022495,3.791037
taai2018,987,0.007760,0.022378
taai2018,988,0.037584,0.024367
taai2018,989,0.006937,0.033776
taai2018,990,0.005951,0.019125
taai2018,991,0.007464,0.024653
taai2018,992,0.011221,0.067845
taai2018,993,0.007168,0.040538
taai2018,994,0.007446,0.025571
taai2018,995,0.015308,0.050026
taai2018,996,0.007474,0.024966
taai2018,997,0.044407,0.019207
taai2018,998,0.008615,0.046885
taai2018,999,0.008059,0.061397
taai2018,1000,0.006619,0.031606
taai2019,1,0.005266,0.000797
taai2019,2,0.004167,0.002969
taai2019,3,0.002469,0.002725
taai2019,4,0.001571,0.000935
taai2019,5,0.001462,0.000645
taai2019,6,0.001844,0.005597
taai2019,7,0.001446,0.001231
taai2019,8,0.002252,0.003732
taai2019,9,0.001442,0.000731
taai2019,10,0.001325,0.002186
taai2019,11,0.001788,0.001977
taai2019,12,0.002806,0.003296
taai2019,13,0.001277,0.000449
taai2019,14,0.001268,0.000366
taai2019,15,0.001508,0.001351
taai2019,16,0.001529,0.001103
taai2019,17,0.001578,0.000740
taai2019,18,0.001722,0.000924
taai2019,19,0.001458,0.001364
taai2019,20,0.001796,0.002437
taai2019,21,0.001573,0.002183
taai2019,22,0.001558,0.001711
taai2019,23,0.001312,0.000421
taai2019,24,0.001622,0.002331
taai2019,25,0.001348,0.000946
taai2019,26,0.001456,0.001181
taai2019,27,0.001398,0.000922
taai2019,28,0.002271,0.002599
taai2019,29,0.001879,0.002089
taai2019,30,0.001755,0.001542
taai2019,31,0.001561,0.000874
taai2019,32,0.001561,0.001841
taai2019,33,0.001499,0.000783
taai2019,34,0.002824,0.005450
taai2019,35,0.001409,0.000755
taai2019,36,0.001785,0.000732
taai2019,37,0.002034,0.002068
taai2019,38,0.001613,0.001719
taai2019,39,0.002086,0.001944
taai2019,40,0.002460,0.003247
taai2019,41,0.001910,0.001340
taai2019,42,0.002122,0.001853
taai2019,43,0.001264,0.000382
taai2019,44,0.001273,0.000323
taai2019,45,0.001546,0.001538
taai2019,46,0.001725,0.002814
taai2019,47,0.001757,0.001786
taai2019,48,0.001518,0.001034
taai2019,49,0.001656,0.003915
taai2019,50,0.002429,0.004558
taai2019,51,0.001783,0.005254
taai2019,52,0.002566,0.005000
taai2019,53,0.001422,0.001312
taai2019,54,0.002525,0.004218
taai2019,55,0.001451,0.001050
taai2019,56,0.001828,0.001734
taai2019,57,0.001337,0.000623
taai2019,58,0.002620,0.003178
taai2019,59,0.001882,0.004448
taai2019,60,0.001819,0.002550
taai2019,61,0.001783,0.000923
taai2019,62,0.001569,0.001755
taai2019,63,0.001849,0.002240
taai2019,64,0.003275,0.004293
taai2019,65,0.001368,0.000701
taai2019,66,0.001700,0.001371
taai2019,67,0.001853,0.001355
taai2019,68,0.001582,0.001488
taai2019,69,0.001430,0.000930
taai2019,70,0.001581,0.001072
taai2019,71,0.002193,0.003907
taai2019,72,0.001464,0.001370
taai2019,73,0.002045,0.003468
taai2019,74,0.002620,0.003162
taai2019,75,0.001783,0.000928
taai2019,76,0.001645,0.002313
taai2019,77,0.001397,0.001415
taai2019,78,0.001826,0.003476
taai2019,79,0.001960,0.003645
taai2019,80,0.001886,0.000883
taai2019,81,0.001618,0.001803
taai2019,82,0.001594,0.002239
taai2019,83,0.001847,0.002412
taai2019,84,0.002591,0.003520
taai2019,85,0.001372,0.000481
taai2019,86,0.003051,0.006842
taai2019,87,0.001325,0.000617
taai2019,88,0.001491,0.000764
taai2019,89,0.001612,0.001080
taai2019,90,0.001817,0.001499
taai2019,91,0.002127,0.003241
taai2019,92,0.001395,0.000547
taai2019,93,0.003206,0.006912
taai2019,94,0.001752,0.002668
taai2019,95,0.001889,0.003112
taai2019,96,0.002435,0.004336
taai2019,97,0.001678,0.002208
taai2019,98,0.002574,0.003258
taai2019,99,0.001769,0.002661
taai2019,100,0.001900,0.002870
taai2019,101,0.001333,0.001705
taai2019,102,0.002095,0.003673
taai2019,103,0.001992,0.002123
taai2019,104,0.001985,0.003733
taai2019,105,0.003269,0.009939
taai2019,106,0.001686,0.001140
taai2019,107,0.002344,0.002438
taai2019,108,0.001953,0.002183
taai2019,109,0.002161,0.001497
taai2019,110,0.001420,0.001032
taai2019,111,0.002013,0.001970
taai2019,112,0.002866,0.004755
taai2019,113,0.002151,0.003500
taai2019,114,0.002276,0.003577
taai2019,115,0.001861,0.001449
taai2019,116,0.001829,0.002375
taai2019,117,0.001557,0.002749
taai2019,118,0.004410,0.009938
taai2019,119,0.002809,0.003900
taai2019,120,0.001713,0.001629
taai2019,121,0.001494,0.000523
taai2019,122,0.001789,0.001187
taai2019,123,0.001966,0.003012
taai2019,124,0.002008,0.003001
taai2019,125,0.003398,0.006936
taai2019,126,0.001362,0.001054
taai2019,127,0.001511,0.001801
taai2019,128,0.003287,0.005923
taai2019,129,0.002569,0.004419
taai2019,130,0.001672,0.001309
taai2019,131,0.002118,0.003020
taai2019,132,0.001983,0.002487
taai2019,133,0.001850,0.001896
taai2019,134,0.002101,0.003911
taai2019,135,0.002226,0.004165
taai2019,136,0.001860,0.001796
taai2019,137,0.001681,0.001761
taai2019,138,0.002236,0.001972
taai2019,139,0.001976,0.003188
taai2019,140,0.001859,0.002670
taai2019,141,0.001950,0.001550
taai2019,142,0.001919,0.001932
taai2019,143,0.003436,0.005283
taai2019,144,0.001784,0.000908
taai2019,145,0.002335,0.002708
taai2019,146,0.004255,0.010217
taai2019,147,0.002569,0.005784
taai2019,148,0.002689,0.005637
taai2019,149,0.002587,0.005159
taai2019,150,0.002405,0.007104
taai2019,151,0.001416,0.001235
taai2019,152,0.002166,0.003597
taai2019,153,0.001646,0.001932
taai2019,154,0.003727,0.007139
taai2019,155,0.001760,0.001174
taai2019,156,0.001858,0.003589
taai2019,157,0.001818,0.002209
taai2019,158,0.002516,0.004436
taai2019,159,0.001290,0.000359
taai2019,160,0.002913,0.008867
taai2019,161,0.001998,0.002438
taai2019,162,0.003127,0.004472
taai2019,163,0.002206,0.003102
taai2019,164,0.002024,0.002178
taai2019,165,0.001595,0.001454
taai2019,166,0.002449,0.006959
taai2019,167,0.002972,0.004238
taai2019,168,0.002712,0.008548
taai2019,169,0.003134,0.006176
taai2019,170,0.001809,0.002045
taai2019,171,0.006473,0.014000
taai2019,172,0.002345,0.003994
taai2019,173,0.002513,0.005453
taai2019,174,0.002732,0.002836
taai2019,175,0.005240,0.010686
taai2019,176,0.001755,0.003213
taai2019,177,0.002180,0.003340
taai2019,178,0.003928,0.009899
taai2019,179,0.002407,0.002233
taai2019,180,0.001611,0.001654
taai2019,181,0.003137,0.009754
taai2019,182,0.003075,0.003368
taai2019,183,0.003080,0.008588
taai2019,184,0.002118,0.001455
taai2019,185,0.002763,0.006262
taai2019,186,0.004486,0.013231
taai2019,187,0.001899,0.004662
taai2019,188,0.002050,0.002586
taai2019,189,0.002564,0.006446
taai2019,190,0.002502,0.005396
taai2019,191,0.003792,0.009331
taai2019,192,0.004091,0.008970
taai2019,193,0.002206,0.003014
taai2019,194,0.002224,0.001477
taai2019,195,0.004363,0.011088
taai2019,196,0.006253,0.033436
taai2019,197,0.002174,0.004549
taai2019,198,0.004370,0.011174
taai2019,199,0.004249,0.009370
taai2019,200,0.001419,0.001300
taai2019,201,0.001861,0.002020
taai2019,202,0.003169,0.007713
taai2019,203,0.001664,0.001127
taai2019,204,0.005210,0.012146
taai2019,205,0.002659,0.003742
taai2019,206,0.001837,0.002968
taai2019,207,0.003494,0.010168
taai2019,208,0.003522,0.008117
taai2019,209,0.003390,0.006881
taai2019,210,0.003214,0.005912
taai2019,211,0.010572,0.024060
taai2019,212,0.003339,0.007461
taai2019,213,0.002070,0.002605
taai2019,214,0.003134,0.006353
taai2019,215,0.006639,0.014401
taai2019,216,0.004791,0.011186
taai2019,217,0.002498,0.002817
taai2019,218,0.002584,0.007687
taai2019,219,0.003041,0.005594
taai2019,220,0.001775,0.001812
taai2019,221,0.003854,0.008007
taai2019,222,0.003682,0.007683
taai2019,223,0.002024,0.001532
taai2019,224,0.001923,0.002978
taai2019,225,0.003123,0.006901
taai2019,226,0.003453,0.007285
taai2019,227,0.004002,0.007168
taai2019,228,0.003128,0.007062
taai2019,229,0.003632,0.009035
taai2019,230,0.004731,0.009995
taai2019,231,0.002125,0.002447
taai2019,232,0.002303,0.005706
taai2019,233,0.006301,0.018781
taai2019,234,0.003849,0.006553
taai2019,235,0.005207,0.011329
taai2019,236,0.003704,0.006936
taai2019,237,0.006681,0.010040
taai2019,238,0.015679,0.036725
taai2019,239,0.002319,0.002573
taai2019,240,0.004880,0.014855
taai2019,241,0.005475,0.011860
taai2019,242,0.003047,0.006612
taai2019,243,0.006942,0.031129
taai2019,244,0.013138,0.037195
taai2019,245,0.003935,0.008366
taai2019,246,0.002964,0.007032
taai2019,247,0.004166,0.009493
taai2019,248,0.002266,0.005925
taai2019,249,0.002335,0.004579
taai2019,250,0.003340,0.006383
taai2019,251,0.005089,0.010476
taai2019,252,0.002809,0.006310
taai2019,253,0.009901,0.016127
taai2019,254,0.001915,0.002927
taai2019,255,0.005173,0.021061
taai2019,256,0.002978,0.005081
taai2019,257,0.006089,0.013117
taai2019,258,0.005416,0.018352
taai2019,259,0.002380,0.005487
taai2019,260,0.002657,0.003905
taai2019,261,0.002334,0.003983
taai2019,262,0.002275,0.004124
taai2019,263,0.002813,0.004004
taai2019,264,0.009843,0.036178
taai2019,265,0.004837,0.009283
taai2019,266,0.002684,0.005151
taai2019,267,0.008774,0.017326
taai2019,268,0.005620,0.009101
taai2019,269,0.002657,0.003630
taai2019,270,0.003213,0.005270
taai2019,271,0.007130,0.018347
taai2019,272,0.004676,0.007474
taai2019,273,0.004550,0.015911
taai2019,274,0.004273,0.009836
taai2019,275,0.003230,0.011133
taai2019,276,0.009964,0.032585
taai2019,277,0.002970,0.007934
taai2019,278,0.002267,0.005995
taai2019,279,0.006387,0.019373
taai2019,280,0.003853,0.012257
taai2019,281,0.002629,0.004125
taai2019,282,0.005743,0.018135
taai2019,283,0.002924,0.006924
taai2019,284,0.004831,0.011856
taai2019,285,0.005175,0.011517
taai2019,286,0.173410,1.019417
taai2019,287,0.004231,0.007379
taai2019,288,0.002735,0.005903
taai2019,289,0.022110,0.019112
taai2019,290,0.002805,0.003809
taai2019,291,0.004693,0.008300
taai2019,292,0.002929,0.005356
taai2019,293,0.011149,0.015765
taai2019,294,0.003824,0.007766
taai2019,295,0.008810,0.083306
taai2019,296,0.005270,0.012094
taai2019,297,0.008407,0.017155
taai2019,298,0.011305,0.022748
taai2019,299,0.006189,0.013907
taai2019,300,0.009722,0.020533
taai2019,301,0.004714,0.021104
taai2019,302,0.015748,0.183349
taai2019,303,0.005329,0.012212
taai2019,304,0.009223,0.013434
taai2019,305,0.008014,0.033823
taai2019,306,0.110660,0.145365
taai2019,307,0.004923,0.010679
taai2019,308,0.004018,0.006612
taai2019,309,0.008451,0.024800
taai2019,310,0.003326,0.008023
taai2019,311,0.003538,0.008111
taai2019,312,0.004547,0.010390
taai2019,313,0.011515,0.012947
taai2019,314,0.007185,0.017432
taai2019,315,0.006047,0.034302
taai2019,316,0.007919,0.034956
taai2019,317,0.011166,0.024658
taai2019,318,0.007869,0.023359
taai2019,319,0.004166,0.009118
taai2019,320,0.003158,0.005479
taai2019,321,0.002828,0.005086
taai2019,322,0.008030,0.017757
taai2019,323,0.014389,0.020868
taai2019,324,0.004211,0.013253
taai2019,325,0.004297,0.009809
taai2019,326,0.011992,0.033552
taai2019,327,0.003873,0.009499
taai2019,328,0.003737,0.007200
taai2019,329,0.010888,0.017709
taai2019,330,0.008485,0.054836
taai2019,331,0.003224,0.005347
taai2019,332,0.004053,0.055718
taai2019,333,0.008129,0.046116
taai2019,334,0.003997,0.011508
taai2019,335,0.010258,0.027132
taai2019,336,0.006113,0.010599
taai2019,337,0.018115,0.020519
taai2019,338,0.003920,0.052969
taai2019,339,0.008647,0.023674
taai2019,340,0.003455,0.009035
taai2019,341,0.004190,0.010677
taai2019,342,0.018834,0.012531
taai2019,343,0.003980,0.010234
taai2019,344,0.004254,0.010327
taai2019,345,0.013425,0.022700
taai2019,346,0.292497,0.334818
taai2019,347,0.005916,0.021063
taai2019,348,0.010591,0.046221
taai2019,349,0.005289,0.016384
taai2019,350,0.007377,0.019433
taai2019,351,0.002575,0.004025
taai2019,352,0.016337,0.019595
taai2019,353,0.006297,0.013237
taai2019,354,0.004235,0.009938
taai2019,355,0.025599,0.018326
taai2019,356,0.012508,0.028150
taai2019,357,0.009538,0.028355
taai2019,358,0.009265,0.034196
taai2019,359,0.004823,0.013749
taai2019,360,0.029092,0.022406
taai2019,361,0.022945,0.015038
taai2019,362,0.031982,0.040577
taai2019,363,0.005467,0.009549
taai2019,364,0.003725,0.007691
taai2019,365,0.007032,0.019475
taai2019,366,0.011861,0.024018
taai2019,367,0.005907,0.021570
taai2019,368,0.005953,0.060239
taai2019,369,0.010450,0.029705
taai2019,370,0.075637,0.103096
taai2019,371,0.006522,0.021871
taai2019,372,0.047463,0.021005
taai2019,373,0.029885,0.039417
taai2019,374,0.020796,0.037928
taai2019,375,0.021333,0.051281
taai2019,376,0.023559,0.027314
taai2019,377,0.005756,0.019588
taai2019,378,0.005589,0.014101
taai2019,379,0.003536,0.006938
taai2019,380,0.107922,0.095809
taai2019,381,0.007578,0.019179
taai2019,382,0.007046,0.028764
taai2019,383,0.008784,0.022902
taai2019,384,0.005380,0.012958
taai2019,385,0.004530,0.010169
taai2019,386,0.013488,0.030456
taai2019,387,0.153512,0.540123
taai2019,388,0.003358,0.003819
taai2019,389,0.002737,0.004608
taai2019,390,0.084653,0.063874
taai2019,391,0.006693,0.013318
taai2019,392,0.076406,0.238137
taai2019,393,0.008130,0.051672
taai2019,394,0.024545,0.037240
taai2019,395,0.006354,0.018527
taai2019,396,0.005532,0.015211
taai2019,397,0.005167,0.010624
taai2019,398,0.130211,0.155215
taai2019,399,0.010781,0.020572
taai2019,400,0.025538,0.088517
taai2019,401,0.005651,0.009111
taai2019,402,0.007941,0.081522
taai2019,403,0.006459,0.013764
taai2019,404,0.064698,0.169970
taai2019,405,0.011271,0.037661
taai2019,406,0.025614,0.021031
taai2019,407,0.009208,0.017207
taai2019,408,1.125704,4.077299
taai2019,409,0.207239,0.613637
taai2019,410,0.435021,0.384654
taai2019,411,0.013144,0.062659
taai2019,412,0.002466,0.004003
taai2019,413,0.096382,0.100283
taai2019,414,0.004545,0.008951
taai2019,415,0.046222,0.064256
taai2019,416,0.035099,0.114250
taai2019,417,0.008474,0.034703
taai2019,418,0.005343,0.025486
taai2019,419,0.076600,0.069851
taai2019,420,0.344878,1.365961
taai2019,421,0.070906,0.347203
taai2019,422,0.077699,0.155183
taai2019,423,0.011620,0.027579
taai2019,424,0.904068,0.925240
taai2019,425,0.011832,0.081441
taai2019,426,2.554878,6.104342
taai2019,427,0.059642,0.042191
taai2019,428,0.003925,0.043313
taai2019,429,0.004412,0.010146
taai2019,430,1.204896,1.158383
taai2019,431,0.017921,0.030653
taai2019,432,0.013733,0.021325
taai2019,433,0.009940,0.053912
taai2019,434,0.047761,0.049717
taai2019,435,0.006790,0.021143
taai2019,436,0.076856,0.108912
taai2019,437,0.108254,0.079127
taai2019,438,0.018285,0.034292
taai2019,439,0.027415,0.089573
taai2019,440,0.113429,0.159620
taai2019,441,2.172410,4.478368
taai2019,442,0.013317,0.017074
taai2019,443,0.015398,0.017882
taai2019,444,1.604765,10.458085
taai2019,445,0.065186,0.032659
taai2019,446,0.035258,0.210017
taai2019,447,0.008469,0.124468
taai2019,448,0.135611,0.169124
taai2019,449,0.101742,0.037606
taai2019,450,0.009628,1.616210
taai2019,451,0.021818,0.047344
taai2019,452,0.043119,0.066706
taai2019,453,0.005607,0.024433
taai2019,454,0.015473,0.219411
taai2019,455,0.145237,0.190082
taai2019,456,0.034132,1.126066
taai2019,457,0.012981,0.058787
taai2019,458,0.006140,0.022209
taai2019,459,0.006437,0.021588
taai2019,460,0.009637,0.147416
taai2019,461,0.008885,0.027046
taai2019,462,0.005537,0.012675
taai2019,463,0.017391,0.021157
taai2019,464,0.046115,0.277876
taai2019,465,0.005339,0.012202
taai2019,466,0.010775,0.019991
taai2019,467,0.018942,0.557933
taai2019,468,0.014381,0.045969
taai2019,469,0.048382,1.371495
taai2019,470,3.345209,0.957274
taai2019,471,0.011400,0.027897
taai2019,472,0.006880,0.026744
taai2019,473,1.243670,2.275271
taai2019,474,0.004685,0.010755
taai2019,475,0.004262,0.009246
taai2019,476,0.026333,0.767467
taai2019,477,0.246525,2.234317
taai2019,478,0.029407,0.036214
taai2019,479,0.005312,0.018440
taai2019,480,0.410186,0.214979
taai2019,481,0.012837,0.024425
taai2019,482,0.010148,0.018949
taai2019,483,1.070280,1.870428
taai2019,484,0.010324,0.080451
taai2019,485,0.342864,11.897246
taai2019,486,0.021147,0.054859
taai2019,487,2.462051,0.527816
taai2019,488,0.585457,0.331113
taai2019,489,0.121634,0.152457
taai2019,490,1.161846,10.361131
taai2019,491,0.136701,0.125898
taai2019,492,0.005241,0.016852
taai2019,493,0.012410,0.025700
taai2019,494,0.016213,0.049368
taai2019,495,0.577840,0.771389
taai2019,496,1.197264,0.407523
taai2019,497,0.032285,0.086243
taai2019,498,0.004408,0.010838
taai2019,499,0.007942,0.031144
taai2019,500,0.015344,0.317193
taai2019,501,0.053423,0.532890
taai2019,502,0.010775,0.017266
taai2019,503,0.017499,0.079162
taai2019,504,0.009042,0.071267
taai2019,505,0.447124,0.434107
taai2019,506,0.400262,0.466048
taai2019,507,0.362883,0.134916
taai2019,508,0.040534,0.170157
taai2019,509,0.050446,0.059887
taai2019,510,0.132877,0.112529
taai2019,511,0.013166,0.052748
taai2019,512,0.127067,0.116593
taai2019,513,0.038921,0.015945
taai2019,514,0.007878,0.041887
taai2019,515,1.177736,28.128033
taai2019,516,0.146067,0.200770
taai2019,517,0.969296,0.436839
taai2019,518,0.024874,0.109063
taai2019,519,0.209313,0.577034
taai2019,520,0.047074,0.036797
taai2019,521,0.140439,0.152534
taai2019,522,0.057528,0.172111
taai2019,523,0.099554,0.038346
taai2019,524,0.010728,0.122130
taai2019,525,0.025269,0.027317
taai2019,526,0.007550,0.048511
taai2019,527,0.283258,0.421472
taai2019,528,0.022441,0.082299
taai2019,529,1.818585,4.861845
taai2019,530,0.171244,0.271968
taai2019,531,0.015239,0.704007
taai2019,532,0.048583,0.199400
taai2019,533,0.034865,0.037450
taai2019,534,0.096589,0.062743
taai2019,535,0.008011,0.043972
taai2019,536,0.069541,0.339468
taai2019,537,0.010368,0.117729
taai2019,538,0.007213,0.016456
taai2019,539,0.005282,0.010820
taai2019,540,0.108151,0.256539
taai2019,541,0.021767,0.120505
taai2019,542,0.017832,1.140407
taai2019,543,0.019563,0.027556
taai2019,544,0.010607,0.039617
taai2019,545,0.287636,0.216123
taai2019,546,0.057259,0.345386
taai2019,547,0.047952,0.285126
taai2019,548,1.169389,3.192199
taai2019,549,0.056578,0.011914
taai2019,550,1.015826,1.484592
taai2019,551,0.010198,0.033569
taai2019,552,0.007450,0.042052
taai2019,553,0.006015,0.025079
taai2019,554,0.062700,0.051452
taai2019,555,2.059220,0.587388
taai2019,556,0.051442,0.342287
taai2019,557,0.006666,0.027409
taai2019,558,0.007938,0.017369
taai2019,559,0.016349,0.036708
taai2019,560,0.022587,0.081265
taai2019,561,0.009616,0.055401
taai2019,562,0.094375,0.029297
taai2019,563,0.017493,0.084412
taai2019,564,0.013600,0.093162
taai2019,565,0.004569,0.015527
taai2019,566,0.086263,0.036399
taai2019,567,1.721649,1.738755
taai2019,568,0.149556,0.186301
taai2019,569,0.469640,0.635239
taai2019,570,3.739840,2.044856
taai2019,571,0.103717,0.124621
taai2019,572,0.026393,0.027802
taai2019,573,1.323258,5.830571
taai2019,574,0.026337,12.080126
taai2019,575,0.010704,0.324962
taai2019,576,1.061623,100.091047
taai2019,577,0.010171,0.026084
taai2019,578,0.025745,0.028263
taai2019,579,0.032364,0.265960
taai2019,580,1.880756,3.925317
taai2019,581,0.195680,0.990195
taai2019,582,0.111210,0.109917
taai2019,583,0.619168,15.018250
taai2019,584,0.040170,0.173453
taai2019,585,0.005829,0.018709
taai2019,586,0.006457,0.016815
taai2019,587,0.007351,0.022604
taai2019,588,0.881519,1.127333
taai2019,589,0.422569,1.747098
taai2019,590,0.031444,0.042461
taai2019,591,0.005547,0.017810
taai2019,592,0.181221,0.171389
taai2019,593,0.012939,0.078408
taai2019,594,0.164449,0.127009
taai2019,595,0.016154,0.025035
taai2019,596,1.449056,2.579478
taai2019,597,0.079378,0.014889
taai2019,598,0.497619,1.492055
taai2019,599,0.013698,0.098946
taai2019,600,0.248587,0.104518
taai2019,601,0.007699,0.030080
taai2019,602,0.064843,0.278120
taai2019,603,0.030705,0.022038
taai2019,604,0.728596,3.615357
taai2019,605,0.036848,0.040707
taai2019,606,0.234161,0.587236
taai2019,607,0.029029,0.094281
taai2019,608,0.046053,0.034273
taai2019,609,0.031937,0.145517
taai2019,610,0.020868,0.089595
taai2019,611,0.014511,0.399259
taai2019,612,0.088621,0.018401
taai2019,613,3.705801,58.621810
taai2019,614,0.090293,0.031661
taai2019,615,0.009232,0.112892
taai2019,616,0.006762,0.012133
taai2019,617,0.053610,0.119464
taai2019,618,0.008047,0.016565
taai2019,619,2.290543,6.709696
taai2019,620,1.743328,95.674830
taai2019,621,0.010503,0.027257
taai2019,622,0.011699,0.208140
taai2019,623,0.064618,0.057563
taai2019,624,0.262664,1.087881
taai2019,625,0.035178,0.024829
taai2019,626,0.039629,0.026390
taai2019,627,0.028891,0.033358
taai2019,628,3.737113,10.694015
taai2019,629,0.033415,0.689127
taai2019,630,0.033125,0.430961
taai2019,631,0.117136,0.057462
taai2019,632,0.035509,0.268785
taai2019,633,0.015365,0.043532
taai2019,634,0.065383,0.033529
taai2019,635,0.006532,0.016693
taai2019,636,1.014486,2.962733
taai2019,637,0.203753,0.512554
taai2019,638,0.522928,0.571110
taai2019,639,0.094425,0.058079
taai2019,640,0.110014,0.049543
taai2019,641,0.482607,130.210419
taai2019,642,0.086380,0.120844
taai2019,643,0.036958,0.034172
taai2019,644,0.009243,0.017882
taai2019,645,0.561781,10.559263
taai2019,646,0.067933,0.033883
taai2019,647,0.008710,0.070771
taai2019,648,0.008167,0.051755
taai2019,649,1.828720,2.224433
taai2019,650,0.139692,2.240860
taai2019,651,0.014383,0.022820
taai2019,652,0.008338,0.036103
taai2019,653,0.151156,0.192906
taai2019,654,0.006601,0.095665
taai2019,655,5.803319,11.101024
taai2019,656,0.013367,0.059791
taai2019,657,1.313286,3.726227
taai2019,658,1.563026,0.445962
taai2019,659,0.103184,0.029711
taai2019,660,0.109834,0.251515
taai2019,661,6.124418,11.040068
taai2019,662,0.065614,0.031202
taai2019,663,0.006490,0.079810
taai2019,664,0.009181,0.018068
taai2019,665,0.103314,0.142005
taai2019,666,0.018276,0.128948
taai2019,667,0.085665,0.033423
taai2019,668,0.012906,0.027031
taai2019,669,0.301441,0.283208
taai2019,670,0.017452,0.129367
taai2019,671,0.081401,0.025836
taai2019,672,0.032994,0.139303
taai2019,673,0.016383,0.958681
taai2019,674,0.014809,0.030463
taai2019,675,0.007653,0.020924
taai2019,676,0.143619,0.181540
taai2019,677,0.049313,0.386895
taai2019,678,0.012198,0.012574
taai2019,679,0.032740,0.051404
taai2019,680,0.008670,0.022583
taai2019,681,0.052378,0.619286
taai2019,682,0.128102,0.158238
taai2019,683,0.031831,0.029519
taai2019,684,0.264123,7.876038
taai2019,685,0.043789,0.015423
taai2019,686,0.017056,0.031338
taai2019,687,0.086186,0.086984
taai2019,688,0.082408,0.027515
taai2019,689,0.138603,0.094781
taai2019,690,0.013252,0.092749
taai2019,691,0.017180,0.028795
taai2019,692,0.005966,0.020104
taai2019,693,0.019770,0.023500
taai2019,694,0.005846,0.120008
taai2019,695,0.035324,0.050426
taai2019,696,0.052735,1.285191
taai2019,697,0.125338,0.338627
taai2019,698,0.131494,0.172700
taai2019,699,0.041125,0.127237
taai2019,700,0.015224,1.062686
taai2019,701,0.006904,0.453362
taai2019,702,0.013826,0.025704
taai2019,703,0.247507,0.369487
taai2019,704,0.052832,0.041214
taai2019,705,0.200264,1.003612
taai2019,706,5.221858,1.461610
taai2019,707,0.048906,1.817094
taai2019,708,0.013377,0.025838
taai2019,709,0.238255,0.641413
taai2019,710,0.104356,0.043466
taai2019,711,0.006983,0.034214
taai2019,712,0.016522,0.034458
taai2019,713,0.015337,0.023700
taai2019,714,0.006806,0.025110
taai2019,715,0.044231,0.074668
taai2019,716,0.175558,0.148037
taai2019,717,0.372664,0.599649
taai2019,718,0.064602,0.049655
taai2019,719,0.037501,0.318635
taai2019,720,0.008624,0.136785
taai2019,721,0.037711,0.025079
taai2019,722,0.009446,0.067993
taai2019,723,0.024000,0.025078
taai2019,724,0.024422,0.200967
taai2019,725,0.013533,0.047373
taai2019,726,0.056803,0.087856
taai2019,727,1.755909,3.080243
taai2019,728,0.044861,35.402352
taai2019,729,0.091771,0.111359
taai2019,730,0.009220,0.024016
taai2019,731,0.054072,0.024645
taai2019,732,0.008398,0.035712
taai2019,733,0.007779,0.067458
taai2019,734,0.014800,0.362070
taai2019,735,1.168919,0.971143
taai2019,736,0.113182,0.158407
taai2019,737,0.009497,0.022221
taai2019,738,0.027156,0.063432
taai2019,739,0.206234,0.803496
taai2019,740,0.099992,0.058153
taai2019,741,0.021291,0.030223
taai2019,742,0.090174,0.041155
taai2019,743,0.058621,0.062523
taai2019,744,0.008164,0.047969
taai2019,745,0.015148,0.024417
taai2019,746,0.017495,0.041890
taai2019,747,0.133381,0.354700
taai2019,748,0.373804,1.475178
taai2019,749,0.015819,0.035373
taai2019,750,0.008393,0.043855
taai2019,751,0.007595,0.068412
taai2019,752,0.022096,0.026655
taai2019,753,0.047661,4.215247
taai2019,754,0.107017,0.147336
taai2019,755,2.797499,3.263473
taai2019,756,0.052044,0.030266
taai2019,757,0.055238,0.054469
taai2019,758,5.383175,1.496337
taai2019,759,0.013077,0.038204
taai2019,760,0.007059,0.888809
taai2019,761,0.009076,3.204587
taai2019,762,0.007282,0.033927
taai2019,763,0.010973,0.029312
taai2019,764,0.080697,0.109072
taai2019,765,0.037773,0.118131
taai2019,766,0.059499,0.083875
taai2019,767,0.016809,10.958841
taai2019,768,0.011206,0.023181
taai2019,769,0.005038,0.023740
taai2019,770,0.226014,1.242583
taai2019,771,0.079046,0.040646
taai2019,772,0.038813,0.033043
taai2019,773,0.060493,0.037660
taai2019,774,1.421798,7.602932
taai2019,775,0.007230,0.024407
taai2019,776,2.541360,2.224750
taai2019,777,0.031998,0.107204
taai2019,778,0.298698,5.811092
taai2019,779,0.014525,0.125213
taai2019,780,0.120450,0.948614
taai2019,781,0.023330,0.042447
taai2019,782,0.014529,0.160685
taai2019,783,0.388154,0.215918
taai2019,784,0.019592,0.240625
taai2019,785,0.015263,1.921243
taai2019,786,0.111993,0.305925
taai2019,787,0.022101,0.096631
taai2019,788,0.484173,0.612437
taai2019,789,0.074023,0.064792
taai2019,790,0.039621,0.030397
taai2019,791,0.010683,0.021657
taai2019,792,0.104413,0.590578
taai2019,793,0.018761,0.030658
taai2019,794,0.016336,0.040052
taai2019,795,0.557974,3.487731
taai2019,796,0.005803,0.017139
taai2019,797,0.042988,0.031852
taai2019,798,0.070073,0.021422
taai2019,799,0.008713,0.220150
taai2019,800,0.030231,0.095751
taai2019,801,1.599624,0.450305
taai2019,802,0.024417,0.026385
taai2019,803,0.005951,6.305206
taai2019,804,0.008995,0.057254
taai2019,805,0.007077,0.061431
taai2019,806,0.058349,12.202838
taai2019,807,0.071231,0.023145
taai2019,808,0.006796,0.024200
taai2019,809,0.013219,0.026826
taai2019,810,0.007830,0.510671
taai2019,811,0.043908,0.207082
taai2019,812,0.052369,0.013700
taai2019,813,0.021099,0.045785
taai2019,814,0.059251,0.636024
taai2019,815,0.007116,0.018732
taai2019,816,0.336242,0.018070
taai2019,817,0.020028,0.028842
taai2019,818,0.034758,0.054135
taai2019,819,0.012631,0.049791
taai2019,820,0.007789,0.023350
taai2019,821,0.006903,0.030716
taai2019,822,0.026895,0.104504
taai2019,823,0.010852,0.049650
taai2019,824,0.037257,0.028711
taai2019,825,0.009388,0.019415
taai2019,826,0.014004,0.015427
taai2019,827,0.006652,0.038370
taai2019,828,0.115109,0.135351
taai2019,829,0.019046,0.026439
taai2019,830,0.028026,0.138220
taai2019,831,0.007855,0.017989
taai2019,832,0.032620,0.421023
taai2019,833,0.008284,0.024270
taai2019,834,0.062670,0.056193
taai2019,835,0.009155,0.089426
taai2019,836,0.010449,0.049017
taai2019,837,0.039637,0.019061
taai2019,838,0.008681,0.037852
taai2019,839,0.024057,0.023664
taai2019,840,0.010070,0.017716
taai2019,841,0.014453,0.127437
taai2019,842,0.009528,0.067282
taai2019,843,0.007516,0.020707
taai2019,844,0.007503,0.021615
taai2019,845,0.054894,0.027236
taai2019,846,0.054040,0.467273
taai2019,847,0.034646,0.019532
taai2019,848,0.012324,0.073782
taai2019,849,0.008376,0.024332
taai2019,850,0.007058,0.032816
taai2019,851,0.056506,0.025317
taai2019,852,0.009158,0.022667
taai2019,853,0.012446,0.029224
taai2019,854,0.013918,0.028844
taai2019,855,0.013743,0.036388
taai2019,856,0.016392,2.366905
taai2019,857,0.018646,0.710170
taai2019,858,0.006996,0.034939
taai2019,859,0.040301,3.574970
taai2019,860,0.009301,0.153939
taai2019,861,0.014415,0.095397
taai2019,862,0.021900,0.087886
taai2019,863,0.038090,0.067599
taai2019,864,0.007191,0.028650
taai2019,865,0.017008,0.043234
taai2019,866,0.011168,0.439553
taai2019,867,0.013580,0.032024
taai2019,868,0.006949,0.035886
taai2019,869,0.011696,0.045273
taai2019,870,0.025706,0.023067
taai2019,871,0.072529,0.049321
taai2019,872,0.012333,0.037929
taai2019,873,0.008418,0.023264
taai2019,874,0.009077,0.023224
taai2019,875,0.013447,0.047882
taai2019,876,0.077924,0.069442
taai2019,877,0.007216,0.027862
taai2019,878,0.008301,0.024853
taai2019,879,0.008473,0.058700
taai2019,880,0.014405,0.052042
taai2019,881,0.007791,0.018927
taai2019,882,0.041282,0.029794
taai2019,883,0.007871,0.025501
taai2019,884,0.010020,0.118757
taai2019,885,0.086294,0.145200
taai2019,886,0.017215,0.044812
taai2019,887,0.007761,0.041702
taai2019,888,0.008135,0.021257
taai2019,889,0.014255,0.026989
taai2019,890,0.246616,0.708575
taai2019,891,0.010326,0.020841
taai2019,892,0.063320,0.067421
taai2019,893,0.030429,0.187824
taai2019,894,0.028931,0.023015
taai2019,895,0.019318,0.505228
taai2019,896,0.028678,0.075337
taai2019,897,0.079945,0.023656
taai2019,898,0.014627,0.112162
taai2019,899,0.008836,0.020860
taai2019,900,0.016060,0.029326
taai2019,901,0.007144,0.015588
taai2019,902,0.005974,0.196184
taai2019,903,0.015074,0.057659
taai2019,904,0.063107,0.085302
taai2019,905,0.005916,0.013919
taai2019,906,0.010779,0.032977
taai2019,907,0.046537,0.083213
taai2019,908,0.008402,0.030344
taai2019,909,0.007482,0.054576
taai2019,910,0.007524,0.020894
taai2019,911,0.012964,1.082964
taai2019,912,0.007449,0.019618
taai2019,913,0.441475,0.353564
taai2019,914,0.038806,2.133276
taai2019,915,0.009682,0.017721
taai2019,916,0.046906,0.075792
taai2019,917,0.010102,0.022106
taai2019,918,0.008794,0.018997
taai2019,919,0.012877,0.031757
taai2019,920,0.057109,0.062277
taai2019,921,0.008793,0.024416
taai2019,922,0.008780,0.014110
taai2019,923,0.061252,0.038284
taai2019,924,0.010820,0.286580
taai2019,925,0.062441,0.027570
taai2019,926,0.008955,0.094552
taai2019,927,0.015461,0.025901
taai2019,928,0.017208,0.193759
taai2019,929,0.024240,0.026450
taai2019,930,0.013522,0.037813
taai2019,931,0.016594,0.020624
taai2019,932,0.026867,0.063704
taai2019,933,0.041348,0.034383
taai2019,934,0.008896,0.039746
taai2019,935,0.007236,0.091216
taai2019,936,0.010760,0.023271
taai2019,937,0.279319,0.471045
taai2019,938,0.011799,2.932519
taai2019,939,0.007847,0.024217
taai2019,940,0.006675,0.160304
taai2019,941,0.009194,0.126086
taai2019,942,0.021158,0.037441
taai2019,943,0.014134,0.087010
taai2019,944,0.007778,0.030782
taai2019,945,0.019350,0.024013
taai2019,946,0.008132,0.017756
taai2019,947,0.006999,0.023888
taai2019,948,0.025908,0.063075
taai2019,949,0.006219,0.049094
taai2019,950,0.007328,0.034359
taai2019,951,0.008252,0.041003
taai2019,952,0.007869,0.020662
taai2019,953,0.012590,0.023329
taai2019,954,0.010495,0.036699
taai2019,955,0.007579,0.019998
taai2019,956,0.007372,0.049284
taai2019,957,0.008380,0.022539
taai2019,958,0.007852,0.023213
taai2019,959,0.013399,0.042437
taai2019,960,0.090205,0.080817
taai2019,961,0.008977,0.030303
taai2019,962,0.009946,0.062847
taai2019,963,0.006982,0.019830
taai2019,964,0.007257,0.028626
taai2019,965,0.010978,0.026541
taai2019,966,0.032450,0.042048
taai2019,967,0.008450,0.024985
taai2019,968,0.011574,0.042227
taai2019,969,0.006804,0.024822
taai2019,970,0.009075,0.037965
taai2019,971,0.006864,0.022895
taai2019,972,0.023686,0.371272
taai2019,973,0.006422,0.033251
taai2019,974,0.064773,0.022922
taai2019,975,0.009737,0.155116
taai2019,976,0.023603,0.029495
taai2019,977,0.185107,0.229101
taai2019,978,0.007831,0.017243
taai2019,979,0.078884,0.024866
taai2019,980,0.027352,0.032342
taai2019,981,0.015590,0.025810
taai2019,982,0.015967,0.029615
taai2019,983,0.017252,0.063788
taai2019,984,0.067057,0.035757
taai2019,985,0.024707,0.024881
taai2019,986,0.008431,0.023688
taai2019,987,0.008143,0.015719
taai2019,988,0.037225,0.839573
taai2019,989,0.010030,0.035147
taai2019,990,0.012354,0.039246
taai2019,991,0.006727,0.021879
taai2019,992,0.067290,0.024883
taai2019,993,0.006769,0.023504
taai2019,994,0.007138,0.022951
taai2019,995,0.005255,0.041192
taai2019,996,0.041639,0.047579
taai2019,997,0.012366,0.020967
taai2019,998,0.008273,0.061857
taai2019,999,0.007301,0.022900
taai2019,1000,0.006101,0.064594
taai2020,1,0.005215,0.001642
taai2020,2,0.003493,0.000361
taai2020,3,0.001329,0.000837
taai2020,4,0.001484,0.000601
taai2020,5,0.003849,0.005496
taai2020,6,0.001317,0.000416
taai2020,7,0.001512,0.001890
taai2020,8,0.001465,0.001338
taai2020,9,0.001667,0.001487
taai2020,10,0.001392,0.000698
taai2020,11,0.001353,0.000585
taai2020,12,0.001513,0.001101
taai2020,13,0.002031,0.001973
taai2020,14,0.001352,0.002395
taai2020,15,0.001293,0.000712
taai2020,16,0.001630,0.001059
taai2020,17,0.002543,0.003075
taai2020,18,0.001686,0.001320
taai2020,19,0.002015,0.003488
taai2020,20,0.001242,0.000323
taai2020,21,0.001386,0.001054
taai2020,22,0.001691,0.003114
taai2020,23,0.001528,0.000927
taai2020,24,0.001943,0.002093
taai2020,25,0.001483,0.000961
taai2020,26,0.001481,0.001276
taai2020,27,0.001288,0.000455
taai2020,28,0.001456,0.001212
taai2020,29,0.001270,0.000378
taai2020,30,0.001676,0.001431
taai2020,31,0.001329,0.002559
taai2020,32,0.001405,0.000976
taai2020,33,0.001666,0.002928
taai2020,34,0.001346,0.001046
taai2020,35,0.001780,0.002322
taai2020,36,0.001299,0.000485
taai2020,37,0.001773,0.001000
taai2020,38,0.001908,0.002152
taai2020,39,0.001704,0.001673
taai2020,40,0.002121,0.002027
taai2020,41,0.001982,0.001728
taai2020,42,0.001473,0.001054
taai2020,43,0.002038,0.002424
taai2020,44,0.001683,0.002737
taai2020,45,0.001511,0.000878
taai2020,46,0.001564,0.000827
taai2020,47,0.001643,0.002801
taai2020,48,0.001777,0.001106
taai2020,49,0.001671,0.001453
taai2020,50,0.002900,0.004832
taai2020,51,0.001864,0.001047
taai2020,52,0.001407,0.000985
taai2020,53,0.001909,0.001698
taai2020,54,0.002202,0.004174
taai2020,55,0.001707,0.000742
taai2020,56,0.001528,0.001339
taai2020,57,0.001826,0.001022
taai2020,58,0.001793,0.002039
taai2020,59,0.001512,0.000870
taai2020,60,0.001736,0.002019
taai2020,61,0.001785,0.002355
taai2020,62,0.001637,0.001191
taai2020,63,0.001605,0.001017
taai2020,64,0.002290,0.001839
taai2020,65,0.001530,0.001701
taai2020,66,0.001552,0.001002
taai2020,67,0.002231,0.002861
taai2020,68,0.001956,0.004505
taai2020,69,0.001664,0.002417
taai2020,70,0.001582,0.001684
taai2020,71,0.001438,0.001763
taai2020,72,0.001893,0.002770
taai2020,73,0.001568,0.001618
taai2020,74,0.001896,0.003691
taai2020,75,0.001799,0.001523
taai2020,76,0.002523,0.003810
taai2020,77,0.001390,0.000440
taai2020,78,0.001401,0.000767
taai2020,79,0.002202,0.003738
taai2020,80,0.002416,0.004130
taai2020,81,0.001521,0.002297
taai2020,82,0.002156,0.001606
taai2020,83,0.001287,0.000491
taai2020,84,0.002047,0.003524
taai2020,85,0.001487,0.002548
taai2020,86,0.001755,0.001034
taai2020,87,0.001835,0.001282
taai2020,88,0.001267,0.000410
taai2020,89,0.001800,0.003413
taai2020,90,0.001920,0.003847
taai2020,91,0.001627,0.001257
taai2020,92,0.002233,0.001791
taai2020,93,0.002363,0.003982
taai2020,94,0.001786,0.003783
taai2020,95,0.001893,0.004069
taai2020,96,0.001427,0.000467
taai2020,97,0.002288,0.002663
taai2020,98,0.001525,0.001880
taai2020,99,0.001904,0.001349
taai2020,100,0.001788,0.002049
taai2020,101,0.002023,0.002551
taai2020,102,0.001625,0.001051
taai2020,103,0.001305,0.002554
taai2020,104,0.001248,0.000277
taai2020,105,0.001830,0.001928
taai2020,106,0.002495,0.002526
taai2020,107,0.002457,0.005488
taai2020,108,0.001907,0.002747
taai2020,109,0.001289,0.000418
taai2020,110,0.002131,0.003180
taai2020,111,0.001458,0.000940
taai2020,112,0.001595,0.003039
taai2020,113,0.001325,0.000644
taai2020,114,0.001823,0.002356
taai2020,115,0.001710,0.001487
taai2020,116,0.002865,0.006609
taai2020,117,0.002409,0.001925
taai2020,118,0.002274,0.003189
taai2020,119,0.002088,0.001687
taai2020,120,0.001803,0.001126
taai2020,121,0.001888,0.002904
taai2020,122,0.001780,0.001916
taai2020,123,0.005677,0.012877
taai2020,124,0.002569,0.004546
taai2020,125,0.001903,0.002937
taai2020,126,0.001688,0.001627
taai2020,127,0.001756,0.003143
taai2020,128,0.004451,0.011025
taai2020,129,0.001856,0.002051
taai2020,130,0.001958,0.004359
taai2020,131,0.001830,0.003433
taai2020,132,0.002571,0.004182
taai2020,133,0.002004,0.004209
taai2020,134,0.002506,0.006728
taai2020,135,0.001674,0.001510
taai2020,136,0.002504,0.003100
taai2020,137,0.002078,0.001298
taai2020,138,0.003081,0.008767
taai2020,139,0.002550,0.004268
taai2020,140,0.003978,0.010194
taai2020,141,0.002612,0.003822
taai2020,142,0.003624,0.009924
taai2020,143,0.001829,0.003545
taai2020,144,0.001886,0.003435
taai2020,145,0.002105,0.005600
taai2020,146,0.001542,0.002036
taai2020,147,0.002354,0.003284
taai2020,148,0.001966,0.004012
taai2020,149,0.003572,0.007989
taai2020,150,0.002831,0.005760
taai2020,151,0.002146,0.001553
taai2020,152,0.003172,0.006225
taai2020,153,0.003099,0.006140
taai2020,154,0.002169,0.004749
taai2020,155,0.002423,0.003439
taai2020,156,0.002212,0.003414
taai2020,157,0.002436,0.004230
taai2020,158,0.002295,0.004730
taai2020,159,0.004034,0.007883
taai2020,160,0.002190,0.002475
taai2020,161,0.001485,0.001132
taai2020,162,0.001652,0.004418
taai2020,163,0.003355,0.007838
taai2020,164,0.002815,0.005079
taai2020,165,0.001851,0.001601
taai2020,166,0.002461,0.006263
taai2020,167,0.003252,0.007861
taai2020,168,0.002387,0.003204
taai2020,169,0.002340,0.004231
taai2020,170,0.002588,0.005287
taai2020,171,0.002464,0.005229
taai2020,172,0.002366,0.003735
taai2020,173,0.001786,0.001293
taai2020,174,0.002058,0.006098
taai2020,175,0.004149,0.008882
taai2020,176,0.002402,0.004238
taai2020,177,0.001959,0.001955
taai2020,178,0.001704,0.002262
taai2020,179,0.001822,0.002250
taai2020,180,0.002028,0.002248
taai2020,181,0.002122,0.002074
taai2020,182,0.003345,0.005729
taai2020,183,0.006356,0.036203
taai2020,184,0.002747,0.005237
taai2020,185,0.003153,0.008410
taai2020,186,0.002132,0.004464
taai2020,187,0.002263,0.003832
taai2020,188,0.002627,0.005141
taai2020,189,0.002085,0.003884
taai2020,190,0.002342,0.003185
taai2020,191,0.003612,0.006888
taai2020,192,0.003045,0.003837
taai2020,193,0.001687,0.003151
taai2020,194,0.002032,0.002014
taai2020,195,0.003020,0.004212
taai2020,196,0.002443,0.003579
taai2020,197,0.001425,0.001540
taai2020,198,0.002370,0.006616
taai2020,199,0.004580,0.017947
taai2020,200,0.005413,0.016680
taai2020,201,0.002570,0.005209
taai2020,202,0.001907,0.001393
taai2020,203,0.002656,0.005092
taai2020,204,0.001623,0.001633
taai2020,205,0.002385,0.006671
taai2020,206,0.004919,0.024915
taai2020,207,0.002894,0.008283
taai2020,208,0.002383,0.003735
taai2020,209,0.004006,0.007500
taai2020,210,0.003722,0.007913
taai2020,211,0.002806,0.008430
taai2020,212,0.002664,0.004855
taai2020,213,0.002303,0.003175
taai2020,214,0.002321,0.002932
taai2020,215,0.002503,0.005204
taai2020,216,0.002610,0.005749
taai2020,217,0.002050,0.003096
taai2020,218,0.003593,0.012268
taai2020,219,0.002281,0.002887
taai2020,220,0.002770,0.005265
taai2020,221,0.002208,0.003565
taai2020,222,0.003151,0.006613
taai2020,223,0.002702,0.002439
taai2020,224,0.003622,0.008546
taai2020,225,0.003590,0.008088
taai2020,226,0.002939,0.007508
taai2020,227,0.002730,0.005897
taai2020,228,0.002336,0.004651
taai2020,229,0.004220,0.014785
taai2020,230,0.002257,0.002726
taai2020,231,0.003598,0.008308
taai2020,232,0.004215,0.008354
taai2020,233,0.004134,0.007319
taai2020,234,0.002226,0.004647
taai2020,235,0.004580,0.011881
taai2020,236,0.007438,0.024167
taai2020,237,0.003177,0.005914
taai2020,238,0.001960,0.002556
taai2020,239,0.002874,0.007041
taai2020,240,0.002350,0.005768
taai2020,241,0.007013,0.015156
taai2020,242,0.002316,0.003462
taai2020,243,0.004647,0.008892
taai2020,244,0.004073,0.010439
taai2020,245,0.002523,0.002668
taai2020,246,0.003069,0.007945
taai2020,247,0.003441,0.006471
taai2020,248,0.002297,0.003680
taai2020,249,0.005164,0.016449
taai2020,250,0.019728,0.070270
taai2020,251,0.005709,0.013604
taai2020,252,0.003303,0.008031
taai2020,253,0.002500,0.006083
taai2020,254,0.004287,0.008410
taai2020,255,0.003793,0.011927
taai2020,256,0.003838,0.008290
taai2020,257,0.014520,0.019731
taai2020,258,0.002688,0.004786
taai2020,259,0.001949,0.004342
taai2020,260,0.002487,0.006233
taai2020,261,0.002789,0.006256
taai2020,262,0.003926,0.007791
taai2020,263,0.003683,0.008497
taai2020,264,0.002757,0.005614
taai2020,265,0.010215,0.026579
taai2020,266,0.002375,0.004842
taai2020,267,0.003067,0.009021
taai2020,268,0.001911,0.003514
taai2020,269,0.004064,0.008179
taai2020,270,0.002233,0.002997
taai2020,271,0.005228,0.009949
taai2020,272,0.005561,0.007899
taai2020,273,0.006865,0.022113
taai2020,274,0.004926,0.010826
taai2020,275,0.006879,0.014895
taai2020,276,0.053236,0.162773
taai2020,277,0.008579,0.008349
taai2020,278,0.004134,0.012214
taai2020,279,0.004288,0.008066
taai2020,280,0.019015,0.041052
taai2020,281,0.006180,0.020016
taai2020,282,0.005157,0.012890
taai2020,283,0.002713,0.007266
taai2020,284,0.008212,0.025488
taai2020,285,0.002075,0.003056
taai2020,286,0.016320,0.016023
taai2020,287,0.004888,0.013220
taai2020,288,0.027149,0.093827
taai2020,289,0.008149,0.024823
taai2020,290,0.004030,0.011082
taai2020,291,0.014049,0.012712
taai2020,292,0.002967,0.007322
taai2020,293,0.008352,0.029027
taai2020,294,0.005632,0.010905
taai2020,295,0.022966,0.046092
taai2020,296,0.005726,0.015373
taai2020,297,0.005910,0.042246
taai2020,298,0.020153,0.021837
taai2020,299,0.006743,0.015868
taai2020,300,0.003737,0.009281
taai2020,301,0.003215,0.005941
taai2020,302,0.005125,0.011769
taai2020,303,0.003356,0.016436
taai2020,304,0.004897,0.012774
taai2020,305,0.005814,0.015248
taai2020,306,1.034118,2.652298
taai2020,307,0.006277,0.010929
taai2020,308,0.006223,0.013330
taai2020,309,0.002785,0.008072
taai2020,310,0.004033,0.038141
taai2020,311,0.005595,0.017720
taai2020,312,0.008224,0.008912
taai2020,313,0.010184,0.019537
taai2020,314,0.005073,0.015142
taai2020,315,0.005874,0.017429
taai2020,316,0.005811,0.015071
taai2020,317,0.004964,0.012571
taai2020,318,0.039465,0.043400
taai2020,319,0.053267,0.113180
taai2020,320,0.005519,0.021247
taai2020,321,0.003459,0.011309
taai2020,322,0.009428,0.052680
taai2020,323,0.004253,0.017666
taai2020,324,0.011080,0.014793
taai2020,325,0.003946,0.008113
taai2020,326,0.006911,0.015627
taai2020,327,0.009172,0.030580
taai2020,328,0.011027,0.022175
taai2020,329,0.006832,0.020658
taai2020,330,0.011851,0.016562
taai2020,331,0.007601,0.013223
taai2020,332,0.004168,0.008830
taai2020,333,0.003859,0.010986
taai2020,334,0.010215,0.027572
taai2020,335,0.006394,0.049542
taai2020,336,0.010499,0.012401
taai2020,337,0.004723,0.014002
taai2020,338,0.006511,0.018145
taai2020,339,0.077646,0.276732
taai2020,340,0.005619,0.010675
taai2020,341,0.012417,0.025425
taai2020,342,0.009695,0.027838
taai2020,343,0.014616,0.025806
taai2020,344,0.009480,0.041853
taai2020,345,0.004911,0.011370
taai2020,346,0.005362,0.008906
taai2020,347,0.004547,0.011783
taai2020,348,0.005951,0.077602
taai2020,349,0.104626,0.157834
taai2020,350,0.004539,0.009281
taai2020,351,0.006273,0.026318
taai2020,352,0.002798,0.006291
taai2020,353,0.004835,0.011871
taai2020,354,0.022250,0.043987
taai2020,355,0.008287,0.017459
taai2020,356,0.006739,0.010326
taai2020,357,0.008093,0.019962
taai2020,358,0.030306,0.137816
taai2020,359,0.002954,0.005207
taai2020,360,0.010393,0.011840
taai2020,361,0.010742,0.011573
taai2020,362,0.006022,0.011605
taai2020,363,0.005195,0.021201
taai2020,364,0.010200,0.027506
taai2020,365,0.004792,0.039356
taai2020,366,0.005637,0.063230
taai2020,367,0.009325,0.020649
taai2020,368,0.579539,0.517301
taai2020,369,0.004246,0.008784
taai2020,370,0.016363,0.021140
taai2020,371,0.007716,0.028226
taai2020,372,0.006688,0.113136
taai2020,373,0.008069,0.151559
taai2020,374,0.003866,0.016676
taai2020,375,0.019978,0.013931
taai2020,376,0.011090,0.014870
taai2020,377,0.065059,0.098469
taai2020,378,0.050928,0.174275
taai2020,379,0.004509,0.043709
taai2020,380,0.728303,0.385243
taai2020,381,0.028690,0.065804
taai2020,382,0.105814,0.055045
taai2020,383,0.028409,0.022388
taai2020,384,0.005836,0.025929
taai2020,385,0.006052,0.013872
taai2020,386,0.025282,0.067990
taai2020,387,0.008123,0.029568
taai2020,388,0.005713,0.015109
taai2020,389,0.005024,0.015161
taai2020,390,0.010381,0.953372
taai2020,391,0.016217,0.022137
taai2020,392,0.033548,0.474086
taai2020,393,0.021135,0.068170
taai2020,394,0.006854,0.011047
taai2020,395,0.005410,0.014081
taai2020,396,0.011072,0.309121
taai2020,397,0.004458,0.010000
taai2020,398,0.007370,0.077170
taai2020,399,0.065431,0.075725
taai2020,400,0.013646,0.047285
taai2020,401,0.006325,0.013348
taai2020,402,0.088486,0.087110
taai2020,403,2.352276,1.585530
taai2020,404,0.014656,0.045494
taai2020,405,0.009352,0.035953
taai2020,406,0.041008,0.073022
taai2020,407,0.007191,0.037864
taai2020,408,0.085257,0.725267
taai2020,409,0.004590,0.009716
taai2020,410,0.007462,0.051616
taai2020,411,0.006334,0.072961
taai2020,412,0.023540,0.030459
taai2020,413,0.013336,0.012177
taai2020,414,0.020558,0.049630
taai2020,415,0.142165,0.176353
taai2020,416,0.109427,0.159769
taai2020,417,0.014597,0.021702
taai2020,418,0.006052,0.008780
taai2020,419,0.040963,0.027186
taai2020,420,0.009486,0.023053
taai2020,421,0.007804,0.040832
taai2020,422,0.004831,0.012466
taai2020,423,1.315854,0.682515
taai2020,424,0.009074,0.044779
taai2020,425,0.081626,0.142619
taai2020,426,0.007658,0.016414
taai2020,427,0.012217,0.041552
taai2020,428,0.023743,0.022687
taai2020,429,0.011673,0.088565
taai2020,430,0.258173,1.161428
taai2020,431,0.008211,0.027951
taai2020,432,0.072425,0.028926
taai2020,433,0.028240,0.069038
taai2020,434,0.022416,0.134355
taai2020,435,0.007802,0.016989
taai2020,436,0.005305,0.013896
taai2020,437,1.688457,1.698712
taai2020,438,0.004439,0.009320
taai2020,439,0.010742,0.016689
taai2020,440,0.054741,0.987731
taai2020,441,0.012857,0.020016
taai2020,442,0.008409,0.016244
taai2020,443,0.009987,0.047027
taai2020,444,0.152362,4.255633
taai2020,445,0.019273,0.186941
taai2020,446,0.052217,0.017565
taai2020,447,0.010584,0.070017
taai2020,448,0.007472,0.016442
taai2020,449,0.114558,0.093266
taai2020,450,0.028845,0.095979
taai2020,451,0.021804,0.063420
taai2020,452,0.018433,0.042064
taai2020,453,0.013348,0.022630
taai2020,454,0.007217,0.012358
taai2020,455,0.023622,0.051387
taai2020,456,0.016985,0.137939
taai2020,457,0.042071,0.032293
taai2020,458,0.120926,0.040300
taai2020,459,0.011095,0.170641
taai2020,460,0.038239,0.301456
taai2020,461,0.011797,0.034323
taai2020,462,0.109721,0.053963
taai2020,463,0.030933,0.075985
taai2020,464,0.023857,0.062882
taai2020,465,2.455569,2.573299
taai2020,466,0.072605,0.245974
taai2020,467,0.012853,0.027398
taai2020,468,0.028058,0.012575
taai2020,469,0.116304,0.101502
taai2020,470,0.067332,0.050948
taai2020,471,0.010518,0.137997
taai2020,472,0.005866,0.058257
taai2020,473,0.125264,0.410935
taai2020,474,0.012782,0.043521
taai2020,475,0.018250,0.063223
taai2020,476,0.016695,0.032964
taai2020,477,0.496641,1.021154
taai2020,478,0.009710,0.021560
taai2020,479,9.725918,156.281516
taai2020,480,0.974979,1.535679
taai2020,481,0.029297,0.125708
taai2020,482,0.009497,0.423391
taai2020,483,0.046572,0.063520
taai2020,484,0.020826,0.071568
taai2020,485,0.059215,0.393957
taai2020,486,0.126518,0.176626
taai2020,487,0.006936,0.028698
taai2020,488,0.021695,0.063949
taai2020,489,0.018496,0.512960
taai2020,490,0.005915,0.028283
taai2020,491,0.005467,0.011010
taai2020,492,0.005055,0.035208
taai2020,493,0.006011,0.016989
taai2020,494,0.010639,0.055099
taai2020,495,0.026575,0.078202
taai2020,496,0.011423,0.176002
taai2020,497,0.014066,0.022693
taai2020,498,0.047441,0.078159
taai2020,499,0.222750,0.757703
taai2020,500,0.040157,0.746234
taai2020,501,0.030729,0.043000
taai2020,502,0.007235,0.020943
taai2020,503,0.109935,0.249027
taai2020,504,0.026858,2.204628
taai2020,505,0.011986,0.033649
taai2020,506,0.213554,1.117416
taai2020,507,0.005211,0.014926
taai2020,508,0.004426,0.015882
taai2020,509,0.023439,0.044299
taai2020,510,0.010750,0.020995
taai2020,511,0.005863,0.014799
taai2020,512,0.007798,0.050652
taai2020,513,0.008186,0.014861
taai2020,514,0.030315,0.094829
taai2020,515,0.011443,0.167650
taai2020,516,0.130134,0.295970
taai2020,517,0.182550,0.243486
taai2020,518,0.081390,0.047073
taai2020,519,0.016768,0.072274
taai2020,520,0.009682,0.051231
taai2020,521,0.027003,8.065843
taai2020,522,0.011137,0.326626
taai2020,523,0.047286,0.476844
taai2020,524,0.049950,0.023545
taai2020,525,0.075561,0.041089
taai2020,526,0.020693,0.037891
taai2020,527,0.316005,0.390250
taai2020,528,0.009867,0.024156
taai2020,529,0.009717,0.040191
taai2020,530,2.367354,3.361983
taai2020,531,0.018653,0.021815
taai2020,532,1.615442,35.300499
taai2020,533,0.590916,0.787016
taai2020,534,0.029681,0.110976
taai2020,535,0.052833,0.111498
taai2020,536,0.679459,0.449262
taai2020,537,0.074340,0.046780
taai2020,538,0.155040,0.221519
taai2020,539,1.097095,6.015571
taai2020,540,0.285527,5.322707
taai2020,541,0.007625,0.015781
taai2020,542,0.009066,0.032717
taai2020,543,0.036267,0.091072
taai2020,544,0.023557,0.050933
taai2020,545,0.010409,0.023168
taai2020,546,0.115561,0.128077
taai2020,547,0.090167,0.140245
taai2020,548,0.337381,1.709449
taai2020,549,0.160328,0.215250
taai2020,550,0.019865,0.033338
taai2020,551,0.031165,0.020378
taai2020,552,0.273933,0.552296
taai2020,553,0.139508,0.184161
taai2020,554,0.334920,0.388049
taai2020,555,0.027693,0.036620
taai2020,556,0.012582,0.071969
taai2020,557,0.163973,0.200008
taai2020,558,0.005986,0.025603
taai2020,559,0.011372,0.025236
taai2020,560,3.301808,4.080641
taai2020,561,0.043151,0.069523
taai2020,562,0.490126,0.360702
taai2020,563,0.008753,0.030473
taai2020,564,0.114924,0.183210
taai2020,565,0.013539,0.154319
taai2020,566,0.006345,0.014753
taai2020,567,0.265942,0.523261
taai2020,568,1.309340,4.690216
taai2020,569,0.315874,0.296662
taai2020,570,0.210385,0.202629
taai2020,571,0.630994,9.300894
taai2020,572,0.006944,0.018102
taai2020,573,3.746250,431.738302
taai2020,574,1.466118,19.967829
taai2020,575,0.008321,0.023168
taai2020,576,0.023675,0.097567
taai2020,577,0.009093,0.087258
taai2020,578,3.008900,5.642834
taai2020,579,0.305142,0.064630
taai2020,580,0.081919,0.105216
taai2020,581,0.036971,0.269255
taai2020,582,0.115146,0.102069
taai2020,583,0.045334,0.139512
taai2020,584,0.012686,0.102980
taai2020,585,0.141030,0.181634
taai2020,586,0.384073,0.576083
taai2020,587,0.006962,0.038292
taai2020,588,0.082854,0.028139
taai2020,589,0.031534,0.031851
taai2020,590,0.097775,2.586290
taai2020,591,0.032323,0.108703
taai2020,592,0.007495,0.012828
taai2020,593,0.073340,0.055808
taai2020,594,0.339934,1.098901
taai2020,595,0.057543,0.112011
taai2020,596,0.118776,0.093717
taai2020,597,0.037212,0.048365
taai2020,598,1.769165,2219.504987
taai2020,599,0.009316,0.030165
taai2020,600,1.657838,0.557594
taai2020,601,0.120040,0.067780
taai2020,602,0.121078,0.200626
taai2020,603,0.010903,0.027790
taai2020,604,0.018910,0.087343
taai2020,605,3.432244,3.323165
taai2020,606,0.006913,0.023044
taai2020,607,0.027305,0.041574
taai2020,608,0.025755,0.025552
taai2020,609,0.009062,0.113870
taai2020,610,0.009531,0.119011
taai2020,611,0.015060,0.158184
taai2020,612,0.168206,0.086590
taai2020,613,1.748548,0.997232
taai2020,614,0.119836,0.153838
taai2020,615,0.008088,0.047132
taai2020,616,0.087201,0.061186
taai2020,617,1.881044,0.588722
taai2020,618,0.037523,1.173698
taai2020,619,0.062303,0.022175
taai2020,620,3.626589,3.045183
taai2020,621,0.024802,0.021136
taai2020,622,0.006521,0.020350
taai2020,623,0.147483,0.100687
taai2020,624,5.665515,469.523832
taai2020,625,0.472269,0.907460
taai2020,626,0.070880,0.215619
taai2020,627,0.007009,0.032939
taai2020,628,0.216157,0.288343
taai2020,629,0.060335,0.166657
taai2020,630,2.275355,0.856312
taai2020,631,0.038089,0.018548
taai2020,632,0.005582,0.020470
taai2020,633,2.852116,1.740331
taai2020,634,0.012451,0.246047
taai2020,635,0.163349,0.422122
taai2020,636,0.037286,0.016983
taai2020,637,0.095661,0.066836
taai2020,638,0.110651,0.067702
taai2020,639,0.046166,0.027127
taai2020,640,0.010994,0.458461
taai2020,641,1.009649,9.610213
taai2020,642,0.070042,0.029638
taai2020,643,0.390550,2.147362
taai2020,644,0.248032,0.533274
taai2020,645,0.208651,0.857075
taai2020,646,0.007393,0.040480
taai2020,647,0.017573,0.025917
taai2020,648,0.158865,2.340453
taai2020,649,1.842372,0.143768
taai2020,650,0.240793,0.383764
taai2020,651,0.014255,0.025783
taai2020,652,1.236994,5.432457
taai2020,653,0.007631,0.023084
taai2020,654,0.115501,0.119583
taai2020,655,0.039139,0.328116
taai2020,656,0.021602,0.071118
taai2020,657,0.007972,0.022929
taai2020,658,0.032165,0.266041
taai2020,659,2.735716,19.391160
taai2020,660,0.015232,0.018707
taai2020,661,0.034233,0.037956
taai2020,662,2.618471,19.620117
taai2020,663,0.065489,12.503951
taai2020,664,0.060699,0.082016
taai2020,665,0.008593,0.301476
taai2020,666,0.017733,0.021216
taai2020,667,0.010348,0.019532
taai2020,668,0.088389,0.142201
taai2020,669,0.085564,0.041111
taai2020,670,0.088770,1.667726
taai2020,671,0.410672,2.835594
taai2020,672,1.033603,23.899351
taai2020,673,0.270833,0.216943
taai2020,674,0.013203,0.276736
taai2020,675,0.038608,0.073884
taai2020,676,0.035069,0.170219
taai2020,677,0.087484,0.109137
taai2020,678,0.144163,0.200715
taai2020,679,1.745491,0.144058
taai2020,680,0.039204,0.137511
taai2020,681,1.815837,2.278950
taai2020,682,0.098368,0.140648
taai2020,683,0.015023,1.946890
taai2020,684,0.206136,1.335198
taai2020,685,0.038505,0.033424
taai2020,686,0.008222,0.026643
taai2020,687,0.013280,0.062480
taai2020,688,0.014685,0.032788
taai2020,689,0.088960,0.081631
taai2020,690,0.007367,0.338916
taai2020,691,0.056223,0.658756
taai2020,692,0.007591,0.029185
taai2020,693,0.011420,0.036432
taai2020,694,0.078852,0.107551
taai2020,695,0.138996,0.122357
taai2020,696,0.006740,0.049470
taai2020,697,0.459898,4.425891
taai2020,698,0.070275,0.042022
taai2020,699,0.474274,0.364834
taai2020,700,0.063396,0.039846
taai2020,701,0.018646,0.069232
taai2020,702,0.069508,0.059591
taai2020,703,0.008874,0.045905
taai2020,704,0.006288,0.290665
taai2020,705,0.128982,0.585573
taai2020,706,0.008103,0.016885
taai2020,707,0.007742,0.021144
taai2020,708,0.016215,0.026753
taai2020,709,0.229874,5.350083
taai2020,710,0.265840,0.237252
taai2020,711,0.029473,0.346482
taai2020,712,0.011112,0.011945
taai2020,713,0.118103,0.107089
taai2020,714,0.013249,0.031221
taai2020,715,0.593143,0.506560
taai2020,716,0.016994,0.022728
taai2020,717,0.007310,0.086660
taai2020,718,0.006337,0.021504
taai2020,719,0.074238,0.021298
taai2020,720,0.480496,1.656560
taai2020,721,0.006729,0.641552
taai2020,722,0.006187,0.248729
taai2020,723,0.005707,0.022030
taai2020,724,0.121139,0.041605
taai2020,725,0.021553,0.369140
taai2020,726,0.746323,1.225048
taai2020,727,0.205132,0.617470
taai2020,728,0.276309,1.246151
taai2020,729,0.010504,0.037856
taai2020,730,0.158831,0.168039
taai2020,731,0.011385,0.187167
taai2020,732,1.524814,18.179339
taai2020,733,0.379876,0.660980
taai2020,734,0.226907,0.408948
taai2020,735,0.268097,3.023439
taai2020,736,0.107004,0.055494
taai2020,737,0.012776,0.024735
taai2020,738,0.354053,290.186101
taai2020,739,0.101573,0.055138
taai2020,740,0.028417,0.106764
taai2020,741,0.082513,0.025770
taai2020,742,0.320879,0.051206
taai2020,743,0.015483,0.024545
taai2020,744,0.013818,0.041235
taai2020,745,0.033159,0.026045
taai2020,746,0.017338,0.743104
taai2020,747,0.075398,0.749847
taai2020,748,0.014557,0.025330
taai2020,749,0.080245,0.195525
taai2020,750,0.030941,0.047528
taai2020,751,0.006868,6.309017
taai2020,752,0.007222,0.025862
taai2020,753,0.012481,0.040691
taai2020,754,0.012510,0.842911
taai2020,755,0.008138,0.037912
taai2020,756,0.019023,2.510575
taai2020,757,0.116134,0.282352
taai2020,758,0.012457,0.033378
taai2020,759,0.014434,0.027478
taai2020,760,0.878224,0.047132
taai2020,761,0.010291,0.144120
taai2020,762,0.053404,0.114286
taai2020,763,0.276825,3.160415
taai2020,764,0.008018,0.020281
taai2020,765,0.079885,0.020910
taai2020,766,0.065766,0.021679
taai2020,767,0.008472,0.035789
taai2020,768,0.006062,0.063293
taai2020,769,0.035697,0.117792
taai2020,770,0.025277,0.034369
taai2020,771,0.007819,0.021933
taai2020,772,0.008742,0.025145
taai2020,773,0.010307,0.093558
taai2020,774,0.064456,0.046968
taai2020,775,0.006279,0.017432
taai2020,776,0.080037,0.021143
taai2020,777,0.013426,0.023369
taai2020,778,0.084054,0.027392
taai2020,779,0.048854,0.016691
taai2020,780,0.046548,0.029612
taai2020,781,0.071867,0.024332
taai2020,782,0.390338,0.638330
taai2020,783,0.028979,0.223386
taai2020,784,0.048177,0.124218
taai2020,785,0.065914,0.022802
taai2020,786,0.025881,0.025705
taai2020,787,0.137945,0.642044
taai2020,788,0.097435,0.039796
taai2020,789,0.015740,0.159604
taai2020,790,0.360907,4.137825
taai2020,791,0.013182,0.904417
taai2020,792,0.007122,0.020187
taai2020,793,0.052026,0.069055
taai2020,794,0.040183,0.207263
taai2020,795,0.013331,1.391883
taai2020,796,0.006748,35.175469
taai2020,797,0.011891,12.484270
taai2020,798,0.076596,0.033262
taai2020,799,0.005565,1.750423
taai2020,800,0.267906,1.200195
taai2020,801,0.065890,0.021643
taai2020,802,0.074045,0.078313
taai2020,803,0.007664,0.026680
taai2020,804,0.009921,0.629513
taai2020,805,0.008074,0.119024
taai2020,806,0.006002,0.169680
taai2020,807,0.102160,0.050975
taai2020,808,0.036341,0.487621
taai2020,809,0.051105,0.021003
taai2020,810,0.008362,0.021936
taai2020,811,0.007885,0.051866
taai2020,812,0.009756,0.054446
taai2020,813,0.022361,0.470534
taai2020,814,0.011826,0.084112
taai2020,815,0.111727,0.147727
taai2020,816,0.071425,0.069866
taai2020,817,0.008894,0.163329
taai2020,818,0.043071,0.029086
taai2020,819,0.006921,0.072605
taai2020,820,0.021081,0.031964
taai2020,821,0.051829,0.022105
taai2020,822,0.631295,0.176403
taai2020,823,0.022363,0.035618
taai2020,824,0.013890,0.292671
taai2020,825,0.143635,60.846734
taai2020,826,0.010067,0.027644
taai2020,827,0.006567,0.089735
taai2020,828,0.006730,0.018966
taai2020,829,0.009247,0.143273
taai2020,830,0.078419,0.176255
taai2020,831,0.014462,0.241664
taai2020,832,0.043319,0.690950
taai2020,833,0.068500,0.072544
taai2020,834,0.013908,0.039446
taai2020,835,0.049007,0.025445
taai2020,836,2.454964,0.378991
taai2020,837,0.061587,0.165095
taai2020,838,0.067081,0.032267
taai2020,839,0.062733,0.045625
taai2020,840,0.041190,0.148938
taai2020,841,0.011249,0.465340
taai2020,842,0.237560,4.163611
taai2020,843,0.091737,0.151016
taai2020,844,0.028076,0.145693
taai2020,845,0.201578,31.330032
taai2020,846,0.030927,0.037889
taai2020,847,0.008291,0.023403
taai2020,848,0.009484,0.072334
taai2020,849,0.015806,0.053055
taai2020,850,0.060435,0.029541
taai2020,851,0.008571,0.019063
taai2020,852,0.007103,0.023910
taai2020,853,0.009975,0.049505
taai2020,854,0.007391,0.102963
taai2020,855,0.028145,0.080914
taai2020,856,0.008193,0.031170
taai2020,857,0.012644,0.025966
taai2020,858,0.008781,0.084726
taai2020,859,0.008168,0.138700
taai2020,860,0.009015,0.021236
taai2020,861,0.007110,0.044675
taai2020,862,0.012167,0.039255
taai2020,863,0.684815,0.443546
taai2020,864,0.287895,0.593032
taai2020,865,0.007885,0.028266
taai2020,866,0.080155,0.022239
taai2020,867,0.005304,0.021028
taai2020,868,0.008195,0.030831
taai2020,869,0.052754,8.135859
taai2020,870,0.010170,0.030879
taai2020,871,0.030232,0.023195
taai2020,872,0.009911,0.047238
taai2020,873,0.006964,0.033693
taai2020,874,0.014858,0.020774
taai2020,875,0.088855,0.041216
taai2020,876,0.012037,0.053563
taai2020,877,0.009022,0.020175
taai2020,878,0.007568,0.021580
taai2020,879,0.014492,0.023962
taai2020,880,0.008274,0.034376
taai2020,881,0.038521,0.022096
taai2020,882,0.013495,0.029021
taai2020,883,0.026710,0.021549
taai2020,884,0.046505,0.019084
taai2020,885,0.010555,0.051110
taai2020,886,0.008143,0.030038
taai2020,887,0.067845,0.020420
taai2020,888,0.035766,0.064485
taai2020,889,0.032917,0.194321
taai2020,890,0.008656,0.037666
taai2020,891,0.053860,0.025868
taai2020,892,0.025894,0.020775
taai2020,893,0.006141,0.022817
taai2020,894,0.032571,0.038478
taai2020,895,0.011370,0.022632
taai2020,896,0.093381,0.168172
taai2020,897,0.014038,0.385045
taai2020,898,0.078464,0.022653
taai2020,899,0.014410,0.080688
taai2020,900,0.084447,0.051899
taai2020,901,0.006999,0.041769
taai2020,902,0.007589,0.024294
taai2020,903,0.083241,0.775888
taai2020,904,0.036037,0.029645
taai2020,905,0.024781,0.027447
taai2020,906,0.033349,0.034860
taai2020,907,0.010394,0.065990
taai2020,908,0.009899,0.031757
taai2020,909,0.005664,0.092857
taai2020,910,0.128485,4.066758
taai2020,911,0.047890,0.024252
taai2020,912,0.037715,0.022098
taai2020,913,0.007540,0.028244
taai2020,914,0.011371,0.016344
taai2020,915,0.007584,0.023850
taai2020,916,0.109259,0.072645
taai2020,917,0.008167,0.043294
taai2020,918,0.023628,0.025927
taai2020,919,0.406270,2.067099
taai2020,920,0.011635,0.081547
taai2020,921,0.009329,0.018955
taai2020,922,0.096141,0.023070
taai2020,923,0.012049,0.019998
taai2020,924,0.007072,0.022075
taai2020,925,0.034672,0.021925
taai2020,926,0.029402,0.103200
taai2020,927,0.009244,0.493717
taai2020,928,0.025992,0.026831
taai2020,929,0.044990,0.024311
taai2020,930,0.079570,0.328123
taai2020,931,0.032505,0.122415
taai2020,932,0.007734,0.265673
taai2020,933,0.014761,0.019561
taai2020,934,0.008455,0.073293
taai2020,935,0.007276,0.022607
taai2020,936,0.008747,0.022257
taai2020,937,0.010013,0.022094
taai2020,938,0.007637,0.022629
taai2020,939,0.014269,0.853637
taai2020,940,0.010996,0.070717
taai2020,941,0.009561,0.045728
taai2020,942,0.008881,0.023313
taai2020,943,0.035447,0.046072
taai2020,944,0.015236,0.195303
taai2020,945,0.008617,0.071042
taai2020,946,0.025795,0.020551
taai2020,947,0.045042,0.092115
taai2020,948,0.011005,0.121515
taai2020,949,0.066813,0.040404
taai2020,950,0.013717,0.037413
taai2020,951,0.008562,0.045810
taai2020,952,0.046347,0.025923
taai2020,953,0.029680,0.364959
taai2020,954,0.399180,0.090472
taai2020,955,0.013494,0.019691
taai2020,956,0.074545,0.024797
taai2020,957,0.020573,0.041240
taai2020,958,0.036873,0.025297
taai2020,959,0.009278,0.028540
taai2020,960,0.097033,0.133748
taai2020,961,0.008184,0.026010
taai2020,962,0.006569,0.040820
taai2020,963,0.239900,0.068691
taai2020,964,0.044338,0.243123
taai2020,965,0.018423,2.439861
taai2020,966,0.015622,0.026689
taai2020,967,0.010892,0.032120
taai2020,968,0.052655,0.025122
taai2020,969,0.652190,1.829596
taai2020,970,0.010578,0.037471
taai2020,971,0.239969,1.604688
taai2020,972,0.008671,0.038688
taai2020,973,0.008204,0.157483
taai2020,974,0.085552,0.032385
taai2020,975,0.098103,0.046305
taai2020,976,0.007957,0.042772
taai2020,977,0.006930,0.023057
taai2020,978,0.082444,0.029731
taai2020,979,0.007376,0.022224
taai2020,980,0.012456,0.034035
taai2020,981,0.009117,0.020378
taai2020,982,0.015908,0.030997
taai2020,983,0.007055,0.024847
taai2020,984,0.007271,0.054190
taai2020,985,0.014482,0.029859
taai2020,986,0.064201,0.020125
taai2020,987,0.014159,0.052980
taai2020,988,0.010272,0.055714
taai2020,989,0.018604,0.060166
taai2020,990,0.054489,0.036336
taai2020,991,0.008563,0.047796
taai2020,992,0.010489,0.022371
taai2020,993,0.007079,0.455796
taai2020,994,0.017504,0.480546
taai2020,995,0.008005,0.020763
taai2020,996,0.054195,0.021948
taai2020,997,0.011173,0.023047
taai2020,998,0.007038,0.024391
taai2020,999,0.022493,0.036910
taai2020,1000,0.035345,0.337236
taai2021,1,0.005703,0.001997
taai2021,2,0.003686,0.000350
taai2021,3,0.001321,0.000373
taai2021,4,0.002120,0.003022
taai2021,5,0.001485,0.002517
taai2021,6,0.001725,0.002015
taai2021,7,0.001493,0.001169
taai2021,8,0.002074,0.005286
taai2021,9,0.001510,0.002463
taai2021,10,0.001695,0.002553
taai2021,11,0.001562,0.001114
taai2021,12,0.001402,0.000721
taai2021,13,0.001331,0.000424
taai2021,14,0.001491,0.001880
taai2021,15,0.001631,0.002988
taai2021,16,0.001722,0.001524
taai2021,17,0.001369,0.000814
taai2021,18,0.001606,0.001554
taai2021,19,0.001351,0.000543
taai2021,20,0.001662,0.001328
taai2021,21,0.002325,0.003165
taai2021,22,0.001575,0.001383
taai2021,23,0.001456,0.000688
taai2021,24,0.001420,0.000976
taai2021,25,0.001357,0.000505
taai2021,26,0.001740,0.001626
taai2021,27,0.002146,0.003995
taai2021,28,0.001639,0.004010
taai2021,29,0.002000,0.002288
taai2021,30,0.001389,0.000898
taai2021,31,0.001437,0.001240
taai2021,32,0.001514,0.000986
taai2021,33,0.002108,0.001444
taai2021,34,0.001919,0.001163
taai2021,35,0.002289,0.004658
taai2021,36,0.001551,0.002326
taai2021,37,0.002364,0.006158
taai2021,38,0.001833,0.002083
taai2021,39,0.001528,0.002964
taai2021,40,0.001566,0.002098
taai2021,41,0.002127,0.003287
taai2021,42,0.001490,0.001029
taai2021,43,0.001953,0.001640
taai2021,44,0.001320,0.001639
taai2021,45,0.001789,0.001739
taai2021,46,0.001270,0.000893
taai2021,47,0.001251,0.000388
taai2021,48,0.001372,0.000946
taai2021,49,0.001612,0.001814
taai2021,50,0.001802,0.003791
taai2021,51,0.001313,0.001568
taai2021,52,0.001911,0.002900
taai2021,53,0.001468,0.003340
taai2021,54,0.003124,0.004416
taai2021,55,0.001409,0.000567
taai2021,56,0.001902,0.004166
taai2021,57,0.001422,0.001304
taai2021,58,0.001628,0.001922
taai2021,59,0.002055,0.001324
taai2021,60,0.001713,0.001450
taai2021,61,0.002238,0.003011
taai2021,62,0.001668,0.003061
taai2021,63,0.001631,0.001738
taai2021,64,0.001767,0.000996
taai2021,65,0.002403,0.004807
taai2021,66,0.001343,0.000596
taai2021,67,0.001983,0.002297
taai2021,68,0.001664,0.002365
taai2021,69,0.001879,0.001198
taai2021,70,0.002058,0.002810
taai2021,71,0.002448,0.003596
taai2021,72,0.002360,0.004920
taai2021,73,0.001275,0.000311
taai2021,74,0.001439,0.002480
taai2021,75,0.001371,0.000718
taai2021,76,0.001549,0.001000
taai2021,77,0.002229,0.002727
taai2021,78,0.001609,0.003175
taai2021,79,0.001332,0.000609
taai2021,80,0.002057,0.003431
taai2021,81,0.002303,0.002834
taai2021,82,0.001890,0.002147
taai2021,83,0.001620,0.004490
taai2021,84,0.001748,0.002619
taai2021,85,0.001995,0.002355
taai2021,86,0.001895,0.001049
taai2021,87,0.002225,0.004507
taai2021,88,0.001585,0.001852
taai2021,89,0.001762,0.001719
taai2021,90,0.001656,0.002513
taai2021,91,0.001672,0.003362
taai2021,92,0.001797,0.001560
taai2021,93,0.002008,0.001627
taai2021,94,0.002061,0.003017
taai2021,95,0.001493,0.000907
taai2021,96,0.002603,0.004946
taai2021,97,0.001771,0.002228
taai2021,98,0.002083,0.004343
taai2021,99,0.001388,0.000605
taai2021,100,0.001503,0.001055
taai2021,101,0.001689,0.002347
taai2021,102,0.002131,0.004835
taai2021,103,0.001806,0.002516
taai2021,104,0.001788,0.002216
taai2021,105,0.001543,0.002296
taai2021,106,0.003087,0.006577
taai2021,107,0.001540,0.002716
taai2021,108,0.001775,0.001934
taai2021,109,0.001919,0.001982
taai2021,110,0.002040,0.003078
taai2021,111,0.002335,0.003854
taai2021,112,0.001994,0.001627
taai2021,113,0.001881,0.003178
taai2021,114,0.002176,0.003212
taai2021,115,0.001588,0.002594
taai2021,116,0.002481,0.003570
taai2021,117,0.001633,0.001501
taai2021,118,0.001829,0.001820
taai2021,119,0.002918,0.003840
taai2021,120,0.002116,0.005706
taai2021,121,0.003887,0.011991
taai2021,122,0.001626,0.000987
taai2021,123,0.002597,0.003567
taai2021,124,0.004519,0.008068
taai2021,125,0.001721,0.001783
taai2021,126,0.002076,0.001695
taai2021,127,0.002341,0.004841
taai2021,128,0.002401,0.003053
taai2021,129,0.001656,0.003122
taai2021,130,0.002186,0.003346
taai2021,131,0.002688,0.006733
taai2021,132,0.002049,0.003626
taai2021,133,0.001882,0.003271
taai2021,134,0.001756,0.001557
taai2021,135,0.001990,0.002401
taai2021,136,0.003784,0.008369
taai2021,137,0.002047,0.002317
taai2021,138,0.001750,0.003523
taai2021,139,0.002119,0.001793
taai2021,140,0.003074,0.006651
taai2021,141,0.002382,0.003734
taai2021,142,0.001753,0.001096
taai2021,143,0.001923,0.002613
taai2021,144,0.001921,0.002892
taai2021,145,0.001896,0.001704
taai2021,146,0.001669,0.002448
taai2021,147,0.001876,0.001352
taai2021,148,0.001616,0.000974
taai2021,149,0.002754,0.007711
taai2021,150,0.001512,0.000717
taai2021,151,0.001418,0.000657
taai2021,152,0.001826,0.001654
taai2021,153,0.001804,0.003532
taai2021,154,0.003406,0.008399
taai2021,155,0.001831,0.003843
taai2021,156,0.002764,0.007266
taai2021,157,0.001673,0.002562
taai2021,158,0.003293,0.007332
taai2021,159,0.002549,0.003330
taai2021,160,0.005698,0.013628
taai2021,161,0.002938,0.005163
taai2021,162,0.001824,0.003355
taai2021,163,0.002611,0.005521
taai2021,164,0.002732,0.007528
taai2021,165,0.002594,0.003711
taai2021,166,0.001727,0.003708
taai2021,167,0.002789,0.006190
taai2021,168,0.003415,0.007355
taai2021,169,0.002396,0.003928
taai2021,170,0.007679,0.030845
taai2021,171,0.004074,0.008142
taai2021,172,0.001612,0.002860
taai2021,173,0.001650,0.001166
taai2021,174,0.002207,0.006205
taai2021,175,0.003420,0.006016
taai2021,176,0.001932,0.002388
taai2021,177,0.001773,0.002578
taai2021,178,0.001774,0.003171
taai2021,179,0.011672,0.017382
taai2021,180,0.001806,0.002704
taai2021,181,0.002643,0.003864
taai2021,182,0.001945,0.001217
taai2021,183,0.009185,0.015227
taai2021,184,0.005712,0.014081
taai2021,185,0.002862,0.005976
taai2021,186,0.003442,0.005038
taai2021,187,0.002035,0.001615
taai2021,188,0.003622,0.009709
taai2021,189,0.002226,0.005239
taai2021,190,0.004743,0.010433
taai2021,191,0.003344,0.008049
taai2021,192,0.002830,0.003606
taai2021,193,0.001711,0.002648
taai2021,194,0.001469,0.001040
taai2021,195,0.002191,0.003120
taai2021,196,0.004721,0.012168
taai2021,197,0.003087,0.005916
taai2021,198,0.003474,0.006860
taai2021,199,0.001882,0.001771
taai2021,200,0.001491,0.000714
taai2021,201,0.002673,0.007741
taai2021,202,0.006388,0.021288
taai2021,203,0.002070,0.006934
taai2021,204,0.001864,0.003615
taai2021,205,0.004052,0.007576
taai2021,206,0.002568,0.005109
taai2021,207,0.002356,0.006562
taai2021,208,0.005728,0.015212
taai2021,209,0.004262,0.012078
taai2021,210,0.004029,0.022643
taai2021,211,0.002333,0.003332
taai2021,212,0.003182,0.004770
taai2021,213,0.001889,0.004969
taai2021,214,0.002909,0.006527
taai2021,215,0.002417,0.004237
taai2021,216,0.003060,0.007175
taai2021,217,0.002626,0.004064
taai2021,218,0.003204,0.006269
taai2021,219,0.003513,0.006198
taai2021,220,0.001361,0.000494
taai2021,221,0.004380,0.009215
taai2021,222,0.002447,0.004249
taai2021,223,0.003451,0.010889
taai2021,224,0.001785,0.002534
taai2021,225,0.007402,0.019329
taai2021,226,0.006032,0.069817
taai2021,227,0.002654,0.004758
taai2021,228,0.004231,0.011606
taai2021,229,0.002564,0.007387
taai2021,230,0.002081,0.005632
taai2021,231,0.087202,0.029473
taai2021,232,0.002544,0.003019
taai2021,233,0.003858,0.010031
taai2021,234,0.011387,0.017655
taai2021,235,0.001851,0.002439
taai2021,236,0.002099,0.002953
taai2021,237,0.007399,0.020843
taai2021,238,0.003442,0.009348
taai2021,239,0.002645,0.005093
taai2021,240,0.002632,0.007915
taai2021,241,0.003196,0.007896
taai2021,242,0.002776,0.006570
taai2021,243,0.004142,0.009676
taai2021,244,0.004615,0.013569
taai2021,245,0.002955,0.009160
taai2021,246,0.007236,0.017640
taai2021,247,0.002314,0.006094
taai2021,248,0.003669,0.006629
taai2021,249,0.018751,0.027839
taai2021,250,0.003918,0.007558
taai2021,251,0.005334,0.015888
taai2021,252,0.003922,0.011248
taai2021,253,0.004102,0.012236
taai2021,254,0.002691,0.006961
taai2021,255,0.004641,0.013575
taai2021,256,0.005350,0.015620
taai2021,257,0.004353,0.012375
taai2021,258,0.003044,0.005619
taai2021,259,0.008791,0.013618
taai2021,260,0.003263,0.009400
taai2021,261,0.002298,0.003763
taai2021,262,0.004596,0.011630
taai2021,263,0.004296,0.011824
taai2021,264,0.005593,0.028490
taai2021,265,0.002735,0.005488
taai2021,266,0.002611,0.005496
taai2021,267,0.004685,0.009541
taai2021,268,0.002679,0.004195
taai2021,269,0.003979,0.009600
taai2021,270,0.003420,0.006643
taai2021,271,0.002321,0.004270
taai2021,272,0.004718,0.060030
taai2021,273,0.004433,0.014027
taai2021,274,0.006353,0.016660
taai2021,275,0.005708,0.014012
taai2021,276,0.003856,0.014544
taai2021,277,0.003058,0.008195
taai2021,278,0.002440,0.007720
taai2021,279,0.005438,0.020393
taai2021,280,0.003333,0.008208
taai2021,281,0.002707,0.006669
taai2021,282,0.005674,0.018774
taai2021,283,0.003744,0.005442
taai2021,284,0.002363,0.004288
taai2021,285,0.008793,0.028461
taai2021,286,0.015040,0.014579
taai2021,287,0.002189,0.006812
taai2021,288,0.004068,0.008970
taai2021,289,0.005910,0.015435
taai2021,290,0.003393,0.009916
taai2021,291,0.002675,0.004926
taai2021,292,0.004872,0.016313
taai2021,293,0.002216,0.003783
taai2021,294,0.006266,0.015759
taai2021,295,0.004772,0.015470
taai2021,296,0.002337,0.006867
taai2021,297,0.006381,0.025206
taai2021,298,0.002259,0.004749
taai2021,299,0.002229,0.003182
taai2021,300,0.008950,0.024162
taai2021,301,0.004748,0.009505
taai2021,302,0.003190,0.006485
taai2021,303,0.003124,0.007602
taai2021,304,0.003837,0.015628
taai2021,305,0.002743,0.004919
taai2021,306,0.004561,0.031634
taai2021,307,0.008243,0.016605
taai2021,308,0.005469,0.015964
taai2021,309,0.002565,0.007230
taai2021,310,0.023362,0.015892
taai2021,311,0.037560,0.025833
taai2021,312,0.008144,0.015805
taai2021,313,0.010346,0.049112
taai2021,314,0.010552,0.029970
taai2021,315,0.004140,0.010859
taai2021,316,0.003313,0.008064
taai2021,317,0.003474,0.007761
taai2021,318,0.006002,0.012491
taai2021,319,0.006431,0.017249
taai2021,320,0.011743,0.027788
taai2021,321,0.013283,0.036414
taai2021,322,0.005828,0.017254
taai2021,323,0.003728,0.009777
taai2021,324,0.006859,0.014962
taai2021,325,0.005627,0.021618
taai2021,326,0.004521,0.007537
taai2021,327,0.002626,0.005303
taai2021,328,0.004651,0.023070
taai2021,329,0.010386,0.046708
taai2021,330,0.014700,0.017546
taai2021,331,0.005643,0.015785
taai2021,332,0.004391,0.010322
taai2021,333,0.005092,0.020772
taai2021,334,0.005987,0.026025
taai2021,335,0.007756,0.009562
taai2021,336,0.004390,0.012048
taai2021,337,0.003510,0.009091
taai2021,338,0.012912,0.016352
taai2021,339,0.004081,0.006142
taai2021,340,0.009929,0.047874
taai2021,341,0.015895,0.044194
taai2021,342,0.005098,0.015356
taai2021,343,0.003236,0.008531
taai2021,344,0.030027,0.021460
taai2021,345,0.037276,0.037721
taai2021,346,0.003428,0.006370
taai2021,347,0.004182,0.006769
taai2021,348,0.016529,0.035432
taai2021,349,1.181217,1.208029
taai2021,350,0.004210,0.007005
taai2021,351,0.006957,0.011707
taai2021,352,0.007470,0.020545
taai2021,353,0.030411,0.082747
taai2021,354,0.009908,0.017202
taai2021,355,0.003754,0.005135
taai2021,356,0.004851,0.013646
taai2021,357,0.004219,0.010655
taai2021,358,0.005045,0.008826
taai2021,359,0.002920,0.005438
taai2021,360,0.012083,0.026227
taai2021,361,0.692295,0.124518
taai2021,362,0.006016,0.019683
taai2021,363,0.011860,0.020252
taai2021,364,0.003926,0.011984
taai2021,365,0.008506,0.021354
taai2021,366,0.269675,0.310999
taai2021,367,0.004767,0.014199
taai2021,368,0.007180,0.011847
taai2021,369,0.008740,0.021005
taai2021,370,0.023676,0.057341
taai2021,371,0.069323,0.026153
taai2021,372,0.006444,0.018413
taai2021,373,0.005442,0.024252
taai2021,374,0.003433,0.007635
taai2021,375,0.004343,0.012409
taai2021,376,0.003204,0.008376
taai2021,377,0.009355,0.100778
taai2021,378,0.009428,0.040453
taai2021,379,0.019095,0.064427
taai2021,380,0.004474,0.014507
taai2021,381,0.002660,0.003511
taai2021,382,0.006438,0.016186
taai2021,383,0.011493,0.179669
taai2021,384,0.013850,0.040560
taai2021,385,0.011599,0.027824
taai2021,386,0.014328,0.039426
taai2021,387,0.121190,0.162916
taai2021,388,0.005385,0.018326
taai2021,389,0.004026,0.014151
taai2021,390,0.015734,0.054576
taai2021,391,0.634508,1.096133
taai2021,392,0.003837,0.007914
taai2021,393,0.018046,0.025350
taai2021,394,0.004745,0.013799
taai2021,395,0.008158,0.037833
taai2021,396,0.110004,0.096803
taai2021,397,0.029831,0.115195
taai2021,398,0.130199,0.225915
taai2021,399,0.047228,0.026104
taai2021,400,0.006783,0.013810
taai2021,401,0.007244,0.024268
taai2021,402,0.012094,0.027542
taai2021,403,0.052214,0.322547
taai2021,404,0.020332,0.018620
taai2021,405,0.013189,0.012017
taai2021,406,0.083054,0.080599
taai2021,407,0.062414,0.866898
taai2021,408,0.112636,0.120665
taai2021,409,0.004344,0.009063
taai2021,410,0.032011,0.536206
taai2021,411,0.012735,0.041348
taai2021,412,1.088435,3.418460
taai2021,413,0.009417,0.051222
taai2021,414,0.035991,0.014063
taai2021,415,0.048782,0.131543
taai2021,416,0.012386,0.046730
taai2021,417,0.007693,0.046556
taai2021,418,0.017237,0.048589
taai2021,419,0.016786,0.025827
taai2021,420,0.440166,0.484994
taai2021,421,0.009682,0.044123
taai2021,422,0.024334,0.034668
taai2021,423,0.002794,0.005597
taai2021,424,0.178348,0.306957
taai2021,425,1.622823,1.043806
taai2021,426,0.037447,0.079765
taai2021,427,0.060440,0.149446
taai2021,428,0.007674,0.137116
taai2021,429,1.193805,0.648875
taai2021,430,0.098548,0.050303
taai2021,431,0.720984,6.953857
taai2021,432,0.019359,3.083589
taai2021,433,0.007938,0.047457
taai2021,434,0.010365,0.066317
taai2021,435,0.059044,0.123931
taai2021,436,0.023105,0.026888
taai2021,437,0.586645,1.599121
taai2021,438,0.032276,0.028368
taai2021,439,0.009680,0.027842
taai2021,440,0.011622,0.015945
taai2021,441,0.008523,0.045231
taai2021,442,0.077764,0.106445
taai2021,443,1.295892,4.145603
taai2021,444,0.007817,0.016412
taai2021,445,0.007357,0.018258
taai2021,446,0.010616,0.018957
taai2021,447,0.168889,0.110916
taai2021,448,0.011887,0.019062
taai2021,449,0.003504,0.008880
taai2021,450,0.006817,0.059279
taai2021,451,0.016216,0.036416
taai2021,452,0.435164,1.786079
taai2021,453,0.011929,0.032057
taai2021,454,0.095653,0.207668
taai2021,455,0.010939,0.107092
taai2021,456,0.205467,0.586747
taai2021,457,0.060729,0.078962
taai2021,458,0.030462,0.019580
taai2021,459,0.079539,0.153614
taai2021,460,0.013562,0.391070
taai2021,461,0.015557,0.022616
taai2021,462,0.022105,0.092627
taai2021,463,0.045471,0.103831
taai2021,464,0.020728,0.016929
taai2021,465,0.020410,0.042177
taai2021,466,0.015345,0.023640
taai2021,467,0.028941,0.089412
taai2021,468,0.295431,0.263080
taai2021,469,0.020418,0.053289
taai2021,470,0.007597,0.050752
taai2021,471,0.006215,0.013411
taai2021,472,0.104097,0.046312
taai2021,473,0.005985,0.022312
taai2021,474,0.006531,0.013582
taai2021,475,0.013311,0.125763
taai2021,476,0.017900,0.330255
taai2021,477,0.083178,0.029877
taai2021,478,0.038062,0.029689
taai2021,479,0.013205,0.097873
taai2021,480,0.040294,0.028213
taai2021,481,0.004528,0.018209
taai2021,482,0.021902,0.038200
taai2021,483,0.010747,0.024218
taai2021,484,0.024654,0.062820
taai2021,485,0.007924,0.021416
taai2021,486,0.007048,0.041970
taai2021,487,0.456070,1.104189
taai2021,488,0.034402,0.020833
taai2021,489,0.044490,0.235236
taai2021,490,0.115034,0.250752
taai2021,491,0.194467,0.445760
taai2021,492,1.675326,6.177703
taai2021,493,0.727672,1.801243
taai2021,494,0.047248,0.112931
taai2021,495,0.010852,0.023609
taai2021,496,0.012575,0.754649
taai2021,497,0.215971,0.350496
taai2021,498,0.033582,0.025731
taai2021,499,3.714881,52.407256
taai2021,500,0.111099,0.109255
taai2021,501,0.397194,3.353445
taai2021,502,0.018185,0.022902
taai2021,503,3.337608,30.070754
taai2021,504,0.004887,0.013207
taai2021,505,0.005438,0.013794
taai2021,506,0.044798,0.192986
taai2021,507,0.011529,0.753808
taai2021,508,0.005670,0.020177
taai2021,509,0.125338,0.161617
taai2021,510,0.005277,0.023501
taai2021,511,0.201105,0.701568
taai2021,512,0.402084,0.539854
taai2021,513,0.265459,1.156707
taai2021,514,0.028170,0.203157
taai2021,515,0.008318,0.019067
taai2021,516,0.010974,0.025379
taai2021,517,0.013343,0.030232
taai2021,518,0.003710,0.069613
taai2021,519,3.511979,2.139940
taai2021,520,0.350277,1.725851
taai2021,521,0.005660,0.016795
taai2021,522,0.042533,0.022841
taai2021,523,0.009138,0.017094
taai2021,524,0.017979,0.073977
taai2021,525,0.030880,0.081401
taai2021,526,0.012199,0.019798
taai2021,527,0.012183,0.024781
taai2021,528,0.016801,0.526377
taai2021,529,0.005099,0.012802
taai2021,530,1.277840,0.627340
taai2021,531,0.041861,0.203381
taai2021,532,0.044617,0.140700
taai2021,533,0.093496,1.317061
taai2021,534,0.308250,0.565042
taai2021,535,0.036513,0.027778
taai2021,536,0.018089,0.085046
taai2021,537,0.007837,0.022341
taai2021,538,0.096579,0.081455
taai2021,539,0.109263,0.104321
taai2021,540,0.008933,0.068066
taai2021,541,0.105676,0.093014
taai2021,542,0.007787,0.020189
taai2021,543,0.053736,0.684915
taai2021,544,0.022027,0.254552
taai2021,545,0.114476,0.131606
taai2021,546,0.036163,0.078970
taai2021,547,0.009445,0.022135
taai2021,548,3.652572,0.487976
taai2021,549,0.017894,0.087465
taai2021,550,0.036115,0.201402
taai2021,551,0.045852,0.367908
taai2021,552,0.011763,0.094233
taai2021,553,0.190767,0.593079
taai2021,554,0.009499,0.027031
taai2021,555,0.017300,0.051741
taai2021,556,0.011690,0.163353
taai2021,557,0.014091,0.289441
taai2021,558,0.015319,0.070334
taai2021,559,0.014969,0.835580
taai2021,560,0.008457,0.023871
taai2021,561,0.007063,0.177442
taai2021,562,0.009650,0.033488
taai2021,563,0.028852,0.221467
taai2021,564,0.122497,0.158009
taai2021,565,0.019348,0.031975
taai2021,566,0.261548,1.284504
taai2021,567,1.256372,27.765957
taai2021,568,0.014482,0.038973
taai2021,569,0.651426,0.847427
taai2021,570,0.205372,0.578301
taai2021,571,0.035302,0.021172
taai2021,572,0.153819,0.195939
taai2021,573,4.884857,19.819253
taai2021,574,0.059196,0.102744
taai2021,575,0.646150,2.984582
taai2021,576,0.009161,0.059977
taai2021,577,0.017276,0.228069
taai2021,578,1.256929,0.353806
taai2021,579,0.010043,0.091945
taai2021,580,0.076460,11.395308
taai2021,581,0.009721,0.025521
taai2021,582,0.344754,0.815780
taai2021,583,0.028489,0.040879
taai2021,584,0.011009,0.052598
taai2021,585,0.006199,0.021192
taai2021,586,0.010095,0.193060
taai2021,587,0.049747,0.172733
taai2021,588,0.095017,0.019562
taai2021,589,0.100349,0.108878
taai2021,590,0.113664,0.138095
taai2021,591,0.020558,0.069039
taai2021,592,0.014936,0.024814
taai2021,593,0.081211,0.133927
taai2021,594,0.049309,0.053348
taai2021,595,0.077042,0.043945
taai2021,596,3.669734,2.603934
taai2021,597,0.065084,0.042370
taai2021,598,0.059255,0.835637
taai2021,599,0.012972,0.055869
taai2021,600,0.458653,0.453305
taai2021,601,0.006069,0.019419
taai2021,602,0.314047,0.591668
taai2021,603,4.339360,9.266198
taai2021,604,0.012954,0.022353
taai2021,605,0.035401,0.103296
taai2021,606,0.080097,0.060636
taai2021,607,0.010020,0.335377
taai2021,608,0.017646,0.031987
taai2021,609,0.050246,0.028385
taai2021,610,0.007334,0.042427
taai2021,611,2.386942,2.159121
taai2021,612,0.076614,3.956392
taai2021,613,0.016099,0.152906
taai2021,614,0.064470,0.022131
taai2021,615,0.008944,0.111094
taai2021,616,0.026577,0.096924
taai2021,617,0.010483,0.049057
taai2021,618,3.740171,5.055125
taai2021,619,0.029891,0.618071
taai2021,620,0.136026,2.438223
taai2021,621,0.007228,0.018896
taai2021,622,2.764456,3.524431
taai2021,623,0.041836,8.157317
taai2021,624,1.797517,1.423056
taai2021,625,0.008879,0.022257
taai2021,626,0.114006,0.120380
taai2021,627,0.096891,0.103990
taai2021,628,0.035836,0.041872
taai2021,629,0.069809,0.807780
taai2021,630,1.770681,2.312246
taai2021,631,0.012168,0.060796
taai2021,632,0.020601,0.121394
taai2021,633,0.034598,0.700588
taai2021,634,0.242778,2.325072
taai2021,635,0.262202,2.794002
taai2021,636,0.089289,0.022787
taai2021,637,0.191705,19.885418
taai2021,638,0.365909,0.158902
taai2021,639,0.010971,0.289016
taai2021,640,4.805168,6.701467
taai2021,641,8.653558,101.119250
taai2021,642,1.315960,0.294344
taai2021,643,1.307442,20.638779
taai2021,644,0.103608,0.071666
taai2021,645,0.025760,0.118000
taai2021,646,0.012008,0.036067
taai2021,647,0.082920,0.021543
taai2021,648,0.009868,0.032066
taai2021,649,0.183801,0.477863
taai2021,650,0.020417,0.028388
taai2021,651,0.013493,0.032327
taai2021,652,0.089190,0.079109
taai2021,653,3.737903,7.262969
taai2021,654,0.589921,0.648283
taai2021,655,0.014861,0.665008
taai2021,656,0.008832,0.012093
taai2021,657,0.325863,0.278433
taai2021,658,0.032405,0.099681
taai2021,659,1.911491,32.588197
taai2021,660,0.009827,0.292850
taai2021,661,0.022215,0.023814
taai2021,662,0.094064,0.080410
taai2021,663,0.010787,0.022624
taai2021,664,0.018118,0.047508
taai2021,665,0.008848,0.019676
taai2021,666,0.018169,0.017704
taai2021,667,0.008722,0.044789
taai2021,668,0.037483,0.026398
taai2021,669,0.060101,0.454344
taai2021,670,0.091537,0.166882
taai2021,671,0.230754,0.036018
taai2021,672,0.057773,1.742617
taai2021,673,0.067935,5.099519
taai2021,674,0.011504,0.036459
taai2021,675,0.006761,0.082520
taai2021,676,1.531323,2.040628
taai2021,677,3.724620,30.674240
taai2021,678,0.048259,0.608835
taai2021,679,0.122035,0.342971
taai2021,680,0.011084,0.038492
taai2021,681,0.007502,0.016752
taai2021,682,0.147064,0.590642
taai2021,683,0.261323,0.558973
taai2021,684,0.488174,2.462992
taai2021,685,5.371775,11.229978
taai2021,686,0.009343,0.040852
taai2021,687,0.096839,0.031718
taai2021,688,0.093413,0.021992
taai2021,689,0.028147,0.029901
taai2021,690,0.034810,17.815941
taai2021,691,0.009367,0.024572
taai2021,692,1.073314,2.626519
taai2021,693,0.121267,417.357647
taai2021,694,0.174893,0.116924
taai2021,695,0.147572,0.041885
taai2021,696,0.011211,0.025332
taai2021,697,0.012922,0.045724
taai2021,698,0.006715,0.062454
taai2021,699,0.039156,0.051197
taai2021,700,0.144523,0.825535
taai2021,701,0.031346,0.027288
taai2021,702,0.020247,0.109512
taai2021,703,0.020147,0.027972
taai2021,704,0.014433,0.060295
taai2021,705,0.071679,0.082793
taai2021,706,0.024730,0.402440
taai2021,707,0.010280,0.137881
taai2021,708,0.314629,0.680113
taai2021,709,0.044405,0.044282
taai2021,710,0.070255,0.039279
taai2021,711,0.015620,0.022948
taai2021,712,0.006731,0.035612
taai2021,713,0.020807,7.386896
taai2021,714,1.394461,0.961048
taai2021,715,0.440162,1.013050
taai2021,716,0.038848,0.265657
taai2021,717,0.004309,0.025388
taai2021,718,0.008141,0.189886
taai2021,719,0.082860,0.017676
taai2021,720,0.183635,0.081369
taai2021,721,0.014436,0.025923
taai2021,722,0.057613,0.037916
taai2021,723,0.024139,0.087639
taai2021,724,3.708462,0.698571
taai2021,725,0.027323,0.037085
taai2021,726,0.008399,0.036326
taai2021,727,0.090934,0.080419
taai2021,728,0.010562,0.017394
taai2021,729,0.010057,0.064358
taai2021,730,0.025380,0.028889
taai2021,731,0.006435,0.017611
taai2021,732,0.010780,0.068392
taai2021,733,0.072725,0.054045
taai2021,734,0.246607,0.936761
taai2021,735,0.247363,3.678228
taai2021,736,0.017964,2.325486
taai2021,737,0.024419,0.040731
taai2021,738,0.009795,0.029131
taai2021,739,0.015973,0.023171
taai2021,740,0.020342,0.030019
taai2021,741,0.012819,0.029954
taai2021,742,0.009231,0.030858
taai2021,743,0.012452,0.027065
taai2021,744,0.137960,0.237495
taai2021,745,0.031154,0.311702
taai2021,746,0.182490,0.163514
taai2021,747,0.073784,0.040706
taai2021,748,0.054929,0.023243
taai2021,749,0.125287,0.057122
taai2021,750,0.006666,0.066016
taai2021,751,0.036927,0.387457
taai2021,752,0.011634,0.050306
taai2021,753,1.334536,2.784816
taai2021,754,0.019863,0.262340
taai2021,755,0.015000,0.342261
taai2021,756,0.123793,0.144092
taai2021,757,0.007429,0.023945
taai2021,758,0.390691,0.048084
taai2021,759,0.564842,7.649245
taai2021,760,0.014578,0.433939
taai2021,761,0.126961,0.191677
taai2021,762,0.081614,0.290829
taai2021,763,0.021048,0.061779
taai2021,764,0.282459,0.191895
taai2021,765,0.007041,0.021548
taai2021,766,0.017375,0.266120
taai2021,767,0.529253,0.564220
taai2021,768,0.058725,0.322667
taai2021,769,0.019960,0.022455
taai2021,770,0.007748,0.112285
taai2021,771,0.007829,0.033237
taai2021,772,0.008725,0.040172
taai2021,773,0.007726,0.108861
taai2021,774,0.006255,0.028884
taai2021,775,0.024433,1.247326
taai2021,776,0.058776,0.045345
taai2021,777,1.210510,16.579105
taai2021,778,0.082048,0.029968
taai2021,779,0.022747,0.028384
taai2021,780,0.010988,0.077389
taai2021,781,0.013022,0.022574
taai2021,782,0.049758,0.057055
taai2021,783,0.015708,0.063789
taai2021,784,0.007302,0.027000
taai2021,785,0.009402,0.024489
taai2021,786,0.012074,0.256954
taai2021,787,0.007842,0.091693
taai2021,788,0.377845,0.715695
taai2021,789,0.009278,0.022286
taai2021,790,0.070249,0.026070
taai2021,791,0.016408,0.030209
taai2021,792,0.068073,0.038751
taai2021,793,1.202760,66.000186
taai2021,794,0.017678,0.107896
taai2021,795,0.019524,10.729278
taai2021,796,0.013008,0.032523
taai2021,797,0.087803,0.057298
taai2021,798,0.119226,0.118049
taai2021,799,0.013501,0.046619
taai2021,800,0.370600,1.597994
taai2021,801,0.016515,0.021990
taai2021,802,0.395103,0.617232
taai2021,803,0.012762,0.041275
taai2021,804,0.094316,0.042490
taai2021,805,0.159732,0.165777
taai2021,806,0.027272,0.053435
taai2021,807,0.054542,0.059004
taai2021,808,0.006942,0.021458
taai2021,809,0.027753,0.064786
taai2021,810,0.150373,0.440707
taai2021,811,0.008680,0.025333
taai2021,812,0.007438,0.046212
taai2021,813,0.009576,0.023779
taai2021,814,0.093583,0.027284
taai2021,815,0.019166,0.822027
taai2021,816,0.533259,9.447185
taai2021,817,0.008674,0.028326
taai2021,818,0.006398,0.024793
taai2021,819,0.060862,0.027033
taai2021,820,0.014440,0.033334
taai2021,821,0.076126,0.033691
taai2021,822,0.007186,0.043284
taai2021,823,0.023207,0.067947
taai2021,824,1.356877,0.907577
taai2021,825,0.286478,0.443026
taai2021,826,0.029053,0.031586
taai2021,827,0.009835,0.057147
taai2021,828,0.007207,0.075704
taai2021,829,0.015729,0.025897
taai2021,830,0.017057,0.024353
taai2021,831,0.420314,0.037155
taai2021,832,0.039117,0.018412
taai2021,833,0.031045,0.479496
taai2021,834,0.009204,0.024938
taai2021,835,0.013288,1.127767
taai2021,836,0.079857,0.049238
taai2021,837,0.022383,0.025082
taai2021,838,0.008239,0.069101
taai2021,839,0.009565,0.023677
taai2021,840,0.007666,0.029048
taai2021,841,0.011595,0.022165
taai2021,842,0.007357,0.030436
taai2021,843,0.264413,2.840278
taai2021,844,0.006433,0.040063
taai2021,845,0.022570,0.016481
taai2021,846,0.013690,0.191678
taai2021,847,0.013243,0.026600
taai2021,848,0.040945,0.895098
taai2021,849,0.008621,0.027304
taai2021,850,0.009711,0.065910
taai2021,851,0.040053,0.020290
taai2021,852,0.023573,0.026074
taai2021,853,0.008887,1.113405
taai2021,854,0.051095,0.028408
taai2021,855,0.032905,0.301016
taai2021,856,0.009342,0.039635
taai2021,857,0.013782,0.015562
taai2021,858,0.070701,0.058501
taai2021,859,0.016276,0.039127
taai2021,860,0.007840,0.031836
taai2021,861,0.026974,0.122469
taai2021,862,0.093851,0.074505
taai2021,863,0.012086,0.023620
taai2021,864,0.037819,0.025282
taai2021,865,0.009645,0.023328
taai2021,866,0.056524,0.044921
taai2021,867,0.009491,0.267423
taai2021,868,1.230431,1.008026
taai2021,869,0.060279,0.022026
taai2021,870,0.010013,0.025843
taai2021,871,0.007728,0.103891
taai2021,872,0.010866,0.020737
taai2021,873,0.054960,0.026668
taai2021,874,0.144234,1.593199
taai2021,875,0.010984,0.193792
taai2021,876,0.007589,0.024061
taai2021,877,0.009007,0.024960
taai2021,878,0.075097,0.019984
taai2021,879,0.011876,0.136418
taai2021,880,0.064851,0.021859
taai2021,881,0.032675,0.083799
taai2021,882,0.012085,0.022719
taai2021,883,0.135357,0.191353
taai2021,884,0.006746,0.021004
taai2021,885,0.014935,0.073201
taai2021,886,0.096855,0.081165
taai2021,887,0.009671,0.029589
taai2021,888,0.024987,0.021002
taai2021,889,0.174954,0.246876
taai2021,890,0.007825,0.026511
taai2021,891,0.028525,0.014699
taai2021,892,0.013722,0.029346
taai2021,893,0.006854,0.029753
taai2021,894,0.412656,0.120205
taai2021,895,0.006705,0.066845
taai2021,896,0.089662,0.127587
taai2021,897,0.009150,0.030951
taai2021,898,0.013960,0.034968
taai2021,899,0.063266,0.302482
taai2021,900,0.168404,1.037250
taai2021,901,0.087935,0.046378
taai2021,902,0.025432,0.407481
taai2021,903,0.010796,0.039333
taai2021,904,0.008802,0.044655
taai2021,905,0.007624,0.108062
taai2021,906,0.011086,0.019033
taai2021,907,0.015766,0.053384
taai2021,908,0.009154,0.021681
taai2021,909,0.008005,0.025535
taai2021,910,0.009429,0.032441
taai2021,911,0.024980,1.928345
taai2021,912,0.049193,0.028917
taai2021,913,0.035585,0.036168
taai2021,914,0.007516,0.032786
taai2021,915,0.007313,0.379868
taai2021,916,0.009931,0.022091
taai2021,917,0.006347,0.021459
taai2021,918,0.008882,0.026580
taai2021,919,0.007664,0.022966
taai2021,920,0.008529,0.025478
taai2021,921,0.068750,0.029252
taai2021,922,0.014396,0.023077
taai2021,923,0.013952,0.035356
taai2021,924,0.011567,0.399227
taai2021,925,0.007391,2.533552
taai2021,926,0.017599,0.042402
taai2021,927,0.046794,0.027172
taai2021,928,0.009694,0.033712
taai2021,929,0.088845,0.044147
taai2021,930,0.019660,0.024615
taai2021,931,0.055550,0.063993
taai2021,932,0.013444,0.027103
taai2021,933,0.006622,0.023281
taai2021,934,0.011335,0.031605
taai2021,935,0.055063,0.136323
taai2021,936,0.008179,0.038644
taai2021,937,0.039755,0.276020
taai2021,938,0.100402,0.057183
taai2021,939,0.011109,0.059750
taai2021,940,0.014910,0.022864
taai2021,941,0.006797,0.012336
taai2021,942,0.058039,0.022433
taai2021,943,0.009583,0.020606
taai2021,944,0.013661,0.287245
taai2021,945,0.008400,0.021709
taai2021,946,0.012321,0.027053
taai2021,947,0.009175,0.051955
taai2021,948,0.049415,0.035270
taai2021,949,0.012962,0.068670
taai2021,950,0.010182,0.022128
taai2021,951,0.007883,0.035452
taai2021,952,0.017811,0.019439
taai2021,953,0.011288,0.041186
taai2021,954,0.008255,0.167528
taai2021,955,0.006382,0.020314
taai2021,956,0.008240,0.027425
taai2021,957,0.021558,0.030188
taai2021,958,0.008345,0.102877
taai2021,959,0.008334,0.022031
taai2021,960,0.057259,0.039356
taai2021,961,0.050657,0.031691
taai2021,962,0.014601,0.032794
taai2021,963,0.008802,0.124547
taai2021,964,0.011644,0.162776
taai2021,965,0.007298,0.148025
taai2021,966,0.009284,0.055035
taai2021,967,0.010210,0.028440
taai2021,968,0.050737,0.106162
taai2021,969,0.011605,0.023161
taai2021,970,0.011811,0.031566
taai2021,971,0.011025,0.032122
taai2021,972,0.036577,0.026511
taai2021,973,0.009148,0.034503
taai2021,974,0.007736,0.024681
taai2021,975,0.090253,0.034215
taai2021,976,0.014946,0.018645
taai2021,977,0.008708,0.048213
taai2021,978,0.006188,0.017474
taai2021,979,0.106631,0.158174
taai2021,980,0.012773,0.030474
taai2021,981,0.018635,0.021442
taai2021,982,0.034045,0.111364
taai2021,983,0.023414,0.020147
taai2021,984,0.007489,0.026199
taai2021,985,0.010455,0.020628
taai2021,986,0.071595,0.025044
taai2021,987,0.082387,0.091352
taai2021,988,0.006753,0.025179
taai2021,989,0.005951,0.020032
taai2021,990,0.006958,0.018909
taai2021,991,0.007895,0.018460
taai2021,992,0.016501,0.030393
taai2021,993,0.040862,0.022142
taai2021,994,0.016629,0.030246
taai2021,995,0.048287,0.022686
taai2021,996,0.117751,0.148414
taai2021,997,0.007223,0.072449
taai2021,998,0.028967,0.026018
taai2021,999,0.005768,0.022411
taai2021,1000,0.009695,0.042564
taai2022,1,0.005267,0.000456
taai2022,2,0.004451,0.002237
taai2022,3,0.002051,0.003132
taai2022,4,0.001544,0.001194
taai2022,5,0.001316,0.000472
taai2022,6,0.001584,0.000998
taai2022,7,0.001610,0.002802
taai2022,8,0.001489,0.002316
taai2022,9,0.001368,0.001357
taai2022,10,0.001771,0.001234
taai2022,11,0.001518,0.000581
taai2022,12,0.001348,0.000580
taai2022,13,0.001498,0.001538
taai2022,14,0.001429,0.000947
taai2022,15,0.001586,0.001261
taai2022,16,0.001954,0.002761
taai2022,17,0.001551,0.001418
taai2022,18,0.001832,0.002462
taai2022,19,0.001901,0.002002
taai2022,20,0.001937,0.001478
taai2022,21,0.001467,0.001608
taai2022,22,0.001748,0.002377
taai2022,23,0.002438,0.003056
taai2022,24,0.001239,0.000382
taai2022,25,0.001376,0.001922
taai2022,26,0.004159,0.006789
taai2022,27,0.001480,0.002504
taai2022,28,0.001418,0.001399
taai2022,29,0.001440,0.000662
taai2022,30,0.002278,0.003681
taai2022,31,0.001702,0.000860
taai2022,32,0.002421,0.002201
taai2022,33,0.001262,0.000349
taai2022,34,0.001703,0.000509
taai2022,35,0.002056,0.001059
taai2022,36,0.001334,0.000503
taai2022,37,0.002571,0.005213
taai2022,38,0.001488,0.000927
taai2022,39,0.001588,0.002165
taai2022,40,0.001683,0.003062
taai2022,41,0.001414,0.001160
taai2022,42,0.001471,0.001344
taai2022,43,0.001815,0.002369
taai2022,44,0.001656,0.001224
taai2022,45,0.001487,0.000687
taai2022,46,0.001849,0.001798
taai2022,47,0.001682,0.002177
taai2022,48,0.001560,0.001472
taai2022,49,0.001852,0.001765
taai2022,50,0.002237,0.002786
taai2022,51,0.001504,0.001796
taai2022,52,0.002326,0.002823
taai2022,53,0.001642,0.001604
taai2022,54,0.001389,0.001720
taai2022,55,0.001984,0.001919
taai2022,56,0.002211,0.004522
taai2022,57,0.001696,0.001753
taai2022,58,0.001478,0.001352
taai2022,59,0.001550,0.000870
taai2022,60,0.001427,0.000868
taai2022,61,0.001471,0.001904
taai2022,62,0.001569,0.001165
taai2022,63,0.001498,0.001558
taai2022,64,0.001592,0.000796
taai2022,65,0.001828,0.003168
taai2022,66,0.002106,0.005143
taai2022,67,0.001956,0.004372
taai2022,68,0.001461,0.001315
taai2022,69,0.002560,0.005334
taai2022,70,0.001528,0.001819
taai2022,71,0.002708,0.004167
taai2022,72,0.002026,0.002192
taai2022,73,0.001267,0.000415
taai2022,74,0.002106,0.002651
taai2022,75,0.001324,0.000954
taai2022,76,0.002527,0.004106
taai2022,77,0.001405,0.000826
taai2022,78,0.002409,0.005696
taai2022,79,0.002087,0.003916
taai2022,80,0.001391,0.001391
taai2022,81,0.001789,0.001312
taai2022,82,0.001821,0.000776
taai2022,83,0.001649,0.003419
taai2022,84,0.001789,0.001180
taai2022,85,0.001539,0.001307
taai2022,86,0.001465,0.000728
taai2022,87,0.001887,0.002487
taai2022,88,0.002259,0.005475
taai2022,89,0.002163,0.001860
taai2022,90,0.001840,0.002285
taai2022,91,0.001785,0.002757
taai2022,92,0.001797,0.001720
taai2022,93,0.003511,0.007695
taai2022,94,0.001700,0.000855
taai2022,95,0.001977,0.002414
taai2022,96,0.002200,0.004110
taai2022,97,0.001666,0.002260
taai2022,98,0.002134,0.002908
taai2022,99,0.001854,0.002514
taai2022,100,0.001956,0.001459
taai2022,101,0.002330,0.004493
taai2022,102,0.001480,0.001074
taai2022,103,0.001236,0.000337
taai2022,104,0.002033,0.002691
taai2022,105,0.002109,0.002233
taai2022,106,0.001840,0.001637
taai2022,107,0.001852,0.002145
taai2022,108,0.002354,0.003117
taai2022,109,0.003805,0.012966
taai2022,110,0.002225,0.003996
taai2022,111,0.001717,0.001670
taai2022,112,0.002102,0.002887
taai2022,113,0.002461,0.002859
taai2022,114,0.001420,0.000724
taai2022,115,0.002832,0.006018
taai2022,116,0.001487,0.000557
taai2022,117,0.003372,0.006217
taai2022,118,0.002456,0.003719
taai2022,119,0.001424,0.001348
taai2022,120,0.001629,0.000993
taai2022,121,0.001712,0.002604
taai2022,122,0.001666,0.001217
taai2022,123,0.002851,0.003995
taai2022,124,0.002345,0.003671
taai2022,125,0.001788,0.001428
taai2022,126,0.002782,0.004884
taai2022,127,0.002440,0.004431
taai2022,128,0.002514,0.008446
taai2022,129,0.004620,0.010370
taai2022,130,0.002214,0.003364
taai2022,131,0.002282,0.001716
taai2022,132,0.001297,0.001171
taai2022,133,0.001832,0.002047
taai2022,134,0.001566,0.001428
taai2022,135,0.001831,0.002548
taai2022,136,0.002239,0.003340
taai2022,137,0.002527,0.004501
taai2022,138,0.002461,0.002995
taai2022,139,0.002426,0.003536
taai2022,140,0.001712,0.001366
taai2022,141,0.001662,0.001480
taai2022,142,0.001304,0.000613
taai2022,143,0.002951,0.004664
taai2022,144,0.003389,0.007295
taai2022,145,0.002007,0.002132
taai2022,146,0.002093,0.002938
taai2022,147,0.001955,0.001970
taai2022,148,0.002866,0.004974
taai2022,149,0.002804,0.005936
taai2022,150,0.001908,0.003379
taai2022,151,0.002917,0.004182
taai2022,152,0.001381,0.000718
taai2022,153,0.001758,0.001330
taai2022,154,0.002026,0.003592
taai2022,155,0.002353,0.002713
taai2022,156,0.001873,0.005331
taai2022,157,0.002574,0.003822
taai2022,158,0.002290,0.004422
taai2022,159,0.001896,0.001392
taai2022,160,0.001904,0.004999
taai2022,161,0.002977,0.005147
taai2022,162,0.002611,0.003751
taai2022,163,0.002767,0.004836
taai2022,164,0.004210,0.010279
taai2022,165,0.004517,0.011953
taai2022,166,0.002061,0.002041
taai2022,167,0.002298,0.002361
taai2022,168,0.002751,0.003896
taai2022,169,0.001783,0.004089
taai2022,170,0.003569,0.009698
taai2022,171,0.001944,0.001501
taai2022,172,0.003876,0.007470
taai2022,173,0.001705,0.002621
taai2022,174,0.007140,0.017285
taai2022,175,0.003215,0.004341
taai2022,176,0.002068,0.002306
taai2022,177,0.004242,0.008723
taai2022,178,0.001996,0.003561
taai2022,179,0.001639,0.003105
taai2022,180,0.003298,0.005543
taai2022,181,0.002578,0.005104
taai2022,182,0.001967,0.002670
taai2022,183,0.001799,0.003790
taai2022,184,0.002694,0.002805
taai2022,185,0.005534,0.012112
taai2022,186,0.003926,0.019088
taai2022,187,0.002566,0.005714
taai2022,188,0.004706,0.011563
taai2022,189,0.006193,0.014061
taai2022,190,0.002355,0.002803
taai2022,191,0.002325,0.004190
taai2022,192,0.002295,0.003020
taai2022,193,0.004279,0.010527
taai2022,194,0.001945,0.005277
taai2022,195,0.002798,0.003764
taai2022,196,0.001934,0.004879
taai2022,197,0.003912,0.011756
taai2022,198,0.003888,0.010181
taai2022,199,0.002629,0.004226
taai2022,200,0.001906,0.002455
taai2022,201,0.001921,0.002383
taai2022,202,0.002258,0.004487
taai2022,203,0.002390,0.004242
taai2022,204,0.001761,0.003333
taai2022,205,0.004671,0.011486
taai2022,206,0.003597,0.006242
taai2022,207,0.002576,0.004686
taai2022,208,0.001609,0.002288
taai2022,209,0.002017,0.003284
taai2022,210,0.003093,0.005875
taai2022,211,0.002788,0.007998
taai2022,212,0.002417,0.005894
taai2022,213,0.001879,0.002021
taai2022,214,0.002967,0.005222
taai2022,215,0.002484,0.004955
taai2022,216,0.002666,0.003566
taai2022,217,0.001921,0.004245
taai2022,218,0.001713,0.002145
taai2022,219,0.004835,0.013805
taai2022,220,0.002409,0.004061
taai2022,221,0.002227,0.003156
taai2022,222,0.003107,0.007170
taai2022,223,0.003824,0.006130
taai2022,224,0.002377,0.004999
taai2022,225,0.002324,0.004026
taai2022,226,0.003580,0.010737
taai2022,227,0.003265,0.004808
taai2022,228,0.001916,0.002261
taai2022,229,0.002243,0.004320
taai2022,230,0.002227,0.004898
taai2022,231,0.003642,0.005940
taai2022,232,0.004036,0.009379
taai2022,233,0.002591,0.004987
taai2022,234,0.002785,0.002353
taai2022,235,0.001725,0.002082
taai2022,236,0.003491,0.012552
taai2022,237,0.004235,0.011555
taai2022,238,0.001468,0.003036
taai2022,239,0.002111,0.003903
taai2022,240,0.001953,0.003359
taai2022,241,0.002635,0.006827
taai2022,242,0.004422,0.009786
taai2022,243,0.002019,0.002802
taai2022,244,0.001293,0.000418
taai2022,245,0.001702,0.002950
taai2022,246,0.003488,0.005611
taai2022,247,0.006075,0.015642
taai2022,248,0.006856,0.011120
taai2022,249,0.001934,0.001901
taai2022,250,0.005307,0.010405
taai2022,251,0.002772,0.007114
taai2022,252,0.002564,0.005143
taai2022,253,0.004192,0.008224
taai2022,254,0.003363,0.008989
taai2022,255,0.003666,0.007215
taai2022,256,0.002473,0.003448
taai2022,257,0.006057,0.015740
taai2022,258,0.001627,0.002676
taai2022,259,0.002004,0.003254
taai2022,260,0.004969,0.011778
taai2022,261,0.003033,0.004226
taai2022,262,0.008693,0.013309
taai2022,263,0.003354,0.005421
taai2022,264,0.002635,0.005634
taai2022,265,0.003302,0.014550
taai2022,266,0.004441,0.025086
taai2022,267,0.002138,0.002792
taai2022,268,0.004444,0.012760
taai2022,269,0.004004,0.007441
taai2022,270,0.004951,0.011196
taai2022,271,0.002978,0.005464
taai2022,272,0.003220,0.008397
taai2022,273,0.002076,0.003343
taai2022,274,0.003174,0.006882
taai2022,275,0.005142,0.014912
taai2022,276,0.004518,0.010257
taai2022,277,0.004162,0.023996
taai2022,278,0.002723,0.005462
taai2022,279,0.006650,0.008757
taai2022,280,0.003545,0.008004
taai2022,281,0.003661,0.009215
taai2022,282,0.003291,0.013505
taai2022,283,0.005911,0.015824
taai2022,284,0.005240,0.014188
taai2022,285,0.002694,0.003220
taai2022,286,0.007199,0.015650
taai2022,287,0.002710,0.007007
taai2022,288,0.002292,0.006317
taai2022,289,0.003849,0.007298
taai2022,290,0.001826,0.003151
taai2022,291,0.002272,0.002387
taai2022,292,0.004632,0.013444
taai2022,293,0.003786,0.008868
taai2022,294,0.006077,0.020058
taai2022,295,0.003985,0.009952
taai2022,296,0.003891,0.008211
taai2022,297,0.003282,0.006381
taai2022,298,0.004229,0.010315
taai2022,299,0.006205,0.014939
taai2022,300,0.002610,0.004376
taai2022,301,0.032571,0.041053
taai2022,302,0.024883,0.027091
taai2022,303,0.003230,0.005997
taai2022,304,0.003717,0.010268
taai2022,305,0.005190,0.020421
taai2022,306,0.005882,0.016767
taai2022,307,0.002056,0.002898
taai2022,308,0.004896,0.009348
taai2022,309,0.005817,0.017010
taai2022,310,0.010229,0.028023
taai2022,311,0.031437,0.020305
taai2022,312,0.032985,0.106418
taai2022,313,0.006702,0.020614
taai2022,314,0.005508,0.013736
taai2022,315,0.002163,0.002206
taai2022,316,0.006457,0.014804
taai2022,317,0.030240,0.069789
taai2022,318,0.005195,0.010702
taai2022,319,0.006067,0.059434
taai2022,320,0.001836,0.001753
taai2022,321,0.009793,0.040589
taai2022,322,0.005311,0.011789
taai2022,323,0.005908,0.017822
taai2022,324,0.003769,0.006607
taai2022,325,0.005821,0.014683
taai2022,326,0.003925,0.007675
taai2022,327,0.003123,0.005117
taai2022,328,0.005494,0.008120
taai2022,329,0.009958,0.030826
taai2022,330,0.009140,0.017285
taai2022,331,0.003108,0.008926
taai2022,332,0.054430,0.016480
taai2022,333,0.018752,0.081871
taai2022,334,0.001957,0.004209
taai2022,335,0.003702,0.007430
taai2022,336,0.007325,0.013959
taai2022,337,0.006695,0.015612
taai2022,338,0.003951,0.007892
taai2022,339,0.010060,0.015815
taai2022,340,0.007093,0.021096
taai2022,341,0.006730,0.018945
taai2022,342,0.499030,0.514076
taai2022,343,0.003581,0.007694
taai2022,344,0.006425,0.021926
taai2022,345,0.002794,0.007072
taai2022,346,0.004874,0.010824
taai2022,347,0.038420,0.017121
taai2022,348,0.007810,0.018582
taai2022,349,0.029418,0.049936
taai2022,350,0.011077,0.054179
taai2022,351,0.005856,0.020803
taai2022,352,0.005746,0.085811
taai2022,353,0.010442,0.043477
taai2022,354,0.043363,0.296433
taai2022,355,0.015345,0.030252
taai2022,356,0.003641,0.006621
taai2022,357,0.002333,0.004160
taai2022,358,0.007569,0.036074
taai2022,359,0.008207,0.019013
taai2022,360,0.018790,0.048359
taai2022,361,0.010464,0.041664
taai2022,362,0.006186,0.014212
taai2022,363,0.005468,0.203651
taai2022,364,0.008195,0.026569
taai2022,365,0.017088,0.082402
taai2022,366,0.005028,0.008340
taai2022,367,0.006318,0.024721
taai2022,368,0.013982,0.034766
taai2022,369,0.038527,0.203620
taai2022,370,0.004743,0.008371
taai2022,371,0.002945,0.004899
taai2022,372,0.010322,0.024178
taai2022,373,0.026057,0.119619
taai2022,374,0.015919,0.027171
taai2022,375,0.005076,0.008541
taai2022,376,0.013694,0.021313
taai2022,377,0.022886,0.020113
taai2022,378,0.005716,0.012867
taai2022,379,0.013675,0.016953
taai2022,380,0.008194,0.017826
taai2022,381,0.022983,0.100383
taai2022,382,0.007627,0.028978
taai2022,383,0.007041,0.032158
taai2022,384,0.004448,0.011709
taai2022,385,0.009588,0.100467
taai2022,386,0.007877,0.037988
taai2022,387,0.097792,0.130605
taai2022,388,0.022567,0.014938
taai2022,389,0.005884,0.022397
taai2022,390,0.005622,0.015332
taai2022,391,0.031931,0.047316
taai2022,392,0.004971,0.023717
taai2022,393,0.019014,0.023180
taai2022,394,0.031882,0.112536
taai2022,395,0.027657,0.158307
taai2022,396,0.017730,0.023862
taai2022,397,0.006787,0.016041
taai2022,398,0.006606,0.019776
taai2022,399,0.007705,0.114029
taai2022,400,0.096914,0.129978
taai2022,401,0.004085,0.006967
taai2022,402,0.011058,0.023537
taai2022,403,0.036826,0.122774
taai2022,404,0.006954,0.014600
taai2022,405,0.014317,0.125716
taai2022,406,0.007364,0.013651
taai2022,407,0.667680,0.250109
taai2022,408,0.010876,0.024993
taai2022,409,0.003930,0.014011
taai2022,410,0.091559,0.259581
taai2022,411,0.006461,0.029823
taai2022,412,0.005916,0.043462
taai2022,413,0.009681,0.045640
taai2022,414,0.015427,0.046695
taai2022,415,0.005867,0.011345
taai2022,416,0.015807,0.038484
taai2022,417,0.006953,0.049944
taai2022,418,0.275661,0.320798
taai2022,419,0.012305,0.023038
taai2022,420,0.013288,0.018149
taai2022,421,0.622456,0.636489
taai2022,422,0.288781,1.371112
taai2022,423,0.015902,0.113597
taai2022,424,0.004800,0.013118
taai2022,425,0.016749,0.032284
taai2022,426,0.055907,0.945471
taai2022,427,0.007239,0.014758
taai2022,428,0.006715,0.025437
taai2022,429,0.017344,0.062902
taai2022,430,0.006816,0.048515
taai2022,431,0.007372,0.017210
taai2022,432,0.024333,0.129699
taai2022,433,0.009969,0.057699
taai2022,434,0.033010,0.096447
taai2022,435,0.004105,0.010414
taai2022,436,0.011884,0.016038
taai2022,437,0.004971,0.038146
taai2022,438,0.005625,0.018293
taai2022,439,0.023594,0.176866
taai2022,440,0.003926,0.007316
taai2022,441,0.008004,0.016314
taai2022,442,0.005024,0.036145
taai2022,443,0.013874,0.052846
taai2022,444,0.261865,0.889143
taai2022,445,0.011944,0.031869
taai2022,446,0.005617,0.014009
taai2022,447,0.010697,0.043842
taai2022,448,0.095497,0.074000
taai2022,449,0.021929,0.083937
taai2022,450,0.048926,0.023648
taai2022,451,1.457052,0.588594
taai2022,452,0.006244,0.030148
taai2022,453,0.019672,0.037872
taai2022,454,0.003487,0.009521
taai2022,455,0.007063,0.015756
taai2022,456,1.534877,0.378086
taai2022,457,0.008724,0.021328
taai2022,458,0.005891,0.041201
taai2022,459,0.070675,0.038604
taai2022,460,0.017179,0.136627
taai2022,461,0.024418,0.028074
taai2022,462,0.005002,0.017604
taai2022,463,0.007258,0.020103
taai2022,464,0.106908,0.064740
taai2022,465,0.101872,0.733665
taai2022,466,0.019650,0.232694
taai2022,467,0.006202,0.011767
taai2022,468,0.044758,0.021186
taai2022,469,2.849387,1.754633
taai2022,470,0.012975,0.031851
taai2022,471,0.011697,0.036765
taai2022,472,1.541671,2.013124
taai2022,473,0.012628,0.017292
taai2022,474,0.013747,0.025181
taai2022,475,0.010776,0.019642
taai2022,476,0.009373,0.058871
taai2022,477,0.007372,0.024800
taai2022,478,0.025762,3.395585
taai2022,479,0.018728,0.235230
taai2022,480,0.013742,0.150582
taai2022,481,0.015061,0.029468
taai2022,482,0.011172,0.177545
taai2022,483,0.008727,0.031143
taai2022,484,1.101365,0.417411
taai2022,485,0.119069,0.039091
taai2022,486,0.008764,0.024155
taai2022,487,0.147379,0.610895
taai2022,488,0.405625,9.405080
taai2022,489,1.652171,3.527470
taai2022,490,0.010934,0.042828
taai2022,491,0.050670,0.030266
taai2022,492,0.027408,0.083587
taai2022,493,0.023781,0.060823
taai2022,494,0.015171,0.028072
taai2022,495,0.043387,0.827226
taai2022,496,0.016163,0.024542
taai2022,497,0.005952,0.028557
taai2022,498,0.085549,0.524525
taai2022,499,0.193998,0.972742
taai2022,500,0.007354,0.015088
taai2022,501,0.106159,0.147820
taai2022,502,0.097260,0.114974
taai2022,503,0.007038,0.022865
taai2022,504,0.065047,1.316543
taai2022,505,0.005855,0.014205
taai2022,506,0.093115,0.051472
taai2022,507,0.013391,0.027592
taai2022,508,1.170064,4.364414
taai2022,509,0.062549,0.044077
taai2022,510,0.043213,0.123111
taai2022,511,0.004477,0.017443
taai2022,512,0.018939,0.372482
taai2022,513,4.872993,3.077806
taai2022,514,0.010330,0.021453
taai2022,515,0.104229,0.032110
taai2022,516,0.007413,3.746531
taai2022,517,1.265360,3.060159
taai2022,518,0.007137,0.018032
taai2022,519,0.028521,0.154285
taai2022,520,0.050934,0.220743
taai2022,521,0.007524,0.053026
taai2022,522,0.010605,0.080435
taai2022,523,0.006482,0.020660
taai2022,524,0.008423,0.020642
taai2022,525,0.007241,0.022653
taai2022,526,0.186308,0.452897
taai2022,527,0.068733,0.019456
taai2022,528,0.011623,0.035689
taai2022,529,0.098265,0.142105
taai2022,530,0.014991,0.030498
taai2022,531,0.196627,0.303041
taai2022,532,0.164365,0.255551
taai2022,533,0.016554,0.027404
taai2022,534,0.021889,0.210637
taai2022,535,0.038349,0.081338
taai2022,536,0.019986,0.667312
taai2022,537,1.021336,2.924602
taai2022,538,0.233436,0.372985
taai2022,539,0.008422,0.059539
taai2022,540,0.180164,0.196083
taai2022,541,0.091304,0.098248
taai2022,542,0.197411,0.287010
taai2022,543,0.026070,0.087793
taai2022,544,0.069307,0.289647
taai2022,545,0.006270,0.010838
taai2022,546,1.912639,2.428764
taai2022,547,0.574338,0.371611
taai2022,548,0.065198,0.039856
taai2022,549,0.011688,0.028830
taai2022,550,0.262563,0.337242
taai2022,551,0.084399,4.891027
taai2022,552,0.080803,0.031145
taai2022,553,0.567511,1.282721
taai2022,554,0.069644,0.030407
taai2022,555,0.078089,0.025273
taai2022,556,0.405193,2.222265
taai2022,557,0.227314,1.463245
taai2022,558,1.944747,2.530155
taai2022,559,0.063699,0.036310
taai2022,560,0.009705,0.016556
taai2022,561,0.007256,0.021881
taai2022,562,0.496863,1.007786
taai2022,563,0.341270,3.017051
taai2022,564,0.010969,0.165483
taai2022,565,0.123551,0.058556
taai2022,566,0.024475,0.449614
taai2022,567,1.840634,5.731526
taai2022,568,0.005692,0.011480
taai2022,569,0.030281,0.032692
taai2022,570,1.405969,2.159157
taai2022,571,0.015712,4.382848
taai2022,572,0.080208,0.041920
taai2022,573,0.008351,0.035617
taai2022,574,0.098730,0.191386
taai2022,575,0.104634,0.087774
taai2022,576,1.947751,8.678703
taai2022,577,0.063053,0.353990
taai2022,578,0.013587,0.028614
taai2022,579,0.090903,0.531790
taai2022,580,0.703523,7.809802
taai2022,581,0.011823,0.034728
taai2022,582,0.007042,0.021379
taai2022,583,0.031168,0.628477
taai2022,584,0.007326,0.031353
taai2022,585,0.016233,0.130285
taai2022,586,0.018736,0.082453
taai2022,587,0.092682,0.074797
taai2022,588,0.047949,0.167636
taai2022,589,0.626854,2.172613
taai2022,590,0.082652,0.154650
taai2022,591,1.920727,5.099746
taai2022,592,0.031658,0.290704
taai2022,593,0.010298,0.036804
taai2022,594,0.074117,0.667677
taai2022,595,0.044952,0.027296
taai2022,596,0.008381,0.018775
taai2022,597,0.197839,54.767910
taai2022,598,0.271425,0.322428
taai2022,599,0.037858,0.168090
taai2022,600,0.034633,0.878967
taai2022,601,0.035447,0.086021
taai2022,602,0.010608,0.084057
taai2022,603,1.663476,1.547444
taai2022,604,0.019022,0.119448
taai2022,605,1.700485,0.414200
taai2022,606,0.042666,0.028368
taai2022,607,0.022492,3.528915
taai2022,608,0.031164,0.057580
taai2022,609,0.019622,1.519190
taai2022,610,0.011414,0.022133
taai2022,611,0.856812,6.292739
taai2022,612,0.019712,0.118611
taai2022,613,0.091781,0.038906
taai2022,614,0.125081,0.069612
taai2022,615,0.148882,0.240191
taai2022,616,0.020529,0.030856
taai2022,617,0.377546,0.975424
taai2022,618,0.114765,0.225659
taai2022,619,0.005730,0.016650
taai2022,620,1.893707,7.139574
taai2022,621,0.346737,1.026872
taai2022,622,0.281460,0.121159
taai2022,623,0.009583,0.034219
taai2022,624,0.180261,1.942573
taai2022,625,0.015298,0.060712
taai2022,626,0.007889,0.018830
taai2022,627,0.090018,0.064030
taai2022,628,0.049229,0.074661
taai2022,629,0.064353,0.936923
taai2022,630,0.243028,0.324350
taai2022,631,0.103063,0.072163
taai2022,632,0.011983,0.102187
taai2022,633,0.013027,0.025070
taai2022,634,0.273278,4.473260
taai2022,635,0.091729,0.076007
taai2022,636,0.023944,0.036924
taai2022,637,1.855247,0.338497
taai2022,638,0.376238,1.073212
taai2022,639,0.478482,3.563178
taai2022,640,0.039655,0.229194
taai2022,641,0.030097,0.593225
taai2022,642,0.017205,1.565260
taai2022,643,0.043800,0.021476
taai2022,644,0.593170,0.591595
taai2022,645,0.016702,0.441224
taai2022,646,0.060637,0.110695
taai2022,647,0.863478,11.874334
taai2022,648,0.049436,0.024348
taai2022,649,0.009670,0.172071
taai2022,650,0.234977,135.244117
taai2022,651,0.006639,0.026177
taai2022,652,0.019410,0.023504
taai2022,653,3.434090,3.559215
taai2022,654,0.024688,0.051261
taai2022,655,0.278201,5.277293
taai2022,656,0.014801,0.031380
taai2022,657,0.069233,0.023729
taai2022,658,0.144753,1.841590
taai2022,659,0.041087,0.024219
taai2022,660,0.095939,0.052809
taai2022,661,0.041287,0.400580
taai2022,662,0.098784,0.920021
taai2022,663,0.080248,0.036559
taai2022,664,0.010047,0.522583
taai2022,665,0.005288,0.026598
taai2022,666,0.028463,0.342932
taai2022,667,0.290479,2.775955
taai2022,668,0.013125,0.035852
taai2022,669,0.059007,0.043957
taai2022,670,0.007723,62.916210
taai2022,671,0.075924,0.028006
taai2022,672,1.360648,5.327942
taai2022,673,2.699385,22.983018
taai2022,674,0.019823,0.174363
taai2022,675,0.007457,0.023804
taai2022,676,0.016800,0.078582
taai2022,677,0.078949,0.029309
taai2022,678,2.613680,2.265074
taai2022,679,0.021106,0.035890
taai2022,680,0.014420,0.040418
taai2022,681,0.005830,0.023082
taai2022,682,0.014393,0.044050
taai2022,683,0.006875,0.045397
taai2022,684,1.770692,4.091587
taai2022,685,0.019160,0.053912
taai2022,686,0.017318,0.050361
taai2022,687,0.097110,0.082386
taai2022,688,0.012245,0.019291
taai2022,689,0.009364,0.024168
taai2022,690,0.056084,0.058012
taai2022,691,0.068990,0.061258
taai2022,692,0.072738,0.076334
taai2022,693,0.014993,0.028197
taai2022,694,0.125350,0.217706
taai2022,695,0.120626,0.050978
taai2022,696,0.014357,0.056435
taai2022,697,0.007044,0.024728
taai2022,698,0.006150,7.900636
taai2022,699,0.006848,0.053399
taai2022,700,1.867672,0.585796
taai2022,701,0.046896,0.410663
taai2022,702,0.042286,0.079057
taai2022,703,0.061222,0.038835
taai2022,704,0.010729,0.087060
taai2022,705,0.013422,0.027560
taai2022,706,0.051462,0.022388
taai2022,707,0.024613,0.031715
taai2022,708,0.080927,0.029886
taai2022,709,0.017463,0.020038
taai2022,710,0.490789,0.852822
taai2022,711,0.025749,1.172984
taai2022,712,0.340402,5.185371
taai2022,713,0.007135,0.015927
taai2022,714,1.131040,0.350460
taai2022,715,0.120950,0.701222
taai2022,716,0.009582,0.017489
taai2022,717,0.021655,0.289257
taai2022,718,0.009295,0.115802
taai2022,719,0.345264,21.209230
taai2022,720,0.038713,0.083934
taai2022,721,0.413090,0.089712
taai2022,722,0.016498,0.025876
taai2022,723,0.023989,0.048441
taai2022,724,0.014074,0.169853
taai2022,725,0.042097,0.040315
taai2022,726,0.012549,0.090973
taai2022,727,0.113120,0.067958
taai2022,728,0.802635,31.783306
taai2022,729,1.805421,43.213929
taai2022,730,0.020492,0.695020
taai2022,731,0.025378,0.182279
taai2022,732,0.088996,0.027270
taai2022,733,0.033898,0.141746
taai2022,734,0.546360,2.594747
taai2022,735,0.038672,0.123162
taai2022,736,0.026574,0.119096
taai2022,737,0.028671,0.201319
taai2022,738,0.025537,0.209185
taai2022,739,0.108278,0.097681
taai2022,740,0.807868,19.518837
taai2022,741,0.049027,1.673031
taai2022,742,0.025639,0.055283
taai2022,743,0.008694,0.018606
taai2022,744,0.020715,0.050937
taai2022,745,1.139595,93.516573
taai2022,746,0.228726,0.677132
taai2022,747,0.015709,0.015113
taai2022,748,0.289812,0.295371
taai2022,749,0.141013,25.470911
taai2022,750,0.016152,0.028249
taai2022,751,0.429236,0.791404
taai2022,752,0.151441,0.173852
taai2022,753,0.164049,0.867783
taai2022,754,0.013817,0.020520
taai2022,755,0.029795,0.161917
taai2022,756,0.020936,0.038217
taai2022,757,0.009487,0.027100
taai2022,758,0.007611,0.026387
taai2022,759,0.165958,0.214826
taai2022,760,0.010379,0.020876
taai2022,761,0.070869,0.039358
taai2022,762,0.008875,0.146955
taai2022,763,0.007239,0.661254
taai2022,764,0.105037,0.064224
taai2022,765,0.029477,0.118968
taai2022,766,0.012673,0.030164
taai2022,767,0.147436,0.145022
taai2022,768,0.009476,0.045164
taai2022,769,0.058711,0.300875
taai2022,770,0.106317,0.122740
taai2022,771,0.018558,0.280094
taai2022,772,0.010008,0.019191
taai2022,773,0.026066,0.289891
taai2022,774,0.016148,0.031469
taai2022,775,0.140082,0.835755
taai2022,776,0.011764,0.022291
taai2022,777,0.012478,0.018578
taai2022,778,0.082071,0.071198
taai2022,779,0.014594,0.051686
taai2022,780,0.017057,0.030587
taai2022,781,0.020501,0.023220
taai2022,782,0.010691,0.042639
taai2022,783,0.021283,0.030505
taai2022,784,0.032153,0.203959
taai2022,785,0.006707,0.044728
taai2022,786,0.006983,0.021625
taai2022,787,0.034278,0.035911
taai2022,788,0.143132,0.422580
taai2022,789,0.006570,0.015624
taai2022,790,0.007456,0.021382
taai2022,791,0.015262,0.317084
taai2022,792,0.007865,0.022526
taai2022,793,0.009815,0.020033
taai2022,794,0.178282,0.345542
taai2022,795,0.150645,0.508348
taai2022,796,0.008686,0.030309
taai2022,797,0.012322,0.019570
taai2022,798,0.010458,0.045703
taai2022,799,0.009373,0.043901
taai2022,800,0.048392,0.435472
taai2022,801,0.013456,0.021713
taai2022,802,0.050322,0.031210
taai2022,803,0.078524,0.075490
taai2022,804,0.013882,0.050061
taai2022,805,0.059780,0.024523
taai2022,806,0.052000,0.073987
taai2022,807,0.061281,0.054074
taai2022,808,0.006054,0.020035
taai2022,809,0.031724,0.028939
taai2022,810,0.021333,0.026558
taai2022,811,0.007447,0.020767
taai2022,812,0.059914,0.092615
taai2022,813,0.014602,0.020722
taai2022,814,0.065444,0.027271
taai2022,815,0.053377,0.042159
taai2022,816,0.013824,0.019017
taai2022,817,0.040872,0.201288
taai2022,818,0.069481,4.735773
taai2022,819,0.092089,0.028794
taai2022,820,0.016010,0.152795
taai2022,821,0.009066,0.037202
taai2022,822,0.071569,0.022606
taai2022,823,0.017799,0.021131
taai2022,824,0.376510,0.608351
taai2022,825,0.054050,0.023280
taai2022,826,0.080685,0.035456
taai2022,827,0.108390,0.386572
taai2022,828,0.012493,0.028203
taai2022,829,0.013242,0.035503
taai2022,830,0.009085,0.020403
taai2022,831,2.053211,1.748076
taai2022,832,0.093412,0.088605
taai2022,833,0.221680,2.520025
taai2022,834,0.070828,0.019801
taai2022,835,0.008150,0.072350
taai2022,836,0.011843,0.188241
taai2022,837,0.078128,0.024448
taai2022,838,0.020566,0.025775
taai2022,839,0.024734,0.039188
taai2022,840,0.012713,0.026485
taai2022,841,0.008991,0.018572
taai2022,842,0.009613,0.043319
taai2022,843,0.007948,0.018494
taai2022,844,0.006162,0.027773
taai2022,845,0.005061,113.736594
taai2022,846,0.010044,0.021260
taai2022,847,0.009971,0.025578
taai2022,848,0.193827,0.302155
taai2022,849,0.007714,0.027238
taai2022,850,0.070495,0.229876
taai2022,851,0.008569,0.462284
taai2022,852,0.063303,0.046562
taai2022,853,0.012756,0.184706
taai2022,854,0.005943,0.025396
taai2022,855,0.086726,0.081101
taai2022,856,0.501660,0.745408
taai2022,857,0.008386,0.076560
taai2022,858,0.008896,0.157369
taai2022,859,0.008619,0.093469
taai2022,860,0.047290,0.022343
taai2022,861,0.141297,0.163905
taai2022,862,0.007489,0.018424
taai2022,863,0.010819,0.076905
taai2022,864,0.010547,0.348028
taai2022,865,0.006984,0.300376
taai2022,866,0.077026,0.024067
taai2022,867,0.058658,0.056126
taai2022,868,0.008362,0.026067
taai2022,869,0.115602,0.125604
taai2022,870,0.041923,0.036797
taai2022,871,0.011969,0.114798
taai2022,872,0.134250,3.136088
taai2022,873,0.009060,0.355903
taai2022,874,0.015723,0.024634
taai2022,875,0.005901,0.028215
taai2022,876,0.005508,0.025631
taai2022,877,0.019658,0.042825
taai2022,878,0.145139,0.186408
taai2022,879,0.035091,0.034716
taai2022,880,0.008606,0.030757
taai2022,881,0.009030,0.017888
taai2022,882,0.006955,0.032137
taai2022,883,0.069937,0.033272
taai2022,884,0.166192,0.393561
taai2022,885,0.023130,0.030714
taai2022,886,0.152401,1.141912
taai2022,887,0.044033,0.026487
taai2022,888,0.026172,0.025036
taai2022,889,0.009321,0.067179
taai2022,890,0.006935,0.023353
taai2022,891,0.045437,0.039739
taai2022,892,0.013125,0.029911
taai2022,893,0.031760,0.046691
taai2022,894,0.048676,0.038318
taai2022,895,0.045093,0.039665
taai2022,896,0.097275,9.961225
taai2022,897,0.067530,0.540641
taai2022,898,0.085723,0.025412
taai2022,899,0.007287,0.058660
taai2022,900,0.091355,0.045618
taai2022,901,0.008687,0.029129
taai2022,902,0.010288,0.021685
taai2022,903,0.009567,0.096000
taai2022,904,0.013175,0.021712
taai2022,905,0.160043,0.314041
taai2022,906,0.056719,0.039771
taai2022,907,0.183612,0.071556
taai2022,908,0.038579,0.055798
taai2022,909,0.084347,0.035139
taai2022,910,0.063010,0.044336
taai2022,911,0.012008,0.030033
taai2022,912,0.031249,0.091020
taai2022,913,0.008247,0.291805
taai2022,914,0.007892,0.029802
taai2022,915,0.006140,0.021374
taai2022,916,0.008262,0.178782
taai2022,917,0.031505,0.051725
taai2022,918,0.005124,0.022217
taai2022,919,0.008974,0.026079
taai2022,920,0.096417,0.057950
taai2022,921,0.075911,0.025101
taai2022,922,0.029412,0.034430
taai2022,923,0.044383,0.698238
taai2022,924,0.014066,0.146250
taai2022,925,0.006487,0.025813
taai2022,926,0.009513,0.030686
taai2022,927,0.081700,0.023287
taai2022,928,0.043562,0.694229
taai2022,929,0.010057,0.069847
taai2022,930,0.007457,0.019560
taai2022,931,0.085359,0.059729
taai2022,932,0.030326,0.035896
taai2022,933,0.010001,0.695587
taai2022,934,0.009644,0.019932
taai2022,935,0.007739,0.029720
taai2022,936,0.007620,0.055446
taai2022,937,0.007341,0.062702
taai2022,938,0.075416,0.038108
taai2022,939,0.026109,0.035471
taai2022,940,0.027575,0.040811
taai2022,941,0.009467,0.038526
taai2022,942,0.005894,0.026422
taai2022,943,0.111185,0.030942
taai2022,944,0.007132,0.023079
taai2022,945,1.004685,3.990347
taai2022,946,0.010965,0.022177
taai2022,947,0.056414,0.025629
taai2022,948,0.008847,0.017413
taai2022,949,0.023587,0.067986
taai2022,950,0.009134,0.248472
taai2022,951,0.036405,0.020234
taai2022,952,0.010613,0.184647
taai2022,953,0.007804,0.208823
taai2022,954,0.008970,0.125708
taai2022,955,0.008775,0.021679
taai2022,956,0.006478,0.062574
taai2022,957,0.154996,0.344888
taai2022,958,0.013903,0.021202
taai2022,959,0.007562,0.041485
taai2022,960,0.006875,0.026322
taai2022,961,0.051589,0.023958
taai2022,962,0.008188,0.142111
taai2022,963,0.010051,0.067035
taai2022,964,0.007045,0.044622
taai2022,965,0.006250,0.018019
taai2022,966,0.022555,0.035687
taai2022,967,0.007579,0.020145
taai2022,968,0.008760,0.022109
taai2022,969,0.081975,0.051048
taai2022,970,0.008768,0.025466
taai2022,971,0.036840,0.029530
taai2022,972,0.012130,0.023339
taai2022,973,0.006902,0.023988
taai2022,974,0.013091,0.091842
taai2022,975,0.019317,0.159552
taai2022,976,0.038888,0.020697
taai2022,977,0.008427,0.038972
taai2022,978,0.017581,0.039253
taai2022,979,0.210935,0.335751
taai2022,980,0.012329,0.121429
taai2022,981,0.014928,0.024458
taai2022,982,0.008603,0.068622
taai2022,983,0.070938,0.042392
taai2022,984,0.009202,0.019855
taai2022,985,0.021623,0.023700
taai2022,986,0.007461,0.025156
taai2022,987,0.006363,0.056709
taai2022,988,0.040998,0.063951
taai2022,989,0.008492,0.023201
taai2022,990,0.009309,0.025959
taai2022,991,0.005376,0.022375
taai2022,992,0.033051,0.023202
taai2022,993,0.013666,0.022197
taai2022,994,0.010816,0.032649
taai2022,995,0.007525,0.024715
taai2022,996,0.061134,0.034385
taai2022,997,0.012242,0.041603
taai2022,998,0.177240,0.177521
taai2022,999,0.008591,0.024779
taai2022,1000,0.051032,0.149698
tcga2012,1,0.005338,0.000462
tcga2012,2,0.004146,0.001310
tcga2012,3,0.001293,0.000684
tcga2012,4,0.001243,0.000349
tcga2012,5,0.001654,0.001188
tcga2012,6,0.001523,0.001232
tcga2012,7,0.001509,0.001699
tcga2012,8,0.001859,0.002484
tcga2012,9,0.001370,0.000466
tcga2012,10,0.002027,0.001968
tcga2012,11,0.001472,0.000878
tcga2012,12,0.001432,0.000532
tcga2012,13,0.001455,0.000927
tcga2012,14,0.001536,0.000781
tcga2012,15,0.001700,0.001583
tcga2012,16,0.001443,0.000670
tcga2012,17,0.001668,0.001098
tcga2012,18,0.002048,0.002375
tcga2012,19,0.001475,0.002478
tcga2012,20,0.002079,0.001192
tcga2012,21,0.001766,0.001474
tcga2012,22,0.001774,0.001755
tcga2012,23,0.001344,0.000472
tcga2012,24,0.001577,0.001436
tcga2012,25,0.001348,0.001837
tcga2012,26,0.001662,0.000652
tcga2012,27,0.001608,0.000859
tcga2012,28,0.001445,0.002461
tcga2012,29,0.001831,0.001053
tcga2012,30,0.001513,0.002310
tcga2012,31,0.001244,0.000286
tcga2012,32,0.001675,0.001271
tcga2012,33,0.001509,0.000757
tcga2012,34,0.001310,0.000589
tcga2012,35,0.001836,0.002674
tcga2012,36,0.002247,0.001200
tcga2012,37,0.001446,0.000866
tcga2012,38,0.002175,0.001639
tcga2012,39,0.002794,0.003838
tcga2012,40,0.001945,0.002593
tcga2012,41,0.001504,0.000629
tcga2012,42,0.001706,0.001831
tcga2012,43,0.001437,0.000888
tcga2012,44,0.001571,0.000642
tcga2012,45,0.001872,0.000963
tcga2012,46,0.001657,0.001126
tcga2012,47,0.001339,0.000510
tcga2012,48,0.002100,0.003879
tcga2012,49,0.002238,0.004852
tcga2012,50,0.001519,0.001200
tcga2012,51,0.002391,0.002850
tcga2012,52,0.002120,0.003210
tcga2012,53,0.001582,0.001747
tcga2012,54,0.002041,0.003000
tcga2012,55,0.001745,0.001531
tcga2012,56,0.002049,0.000986
tcga2012,57,0.001535,0.002198
tcga2012,58,0.002152,0.003467
tcga2012,59,0.001839,0.003704
tcga2012,60,0.001418,0.000894
tcga2012,61,0.001557,0.000881
tcga2012,62,0.002117,0.002298
tcga2012,63,0.001717,0.002345
tcga2012,64,0.002148,0.002547
tcga2012,65,0.002169,0.001888
tcga2012,66,0.001440,0.001452
tcga2012,67,0.002063,0.001935
tcga2012,68,0.002307,0.005977
tcga2012,69,0.002670,0.002962
tcga2012,70,0.002193,0.002484
tcga2012,71,0.002370,0.004478
tcga2012,72,0.001526,0.001847
tcga2012,73,0.001366,0.000607
tcga2012,74,0.001575,0.000968
tcga2012,75,0.002073,0.002760
tcga2012,76,0.001343,0.001784
tcga2012,77,0.002305,0.004113
tcga2012,78,0.001399,0.001471
tcga2012,79,0.002151,0.002266
tcga2012,80,0.001655,0.001704
tcga2012,81,0.001618,0.000863
tcga2012,82,0.001615,0.001787
tcga2012,83,0.001649,0.002721
tcga2012,84,0.001750,0.003421
tcga2012,85,0.001616,0.002956
tcga2012,86,0.001337,0.001734
tcga2012,87,0.001388,0.001261
tcga2012,88,0.001993,0.001578
tcga2012,89,0.002121,0.002864
tcga2012,90,0.001625,0.003290
tcga2012,91,0.001402,0.000815
tcga2012,92,0.001811,0.002967
tcga2012,93,0.001608,0.002046
tcga2012,94,0.002308,0.003815
tcga2012,95,0.001846,0.002100
tcga2012,96,0.001795,0.002311
tcga2012,97,0.001720,0.001489
tcga2012,98,0.002816,0.004734
tcga2012,99,0.001365,0.000474
tcga2012,100,0.001709,0.003081
tcga2012,101,0.002076,0.002025
tcga2012,102,0.002097,0.004360
tcga2012,103,0.001788,0.002882
tcga2012,104,0.001913,0.002917
tcga2012,105,0.002801,0.004568
tcga2012,106,0.002586,0.004180
tcga2012,107,0.001910,0.001921
tcga2012,108,0.001765,0.002008
tcga2012,109,0.002261,0.004631
tcga2012,110,0.002089,0.002475
tcga2012,111,0.001947,0.002360
tcga2012,112,0.002077,0.002104
tcga2012,113,0.001892,0.003806
tcga2012,114,0.002721,0.007204
tcga2012,115,0.001390,0.000466
tcga2012,116,0.001373,0.000752
tcga2012,117,0.002271,0.003558
tcga2012,118,0.002267,0.004668
tcga2012,119,0.001801,0.002956
tcga2012,120,0.001663,0.001168
tcga2012,121,0.001812,0.002177
tcga2012,122,0.002297,0.007126
tcga2012,123,0.001977,0.002251
tcga2012,124,0.002278,0.002294
tcga2012,125,0.002454,0.006324
tcga2012,126,0.001837,0.003183
tcga2012,127,0.001830,0.002813
tcga2012,128,0.001999,0.004226
tcga2012,129,0.001731,0.001860
tcga2012,130,0.002371,0.001558
tcga2012,131,0.001550,0.000735
tcga2012,132,0.001607,0.001893
tcga2012,133,0.001918,0.001006
tcga2012,134,0.002363,0.004895
tcga2012,135,0.002081,0.001100
tcga2012,136,0.001523,0.003065
tcga2012,137,0.002786,0.005982
tcga2012,138,0.002584,0.003448
tcga2012,139,0.002189,0.003880
tcga2012,140,0.001752,0.000615
tcga2012,141,0.001410,0.000354
tcga2012,142,0.002145,0.002722
tcga2012,143,0.002229,0.004972
tcga2012,144,0.003718,0.007216
tcga2012,145,0.002749,0.004731
tcga2012,146,0.002083,0.001958
tcga2012,147,0.002857,0.004982
tcga2012,148,0.001853,0.003889
tcga2012,149,0.002264,0.003299
tcga2012,150,0.001847,0.002599
tcga2012,151,0.001689,0.003911
tcga2012,152,0.001931,0.003979
tcga2012,153,0.002468,0.005374
tcga2012,154,0.002100,0.006579
tcga2012,155,0.002316,0.003552
tcga2012,156,0.003466,0.006383
tcga2012,157,0.002811,0.005318
tcga2012,158,0.002091,0.002387
tcga2012,159,0.002407,0.003148
tcga2012,160,0.001402,0.001417
tcga2012,161,0.002147,0.003215
tcga2012,162,0.002628,0.004587
tcga2012,163,0.002443,0.005890
tcga2012,164,0.002817,0.004803
tcga2012,165,0.003769,0.008510
tcga2012,166,0.003558,0.008859
tcga2012,167,0.004903,0.007482
tcga2012,168,0.001836,0.003223
tcga2012,169,0.002743,0.005395
tcga2012,170,0.002668,0.005137
tcga2012,171,0.002321,0.003216
tcga2012,172,0.002207,0.002629
tcga2012,173,0.002453,0.005521
tcga2012,174,0.002452,0.006182
tcga2012,175,0.002208,0.002510
tcga2012,176,0.001369,0.001011
tcga2012,177,0.003820,0.008919
tcga2012,178,0.004170,0.011054
tcga2012,179,0.002038,0.001967
tcga2012,180,0.002514,0.003073
tcga2012,181,0.002085,0.005639
tcga2012,182,0.003298,0.007722
tcga2012,183,0.002251,0.005260
tcga2012,184,0.001989,0.001375
tcga2012,185,0.002639,0.005900
tcga2012,186,0.002205,0.001774
tcga2012,187,0.002342,0.005434
tcga2012,188,0.003726,0.008411
tcga2012,189,0.003019,0.003429
tcga2012,190,0.004590,0.013396
tcga2012,191,0.002435,0.005437
tcga2012,192,0.002740,0.005739
tcga2012,193,0.003694,0.008471
tcga2012,194,0.003391,0.006418
tcga2012,195,0.002104,0.004889
tcga2012,196,0.002567,0.003630
tcga2012,197,0.004576,0.010219
tcga2012,198,0.001808,0.001795
tcga2012,199,0.002186,0.004731
tcga2012,200,0.001624,0.001966
tcga2012,201,0.002577,0.005042
tcga2012,202,0.004512,0.011839
tcga2012,203,0.002906,0.007136
tcga2012,204,0.005376,0.007439
tcga2012,205,0.004991,0.012919
tcga2012,206,0.002235,0.004087
tcga2012,207,0.002473,0.004520
tcga2012,208,0.002849,0.006550
tcga2012,209,0.006031,0.013834
tcga2012,210,0.006225,0.015193
tcga2012,211,0.002715,0.003281
tcga2012,212,0.003276,0.008063
tcga2012,213,0.003540,0.005749
tcga2012,214,0.002846,0.004244
tcga2012,215,0.002955,0.006327
tcga2012,216,0.002119,0.003304
tcga2012,217,0.002077,0.003872
tcga2012,218,0.002359,0.004051
tcga2012,219,0.001735,0.001839
tcga2012,220,0.003050,0.006261
tcga2012,221,0.002261,0.002443
tcga2012,222,0.004018,0.007433
tcga2012,223,0.004737,0.013851
tcga2012,224,0.005474,0.020566
tcga2012,225,0.002367,0.004636
tcga2012,226,0.005441,0.007385
tcga2012,227,0.021134,0.013763
tcga2012,228,0.006196,0.013544
tcga2012,229,0.003454,0.008637
tcga2012,230,0.002634,0.005328
tcga2012,231,0.005100,0.013196
tcga2012,232,0.002691,0.005974
tcga2012,233,0.002799,0.006269
tcga2012,234,0.002276,0.002243
tcga2012,235,0.003155,0.005377
tcga2012,236,0.006487,0.007662
tcga2012,237,0.003142,0.008670
tcga2012,238,0.003220,0.005991
tcga2012,239,0.002680,0.002770
tcga2012,240,0.002588,0.003715
tcga2012,241,0.005165,0.014166
tcga2012,242,0.003377,0.008542
tcga2012,243,0.003253,0.010369
tcga2012,244,0.005043,0.009523
tcga2012,245,0.010722,0.017330
tcga2012,246,0.003610,0.005630
tcga2012,247,0.005315,0.026127
tcga2012,248,0.003302,0.007629
tcga2012,249,0.003037,0.008125
tcga2012,250,0.003232,0.003955
tcga2012,251,0.007965,0.034532
tcga2012,252,0.003145,0.006108
tcga2012,253,0.003186,0.007462
tcga2012,254,0.008523,0.024939
tcga2012,255,0.004570,0.010790
tcga2012,256,0.002070,0.006772
tcga2012,257,0.002447,0.003222
tcga2012,258,0.004596,0.013398
tcga2012,259,0.005866,0.013329
tcga2012,260,0.004372,0.009621
tcga2012,261,0.002259,0.001959
tcga2012,262,0.008705,0.014552
tcga2012,263,0.003508,0.017184
tcga2012,264,0.001691,0.003135
tcga2012,265,0.103751,0.105314
tcga2012,266,0.004655,0.006590
tcga2012,267,0.005673,0.038287
tcga2012,268,0.002713,0.006283
tcga2012,269,0.015923,0.037255
tcga2012,270,0.003132,0.004231
tcga2012,271,0.007044,0.020176
tcga2012,272,0.006763,0.016675
tcga2012,273,0.003465,0.006421
tcga2012,274,0.008188,0.904707
tcga2012,275,0.003054,0.005586
tcga2012,276,0.022735,0.013795
tcga2012,277,0.003525,0.005711
tcga2012,278,0.003252,0.005474
tcga2012,279,0.008765,0.024957
tcga2012,280,0.023537,0.036011
tcga2012,281,0.006121,0.009728
tcga2012,282,0.004496,0.008023
tcga2012,283,0.002600,0.007190
tcga2012,284,0.003793,0.006998
tcga2012,285,0.003665,0.005930
tcga2012,286,0.012523,0.015933
tcga2012,287,0.006695,0.012618
tcga2012,288,0.031153,0.037259
tcga2012,289,0.015008,0.019878
tcga2012,290,0.014756,0.015229
tcga2012,291,0.004502,0.008859
tcga2012,292,0.003209,0.005490
tcga2012,293,0.004764,0.009356
tcga2012,294,0.003047,0.009768
tcga2012,295,0.017200,0.024465
tcga2012,296,0.011084,0.022247
tcga2012,297,0.004702,0.011586
tcga2012,298,0.003709,0.006468
tcga2012,299,0.010251,0.049718
tcga2012,300,0.006810,0.018099
tcga2012,301,0.011962,0.013360
tcga2012,302,0.002669,0.004140
tcga2012,303,0.004928,0.012132
tcga2012,304,0.009539,0.026427
tcga2012,305,0.010401,0.030479
tcga2012,306,0.004211,0.006286
tcga2012,307,0.003519,0.005942
tcga2012,308,0.005864,0.013500
tcga2012,309,0.005031,0.012517
tcga2012,310,0.006772,0.012868
tcga2012,311,0.007327,0.030143
tcga2012,312,0.004189,0.008421
tcga2012,313,0.003005,0.004865
tcga2012,314,0.006073,0.022961
tcga2012,315,0.007664,0.021449
tcga2012,316,0.036045,0.019642
tcga2012,317,0.003745,0.006764
tcga2012,318,0.007302,0.017545
tcga2012,319,0.004693,0.011614
tcga2012,320,0.006157,0.017695
tcga2012,321,0.008930,1.269517
tcga2012,322,0.007407,0.008319
tcga2012,323,0.006627,0.012800
tcga2012,324,0.002379,0.005215
tcga2012,325,0.012314,0.013848
tcga2012,326,0.008835,0.049120
tcga2012,327,0.005261,0.014340
tcga2012,328,0.004578,0.011451
tcga2012,329,0.030215,0.018447
tcga2012,330,0.009699,0.087361
tcga2012,331,0.012021,0.046806
tcga2012,332,0.002911,0.005215
tcga2012,333,0.003512,0.005835
tcga2012,334,0.006429,0.027129
tcga2012,335,0.002781,0.004239
tcga2012,336,0.004352,0.009589
tcga2012,337,0.043383,0.203454
tcga2012,338,0.019607,0.019801
tcga2012,339,0.003212,0.007269
tcga2012,340,0.027245,0.108202
tcga2012,341,0.003756,0.008370
tcga2012,342,0.005979,0.012258
tcga2012,343,0.018159,0.079488
tcga2012,344,0.021377,0.049097
tcga2012,345,0.009859,0.028917
tcga2012,346,0.015704,0.025766
tcga2012,347,0.008147,0.052814
tcga2012,348,0.007604,0.348565
tcga2012,349,0.005357,0.013950
tcga2012,350,0.009616,0.017794
tcga2012,351,0.006343,0.015120
tcga2012,352,0.006828,0.031908
tcga2012,353,0.028525,0.055549
tcga2012,354,0.004999,0.011711
tcga2012,355,0.102112,0.030242
tcga2012,356,1.096482,2.730137
tcga2012,357,0.006461,0.009025
tcga2012,358,0.005403,0.009243
tcga2012,359,0.006729,0.015705
tcga2012,360,0.006484,0.015477
tcga2012,361,0.016767,0.056289
tcga2012,362,0.005704,0.014471
tcga2012,363,0.003658,0.015486
tcga2012,364,0.004477,0.011088
tcga2012,365,0.031262,0.103626
tcga2012,366,0.006564,0.012574
tcga2012,367,0.005857,0.022254
tcga2012,368,0.008114,0.021572
tcga2012,369,0.005688,0.011173
tcga2012,370,0.005755,0.013801
tcga2012,371,0.008703,0.028349
tcga2012,372,0.057018,0.052332
tcga2012,373,0.005205,0.011697
tcga2012,374,0.071591,0.052296
tcga2012,375,0.041423,0.021948
tcga2012,376,0.004862,0.009734
tcga2012,377,0.045332,0.044905
tcga2012,378,0.064293,0.070949
tcga2012,379,0.028953,0.048868
tcga2012,380,0.016685,0.013019
tcga2012,381,0.009560,0.153006
tcga2012,382,0.015100,0.034934
tcga2012,383,0.007809,0.066392
tcga2012,384,0.004644,0.013434
tcga2012,385,0.110529,0.039994
tcga2012,386,0.005862,0.018268
tcga2012,387,0.006913,0.014278
tcga2012,388,0.007047,0.026507
tcga2012,389,0.038742,0.061291
tcga2012,390,0.015706,0.030828
tcga2012,391,0.004423,0.010360
tcga2012,392,0.010958,0.027976
tcga2012,393,0.063102,0.057468
tcga2012,394,0.006742,0.009752
tcga2012,395,0.004164,0.005831
tcga2012,396,0.017204,0.069179
tcga2012,397,0.005185,0.009960
tcga2012,398,0.237635,0.839993
tcga2012,399,0.025655,0.011670
tcga2012,400,0.029930,0.024873
tcga2012,401,0.037697,0.153871
tcga2012,402,0.009017,0.017326
tcga2012,403,1.246738,0.789409
tcga2012,404,0.008800,0.023387
tcga2012,405,0.007901,0.050398
tcga2012,406,0.010167,0.343392
tcga2012,407,0.008866,0.048259
tcga2012,408,0.005926,0.023470
tcga2012,409,0.013125,0.022584
tcga2012,410,0.014754,0.022266
tcga2012,411,0.031471,0.020443
tcga2012,412,0.008811,0.019697
tcga2012,413,0.004802,0.010221
tcga2012,414,0.027350,0.028143
tcga2012,415,0.012350,0.052771
tcga2012,416,0.009390,0.039347
tcga2012,417,0.004642,0.009033
tcga2012,418,0.081295,0.246531
tcga2012,419,0.032412,8.357060
tcga2012,420,0.025988,0.060951
tcga2012,421,0.007190,0.016820
tcga2012,422,0.012740,0.027195
tcga2012,423,0.016030,0.218011
tcga2012,424,0.012681,0.067710
tcga2012,425,0.007014,0.062298
tcga2012,426,1.916360,1.195545
tcga2012,427,0.031121,0.077644
tcga2012,428,0.004731,0.009849
tcga2012,429,0.010944,0.027715
tcga2012,430,0.011728,0.379537
tcga2012,431,0.121773,0.114712
tcga2012,432,0.022199,0.030557
tcga2012,433,0.009049,0.036682
tcga2012,434,0.005673,0.016445
tcga2012,435,0.016204,0.028892
tcga2012,436,0.008975,0.016444
tcga2012,437,0.034744,0.083565
tcga2012,438,0.027077,0.517720
tcga2012,439,0.005203,0.010271
tcga2012,440,0.007595,0.033817
tcga2012,441,0.004178,0.009597
tcga2012,442,1.725925,0.799116
tcga2012,443,0.006855,0.019553
tcga2012,444,0.047866,0.047086
tcga2012,445,0.069682,0.044208
tcga2012,446,0.018359,0.049678
tcga2012,447,0.027710,0.263467
tcga2012,448,0.029353,0.301329
tcga2012,449,0.052113,0.436973
tcga2012,450,0.016241,0.258756
tcga2012,451,0.911919,0.154324
tcga2012,452,0.008932,0.072167
tcga2012,453,0.222882,0.268588
tcga2012,454,0.005469,0.158634
tcga2012,455,0.010705,0.020431
tcga2012,456,1.267370,1.233194
tcga2012,457,0.413996,0.372648
tcga2012,458,0.056482,0.015528
tcga2012,459,0.095408,0.105229
tcga2012,460,0.015803,0.029932
tcga2012,461,0.049882,0.057488
tcga2012,462,0.181081,0.215893
tcga2012,463,0.032341,0.056770
tcga2012,464,0.161010,0.247155
tcga2012,465,0.016055,0.030965
tcga2012,466,0.083431,0.033364
tcga2012,467,1.176777,0.711170
tcga2012,468,1.580479,55.480167
tcga2012,469,0.025663,0.015692
tcga2012,470,0.090528,0.038347
tcga2012,471,1.818834,1.529733
tcga2012,472,2.554983,3.464436
tcga2012,473,0.087906,0.027556
tcga2012,474,0.008866,0.014691
tcga2012,475,0.009126,0.030366
tcga2012,476,0.009400,0.025777
tcga2012,477,0.423820,0.948519
tcga2012,478,0.302751,0.543503
tcga2012,479,0.068869,0.019190
tcga2012,480,0.033923,0.027128
tcga2012,481,0.008405,0.031426
tcga2012,482,0.008894,0.054988
tcga2012,483,1.190922,1.059264
tcga2012,484,0.219278,0.386015
tcga2012,485,0.007832,0.018581
tcga2012,486,1.971204,2.226104
tcga2012,487,0.006593,0.037330
tcga2012,488,0.015430,0.031399
tcga2012,489,4.362654,10.825998
tcga2012,490,0.247439,2.655233
tcga2012,491,0.187724,0.205284
tcga2012,492,0.185257,0.210851
tcga2012,493,1.820337,2.138222
tcga2012,494,0.208746,0.668984
tcga2012,495,0.062642,0.732013
tcga2012,496,0.377292,0.621721
tcga2012,497,0.036840,0.058069
tcga2012,498,0.437918,1.552704
tcga2012,499,0.116383,0.598708
tcga2012,500,0.964432,0.655587
tcga2012,501,0.013584,0.017808
tcga2012,502,0.386598,1.037623
tcga2012,503,0.013222,0.109371
tcga2012,504,0.006521,0.014788
tcga2012,505,3.744177,31.395963
tcga2012,506,0.036486,0.023471
tcga2012,507,0.050828,0.180442
tcga2012,508,0.028776,0.477437
tcga2012,509,0.044937,0.023023
tcga2012,510,0.073036,0.021296
tcga2012,511,0.008804,0.033367
tcga2012,512,0.017759,0.190363
tcga2012,513,0.252463,0.497047
tcga2012,514,0.048978,0.312784
tcga2012,515,1.657978,0.400428
tcga2012,516,0.010951,0.071696
tcga2012,517,0.011817,0.037158
tcga2012,518,0.200560,0.536567
tcga2012,519,2.671296,12.408567
tcga2012,520,0.010430,0.281991
tcga2012,521,0.013781,0.017431
tcga2012,522,1.902832,6.155073
tcga2012,523,0.006647,0.012113
tcga2012,524,0.096598,0.029021
tcga2012,525,0.106210,0.087294
tcga2012,526,0.010917,0.027817
tcga2012,527,0.027747,0.086925
tcga2012,528,0.013019,0.024541
tcga2012,529,0.008508,0.027941
tcga2012,530,0.013442,0.104462
tcga2012,531,0.852605,2.251964
tcga2012,532,0.012095,0.033870
tcga2012,533,0.127685,0.197854
tcga2012,534,0.556347,0.359719
tcga2012,535,0.078264,0.037693
tcga2012,536,0.060213,0.373565
tcga2012,537,0.125170,0.084929
tcga2012,538,0.008252,0.017463
tcga2012,539,0.081355,0.075806
tcga2012,540,0.017654,0.084413
tcga2012,541,0.013155,0.113093
tcga2012,542,0.075937,0.885960
tcga2012,543,0.047375,0.012447
tcga2012,544,0.134922,0.190366
tcga2012,545,2.041599,0.211827
tcga2012,546,0.016300,0.015124
tcga2012,547,1.864583,0.459745
tcga2012,548,2.320208,61.963804
tcga2012,549,0.011922,0.028930
tcga2012,550,0.158740,0.045480
tcga2012,551,1.038629,4.403262
tcga2012,552,3.201830,1.155182
tcga2012,553,0.070966,0.039730
tcga2012,554,0.009108,0.020859
tcga2012,555,0.010079,0.051674
tcga2012,556,0.281459,0.275006
tcga2012,557,0.029143,0.014729
tcga2012,558,1.318231,0.447335
tcga2012,559,0.510777,2.438873
tcga2012,560,0.013075,0.016418
tcga2012,561,0.181928,0.095251
tcga2012,562,0.123951,0.268166
tcga2012,563,0.167444,0.159130
tcga2012,564,0.253144,0.216445
tcga2012,565,0.109013,0.029322
tcga2012,566,0.040551,0.442371
tcga2012,567,0.008697,0.041978
tcga2012,568,0.051007,0.363558
tcga2012,569,0.821107,2.014149
tcga2012,570,0.022607,0.022223
tcga2012,571,0.077335,1.216831
tcga2012,572,0.008925,0.027178
tcga2012,573,0.021908,22.961787
tcga2012,574,0.016591,0.184793
tcga2012,575,1.019826,0.023140
tcga2012,576,0.138242,0.180359
tcga2012,577,0.081614,0.019793
tcga2012,578,0.026331,0.030309
tcga2012,579,2.285528,1.466546
tcga2012,580,0.009420,0.063373
tcga2012,581,0.112316,0.035625
tcga2012,582,0.102707,0.251135
tcga2012,583,0.087712,0.297539
tcga2012,584,0.009240,0.049021
tcga2012,585,0.073571,0.071439
tcga2012,586,0.121123,0.056277
tcga2012,587,1.105075,1.391813
tcga2012,588,0.008475,0.021880
tcga2012,589,0.487581,0.096844
tcga2012,590,0.176910,8.986014
tcga2012,591,0.016818,0.025182
tcga2012,592,0.233367,0.523461
tcga2012,593,2.715879,11.094087
tcga2012,594,1.435636,6.957300
tcga2012,595,0.026248,0.093838
tcga2012,596,0.222676,0.794608
tcga2012,597,0.015350,0.041400
tcga2012,598,0.007793,0.163379
tcga2012,599,0.011765,0.053529
tcga2012,600,0.013002,0.075652
tcga2012,601,0.015093,0.031889
tcga2012,602,0.997170,0.259317
tcga2012,603,0.097674,0.063718
tcga2012,604,0.207376,0.881764
tcga2012,605,0.062872,0.054263
tcga2012,606,0.317577,0.598268
tcga2012,607,0.274718,1.939047
tcga2012,608,0.134210,0.336826
tcga2012,609,0.014786,0.031883
tcga2012,610,0.008736,0.015272
tcga2012,611,0.261306,0.581251
tcga2012,612,0.044002,0.034308
tcga2012,613,0.034754,0.030416
tcga2012,614,0.015581,0.025209
tcga2012,615,0.113586,0.342969
tcga2012,616,0.010859,0.024510
tcga2012,617,0.027263,0.060071
tcga2012,618,0.521828,0.699898
tcga2012,619,0.007773,0.037046
tcga2012,620,0.009184,0.039792
tcga2012,621,0.018866,0.021333
tcga2012,622,0.161368,1.651806
tcga2012,623,1.390468,1.866747
tcga2012,624,0.307465,1.884830
tcga2012,625,0.383250,0.310482
tcga2012,626,0.140572,0.077410
tcga2012,627,0.055588,0.451644
tcga2012,628,0.018035,0.345602
tcga2012,629,0.010306,0.863776
tcga2012,630,0.014562,0.019707
tcga2012,631,0.124152,0.071264
tcga2012,632,0.073480,1.637526
tcga2012,633,0.359603,2.463524
tcga2012,634,0.024899,0.117029
tcga2012,635,0.011324,0.021438
tcga2012,636,0.007521,0.037542
tcga2012,637,1.369785,22.787076
tcga2012,638,0.360259,0.357368
tcga2012,639,0.007668,0.059065
tcga2012,640,0.009676,0.041737
tcga2012,641,0.581795,20.281086
tcga2012,642,0.451592,1.851322
tcga2012,643,0.013336,0.027010
tcga2012,644,0.095971,0.077315
tcga2012,645,0.052650,0.075514
tcga2012,646,0.037454,0.368372
tcga2012,647,1.884439,4.372643
tcga2012,648,0.014226,1.237840
tcga2012,649,0.012287,0.304778
tcga2012,650,0.037885,0.418521
tcga2012,651,0.038211,0.212021
tcga2012,652,5.277765,42.320200
tcga2012,653,0.228932,0.377936
tcga2012,654,0.215886,0.084160
tcga2012,655,0.123127,0.090476
tcga2012,656,0.057276,0.114240
tcga2012,657,0.103108,0.029480
tcga2012,658,0.024364,0.024192
tcga2012,659,0.009140,0.042613
tcga2012,660,0.139732,0.228044
tcga2012,661,0.203302,1.473705
tcga2012,662,0.013397,1.059805
tcga2012,663,0.013085,0.025475
tcga2012,664,0.030286,0.066256
tcga2012,665,0.110445,0.074385
tcga2012,666,0.020239,0.033487
tcga2012,667,0.068476,0.019173
tcga2012,668,0.067879,0.025177
tcga2012,669,0.007811,0.073787
tcga2012,670,0.444991,0.609380
tcga2012,671,0.036483,0.399688
tcga2012,672,0.079571,1.100673
tcga2012,673,0.548460,15.027420
tcga2012,674,0.364035,1.396472
tcga2012,675,0.251454,1.502018
tcga2012,676,0.040637,0.011943
tcga2012,677,0.087552,0.057666
tcga2012,678,0.100178,0.031982
tcga2012,679,1.092232,0.657672
tcga2012,680,0.020214,0.029783
tcga2012,681,0.020429,0.122412
tcga2012,682,0.012805,0.123675
tcga2012,683,0.019055,0.115007
tcga2012,684,0.032451,0.049632
tcga2012,685,0.006825,0.055241
tcga2012,686,0.039163,0.035283
tcga2012,687,0.011524,0.029655
tcga2012,688,0.008291,0.030361
tcga2012,689,0.012191,0.085298
tcga2012,690,0.172851,3.462312
tcga2012,691,0.080665,0.047395
tcga2012,692,6.290374,1.252238
tcga2012,693,0.312033,7.913451
tcga2012,694,0.089813,0.031446
tcga2012,695,0.009087,0.059176
tcga2012,696,0.007344,0.022191
tcga2012,697,0.019791,0.139009
tcga2012,698,1.887013,0.598867
tcga2012,699,0.045413,0.025595
tcga2012,700,0.029439,0.092456
tcga2012,701,0.072633,0.062299
tcga2012,702,0.016325,27.384854
tcga2012,703,0.052719,0.048238
tcga2012,704,0.205673,0.065268
tcga2012,705,0.010159,0.183975
tcga2012,706,0.022364,0.010720
tcga2012,707,1.322044,5.413148
tcga2012,708,0.026583,0.159802
tcga2012,709,0.007411,0.023997
tcga2012,710,0.038795,0.023749
tcga2012,711,0.204526,3.649747
tcga2012,712,0.065466,0.032553
tcga2012,713,0.011897,0.729405
tcga2012,714,0.095492,0.230570
tcga2012,715,0.014630,0.022311
tcga2012,716,0.017741,0.779452
tcga2012,717,0.052265,0.021965
tcga2012,718,0.023548,0.179082
tcga2012,719,0.041753,0.041687
tcga2012,720,4.730738,6.079570
tcga2012,721,0.025654,0.019153
tcga2012,722,0.006446,0.029958
tcga2012,723,0.094428,0.055135
tcga2012,724,0.047523,4.610970
tcga2012,725,0.127398,0.184810
tcga2012,726,0.015975,0.030594
tcga2012,727,0.020505,0.366485
tcga2012,728,0.016695,0.025110
tcga2012,729,0.070386,0.057226
tcga2012,730,0.155376,0.283052
tcga2012,731,0.026873,0.051157
tcga2012,732,1.092931,3.508078
tcga2012,733,0.099504,0.047031
tcga2012,734,0.083175,0.491595
tcga2012,735,0.008402,0.534459
tcga2012,736,1.293383,0.246164
tcga2012,737,0.008944,0.031739
tcga2012,738,0.113148,0.052640
tcga2012,739,0.052298,0.130760
tcga2012,740,0.025046,0.261898
tcga2012,741,0.009832,0.027789
tcga2012,742,0.006061,0.325638
tcga2012,743,5.625458,26.358991
tcga2012,744,0.065588,0.067350
tcga2012,745,0.021247,0.137300
tcga2012,746,0.016224,0.035786
tcga2012,747,0.497625,1.364435
tcga2012,748,0.013635,0.034328
tcga2012,749,0.016251,0.221027
tcga2012,750,0.009282,0.020210
tcga2012,751,0.016815,0.699789
tcga2012,752,0.023460,0.048395
tcga2012,753,0.027708,1.409811
tcga2012,754,0.012242,0.022219
tcga2012,755,0.012865,0.469956
tcga2012,756,0.011738,0.072217
tcga2012,757,0.021107,0.231467
tcga2012,758,0.022083,5.378633
tcga2012,759,0.020529,0.026286
tcga2012,760,0.016737,0.040432
tcga2012,761,0.014489,1.707093
tcga2012,762,0.010357,0.017812
tcga2012,763,0.216789,0.877809
tcga2012,764,0.007736,0.047210
tcga2012,765,0.009887,0.139691
tcga2012,766,0.247684,8.727156
tcga2012,767,0.104775,0.029817
tcga2012,768,0.315642,1.380596
tcga2012,769,0.006998,0.047928
tcga2012,770,0.007053,0.016871
tcga2012,771,0.005936,0.052414
tcga2012,772,0.033990,0.099734
tcga2012,773,0.010796,0.027768
tcga2012,774,0.036035,0.024514
tcga2012,775,0.045372,0.027758
tcga2012,776,0.120105,0.155893
tcga2012,777,0.105908,0.107555
tcga2012,778,0.090817,0.053661
tcga2012,779,0.017211,0.027690
tcga2012,780,0.233021,0.079540
tcga2012,781,0.008922,0.045234
tcga2012,782,0.008213,0.023152
tcga2012,783,0.010566,0.050251
tcga2012,784,0.013425,0.083782
tcga2012,785,0.505779,0.648350
tcga2012,786,0.021323,0.142547
tcga2012,787,0.495608,6.847884
tcga2012,788,0.075181,0.024768
tcga2012,789,0.027453,0.046775
tcga2012,790,0.364189,0.311065
tcga2012,791,0.043305,0.050671
tcga2012,792,0.007297,0.031904
tcga2012,793,0.066379,0.031456
tcga2012,794,0.008673,0.030167
tcga2012,795,0.153697,0.201785
tcga2012,796,0.250111,0.262565
tcga2012,797,0.009790,0.100865
tcga2012,798,0.009579,0.023128
tcga2012,799,1.079463,12.427985
tcga2012,800,0.105985,0.146318
tcga2012,801,0.023560,0.037941
tcga2012,802,0.042340,0.103253
tcga2012,803,0.055009,0.027289
tcga2012,804,0.041613,0.190453
tcga2012,805,0.340250,0.719126
tcga2012,806,0.008636,0.057474
tcga2012,807,0.085428,0.043360
tcga2012,808,0.007219,0.018037
tcga2012,809,0.007258,0.026611
tcga2012,810,0.202820,0.446781
tcga2012,811,0.017283,0.171851
tcga2012,812,0.010321,0.033066
tcga2012,813,1.039444,7.871174
tcga2012,814,0.024994,0.106164
tcga2012,815,0.423084,1.109708
tcga2012,816,0.007838,0.021977
tcga2012,817,0.094633,0.056021
tcga2012,818,0.246904,462.897892
tcga2012,819,0.008359,0.503129
tcga2012,820,0.024641,1.728595
tcga2012,821,0.034190,0.030002
tcga2012,822,0.016930,0.042639
tcga2012,823,0.008322,0.025718
tcga2012,824,0.166539,0.190106
tcga2012,825,0.029633,0.181944
tcga2012,826,0.050172,0.037806
tcga2012,827,0.032984,0.134874
tcga2012,828,0.008329,0.035866
tcga2012,829,0.056341,0.492960
tcga2012,830,0.024860,0.319151
tcga2012,831,0.008493,0.021000
tcga2012,832,0.052468,0.297861
tcga2012,833,0.006803,0.028733
tcga2012,834,0.093359,0.074703
tcga2012,835,0.065059,0.198309
tcga2012,836,0.007491,0.029815
tcga2012,837,0.016632,0.041159
tcga2012,838,0.235045,0.375063
tcga2012,839,0.022906,0.083811
tcga2012,840,0.009446,0.037929
tcga2012,841,0.009658,0.028260
tcga2012,842,0.042692,0.320759
tcga2012,843,0.449822,0.356482
tcga2012,844,0.058690,0.041527
tcga2012,845,0.015981,0.024967
tcga2012,846,0.086687,0.082384
tcga2012,847,0.009038,0.027358
tcga2012,848,0.016006,0.023505
tcga2012,849,0.011222,0.024682
tcga2012,850,0.007655,0.045589
tcga2012,851,0.043297,0.026514
tcga2012,852,0.106657,0.099064
tcga2012,853,0.053682,0.058993
tcga2012,854,0.291981,0.266894
tcga2012,855,0.008090,0.040492
tcga2012,856,0.012832,0.021024
tcga2012,857,0.008873,0.492405
tcga2012,858,0.013158,0.055760
tcga2012,859,0.097884,0.026930
tcga2012,860,0.010100,0.041800
tcga2012,861,0.008852,0.015114
tcga2012,862,0.140133,0.757305
tcga2012,863,0.012964,0.082154
tcga2012,864,0.222185,0.703045
tcga2012,865,0.017306,0.028798
tcga2012,866,0.062617,0.040815
tcga2012,867,0.016500,0.057124
tcga2012,868,0.011579,0.022503
tcga2012,869,0.018475,0.020743
tcga2012,870,0.065016,0.045080
tcga2012,871,0.009588,0.025056
tcga2012,872,0.011145,0.028246
tcga2012,873,0.056023,33.163478
tcga2012,874,0.044620,0.162816
tcga2012,875,0.012974,0.036350
tcga2012,876,0.053157,0.389092
tcga2012,877,0.008414,0.024346
tcga2012,878,0.008133,0.025752
tcga2012,879,0.005865,0.023778
tcga2012,880,0.008637,0.114559
tcga2012,881,0.039329,0.249272
tcga2012,882,0.264648,0.266510
tcga2012,883,2.744733,0.476009
tcga2012,884,0.009574,0.041070
tcga2012,885,0.008914,0.023547
tcga2012,886,0.113196,0.044043
tcga2012,887,0.024687,0.018807
tcga2012,888,0.011414,0.021494
tcga2012,889,0.177687,0.666116
tcga2012,890,0.010588,0.036659
tcga2012,891,0.007747,0.022325
tcga2012,892,0.012121,3.039230
tcga2012,893,0.063998,0.105372
tcga2012,894,0.007468,0.014475
tcga2012,895,0.010246,0.028035
tcga2012,896,0.019972,0.085852
tcga2012,897,0.011267,0.079891
tcga2012,898,0.010021,0.093423
tcga2012,899,0.013257,0.289177
tcga2012,900,0.009029,0.845741
tcga2012,901,0.021883,0.298952
tcga2012,902,0.007541,0.048851
tcga2012,903,0.006279,0.061872
tcga2012,904,0.006938,0.017926
tcga2012,905,0.083770,0.030733
tcga2012,906,0.028252,0.023462
tcga2012,907,0.129540,0.186807
tcga2012,908,0.009479,0.061593
tcga2012,909,0.043413,0.034628
tcga2012,910,0.008352,0.021458
tcga2012,911,0.016960,0.022181
tcga2012,912,0.283445,0.261893
tcga2012,913,0.008723,0.018204
tcga2012,914,0.069088,7.330604
tcga2012,915,0.011577,0.185495
tcga2012,916,0.068473,0.042016
tcga2012,917,0.011027,0.027170
tcga2012,918,0.019977,0.028638
tcga2012,919,0.008541,0.044374
tcga2012,920,0.026524,0.025040
tcga2012,921,0.011419,0.025104
tcga2012,922,0.029846,0.063549
tcga2012,923,0.012845,0.076902
tcga2012,924,0.076750,0.051133
tcga2012,925,0.019628,0.028359
tcga2012,926,0.008286,0.027115
tcga2012,927,0.012971,0.082397
tcga2012,928,1.249359,1.777767
tcga2012,929,0.011143,0.021835
tcga2012,930,0.010280,0.030097
tcga2012,931,0.009014,0.138059
tcga2012,932,0.007056,0.628903
tcga2012,933,0.014873,0.300469
tcga2012,934,0.007965,0.255668
tcga2012,935,0.017496,0.082749
tcga2012,936,0.013955,0.022545
tcga2012,937,0.008927,0.107361
tcga2012,938,0.031276,0.027517
tcga2012,939,0.018949,0.105703
tcga2012,940,0.043958,0.023743
tcga2012,941,0.010434,0.026258
tcga2012,942,0.006634,0.018984
tcga2012,943,0.008410,0.021037
tcga2012,944,0.007123,0.029464
tcga2012,945,0.091006,0.032100
tcga2012,946,0.011109,0.022544
tcga2012,947,0.051663,0.032933
tcga2012,948,0.008464,0.049421
tcga2012,949,0.034624,0.024171
tcga2012,950,0.007282,0.020029
tcga2012,951,0.032985,0.024917
tcga2012,952,0.009260,0.186358
tcga2012,953,0.007182,0.027144
tcga2012,954,0.013620,0.023366
tcga2012,955,0.016812,0.072912
tcga2012,956,0.060090,0.047370
tcga2012,957,0.007032,0.024037
tcga2012,958,0.007186,0.079883
tcga2012,959,0.010857,0.027852
tcga2012,960,0.043494,0.155595
tcga2012,961,0.007554,0.022248
tcga2012,962,0.028186,0.213302
tcga2012,963,0.021192,0.021264
tcga2012,964,0.008416,0.188989
tcga2012,965,0.006549,0.075989
tcga2012,966,0.024734,0.022144
tcga2012,967,0.008268,0.032176
tcga2012,968,0.060914,0.107133
tcga2012,969,0.009486,0.072191
tcga2012,970,0.029252,0.040555
tcga2012,971,0.009246,0.024246
tcga2012,972,0.008372,0.147417
tcga2012,973,0.006706,0.033312
tcga2012,974,0.130895,0.156002
tcga2012,975,0.054678,0.027101
tcga2012,976,0.071562,0.025267
tcga2012,977,0.011659,0.124503
tcga2012,978,0.006586,0.022940
tcga2012,979,0.109014,0.032377
tcga2012,980,0.006009,0.027179
tcga2012,981,0.007817,0.023913
tcga2012,982,0.005774,0.023232
tcga2012,983,0.020544,0.046101
tcga2012,984,0.159651,0.191089
tcga2012,985,0.006983,0.022711
tcga2012,986,0.049111,0.017313
tcga2012,987,0.010061,0.022043
tcga2012,988,1.800644,2.574244
tcga2012,989,0.008476,0.023854
tcga2012,990,0.050112,0.026775
tcga2012,991,0.009415,0.034168
tcga2012,992,0.009835,0.029912
tcga2012,993,0.007653,0.025360
tcga2012,994,0.006773,0.028095
tcga2012,995,0.009155,0.023766
tcga2012,996,0.007420,0.018061
tcga2012,997,0.008979,0.028610
tcga2012,998,0.186541,0.297450
tcga2012,999,0.005510,0.038079
tcga2012,1000,0.009123,0.032061
tcga2013,1,0.006061,0.002162
tcga2013,2,0.003891,0.000680
tcga2013,3,0.001815,0.002643
tcga2013,4,0.001536,0.001773
tcga2013,5,0.001647,0.001225
tcga2013,6,0.001623,0.001582
tcga2013,7,0.001434,0.001619
tcga2013,8,0.001262,0.000428
tcga2013,9,0.001646,0.001511
tcga2013,10,0.001273,0.000431
tcga2013,11,0.001354,0.001051
tcga2013,12,0.001701,0.003054
tcga2013,13,0.002045,0.002405
tcga2013,14,0.001700,0.001670
tcga2013,15,0.001613,0.001044
tcga2013,16,0.001502,0.001047
tcga2013,17,0.001647,0.002567
tcga2013,18,0.001302,0.000348
tcga2013,19,0.001632,0.001612
tcga2013,20,0.001874,0.001631
tcga2013,21,0.001370,0.000566
tcga2013,22,0.002483,0.002508
tcga2013,23,0.001555,0.001316
tcga2013,24,0.002019,0.003545
tcga2013,25,0.001835,0.002314
tcga2013,26,0.001634,0.003046
tcga2013,27,0.002021,0.002683
tcga2013,28,0.001399,0.000855
tcga2013,29,0.001455,0.000828
tcga2013,30,0.001482,0.002892
tcga2013,31,0.001302,0.000964
tcga2013,32,0.001398,0.000698
tcga2013,33,0.001533,0.001952
tcga2013,34,0.001365,0.001580
tcga2013,35,0.001661,0.001516
tcga2013,36,0.001697,0.003738
tcga2013,37,0.001370,0.000609
tcga2013,38,0.002012,0.005258
tcga2013,39,0.002845,0.004773
tcga2013,40,0.001550,0.000812
tcga2013,41,0.001589,0.000743
tcga2013,42,0.001604,0.001599
tcga2013,43,0.001348,0.000479
tcga2013,44,0.001894,0.003459
tcga2013,45,0.001892,0.003926
tcga2013,46,0.001427,0.000773
tcga2013,47,0.001510,0.000991
tcga2013,48,0.001373,0.000678
tcga2013,49,0.001908,0.001655
tcga2013,50,0.001755,0.003165
tcga2013,51,0.001479,0.000674
tcga2013,52,0.001310,0.000364
tcga2013,53,0.001564,0.002830
tcga2013,54,0.001436,0.000607
tcga2013,55,0.001324,0.000830
tcga2013,56,0.001353,0.000424
tcga2013,57,0.001940,0.003300
tcga2013,58,0.001681,0.001720
tcga2013,59,0.001645,0.001359
tcga2013,60,0.002259,0.003159
tcga2013,61,0.002816,0.004527
tcga2013,62,0.001694,0.000709
tcga2013,63,0.001704,0.002077
tcga2013,64,0.001435,0.000643
tcga2013,65,0.001887,0.001682
tcga2013,66,0.002447,0.002469
tcga2013,67,0.001340,0.000649
tcga2013,68,0.001803,0.001490
tcga2013,69,0.003426,0.007945
tcga2013,70,0.001828,0.002689
tcga2013,71,0.001714,0.001277
tcga2013,72,0.001854,0.001995
tcga2013,73,0.001464,0.000830
tcga2013,74,0.001585,0.004225
tcga2013,75,0.001725,0.003690
tcga2013,76,0.001585,0.002432
tcga2013,77,0.002301,0.002063
tcga2013,78,0.001814,0.001656
tcga2013,79,0.001809,0.003053
tcga2013,80,0.001830,0.001634
tcga2013,81,0.002148,0.003158
tcga2013,82,0.001462,0.001671
tcga2013,83,0.001538,0.001329
tcga2013,84,0.001589,0.001181
tcga2013,85,0.001968,0.001472
tcga2013,86,0.001629,0.002041
tcga2013,87,0.001521,0.002988
tcga2013,88,0.001890,0.004117
tcga2013,89,0.001733,0.002589
tcga2013,90,0.001992,0.001958
tcga2013,91,0.001504,0.000706
tcga2013,92,0.002205,0.002182
tcga2013,93,0.001979,0.002070
tcga2013,94,0.002214,0.002446
tcga2013,95,0.001305,0.000751
tcga2013,96,0.001680,0.002395
tcga2013,97,0.001278,0.000396
tcga2013,98,0.001517,0.000988
tcga2013,99,0.002456,0.002837
tcga2013,100,0.001858,0.002825
tcga2013,101,0.001858,0.002794
tcga2013,102,0.001420,0.000869
tcga2013,103,0.001693,0.002416
tcga2013,104,0.002205,0.001881
tcga2013,105,0.001794,0.002714
tcga2013,106,0.001930,0.001420
tcga2013,107,0.001647,0.003359
tcga2013,108,0.002155,0.003288
tcga2013,109,0.001646,0.001289
tcga2013,110,0.001653,0.001343
tcga2013,111,0.001633,0.002654
tcga2013,112,0.002541,0.003475
tcga2013,113,0.001432,0.001682
tcga2013,114,0.002289,0.002336
tcga2013,115,0.003090,0.004442
tcga2013,116,0.002090,0.002333
tcga2013,117,0.001585,0.001390
tcga2013,118,0.001455,0.001073
tcga2013,119,0.001357,0.000778
tcga2013,120,0.001597,0.001557
tcga2013,121,0.001622,0.001770
tcga2013,122,0.001787,0.001490
tcga2013,123,0.001996,0.001697
tcga2013,124,0.001537,0.001833
tcga2013,125,0.001306,0.000747
tcga2013,126,0.001965,0.002957
tcga2013,127,0.001501,0.000680
tcga2013,128,0.001831,0.000863
tcga2013,129,0.001764,0.002484
tcga2013,130,0.002497,0.003029
tcga2013,131,0.002122,0.001950
tcga2013,132,0.001887,0.003478
tcga2013,133,0.002099,0.001651
tcga2013,134,0.001849,0.001542
tcga2013,135,0.001599,0.002160
tcga2013,136,0.001447,0.001267
tcga2013,137,0.001717,0.004282
tcga2013,138,0.001326,0.000742
tcga2013,139,0.001483,0.000960
tcga2013,140,0.002122,0.002239
tcga2013,141,0.003533,0.006308
tcga2013,142,0.001450,0.001024
tcga2013,143,0.001725,0.002443
tcga2013,144,0.001883,0.002267
tcga2013,145,0.001894,0.003346
tcga2013,146,0.003009,0.003623
tcga2013,147,0.002511,0.005162
tcga2013,148,0.002135,0.002276
tcga2013,149,0.002060,0.001342
tcga2013,150,0.001550,0.001589
tcga2013,151,0.001912,0.001737
tcga2013,152,0.001947,0.003571
tcga2013,153,0.002732,0.003904
tcga2013,154,0.003218,0.004599
tcga2013,155,0.002446,0.003776
tcga2013,156,0.001494,0.001728
tcga2013,157,0.001573,0.002115
tcga2013,158,0.002361,0.002984
tcga2013,159,0.002124,0.002393
tcga2013,160,0.002075,0.004420
tcga2013,161,0.001839,0.001327
tcga2013,162,0.003391,0.007864
tcga2013,163,0.003011,0.006579
tcga2013,164,0.004723,0.012088
tcga2013,165,0.001365,0.000637
tcga2013,166,0.001685,0.003152
tcga2013,167,0.001759,0.001522
tcga2013,168,0.001870,0.001789
tcga2013,169,0.001418,0.000555
tcga2013,170,0.004729,0.012845
tcga2013,171,0.001455,0.001256
tcga2013,172,0.001666,0.003334
tcga2013,173,0.002232,0.004700
tcga2013,174,0.001642,0.000836
tcga2013,175,0.001864,0.004729
tcga2013,176,0.002489,0.003535
tcga2013,177,0.001654,0.001963
tcga2013,178,0.002799,0.005991
tcga2013,179,0.001581,0.001960
tcga2013,180,0.001573,0.001996
tcga2013,181,0.002274,0.001852
tcga2013,182,0.002806,0.006215
tcga2013,183,0.004132,0.013304
tcga2013,184,0.001552,0.002350
tcga2013,185,0.001738,0.001446
tcga2013,186,0.001600,0.001119
tcga2013,187,0.003431,0.008729
tcga2013,188,0.001790,0.003330
tcga2013,189,0.002499,0.004128
tcga2013,190,0.002077,0.002634
tcga2013,191,0.001879,0.003993
tcga2013,192,0.001591,0.001516
tcga2013,193,0.001587,0.003293
tcga2013,194,0.002361,0.004954
tcga2013,195,0.001870,0.001745
tcga2013,196,0.001267,0.000340
tcga2013,197,0.001802,0.001372
tcga2013,198,0.001816,0.002787
tcga2013,199,0.001902,0.001844
tcga2013,200,0.001642,0.001160
tcga2013,201,0.002200,0.003030
tcga2013,202,0.002084,0.002913
tcga2013,203,0.002537,0.005250
tcga2013,204,0.002142,0.003308
tcga2013,205,0.002330,0.001798
tcga2013,206,0.001957,0.002563
tcga2013,207,0.002174,0.001851
tcga2013,208,0.001550,0.002788
tcga2013,209,0.001752,0.003292
tcga2013,210,0.001843,0.003895
tcga2013,211,0.002882,0.004058
tcga2013,212,0.002114,0.003081
tcga2013,213,0.001421,0.001248
tcga2013,214,0.001957,0.003786
tcga2013,215,0.001697,0.001974
tcga2013,216,0.001938,0.003386
tcga2013,217,0.002801,0.004561
tcga2013,218,0.001800,0.001968
tcga2013,219,0.003783,0.009890
tcga2013,220,0.002512,0.005653
tcga2013,221,0.003452,0.007363
tcga2013,222,0.002865,0.004337
tcga2013,223,0.001450,0.002275
tcga2013,224,0.001967,0.002273
tcga2013,225,0.001766,0.003400
tcga2013,226,0.003241,0.007663
tcga2013,227,0.001767,0.002136
tcga2013,228,0.003427,0.005748
tcga2013,229,0.007055,0.010839
tcga2013,230,0.002280,0.003108
tcga2013,231,0.001709,0.001848
tcga2013,232,0.002035,0.002642
tcga2013,233,0.001903,0.003724
tcga2013,234,0.001660,0.001245
tcga2013,235,0.002117,0.002801
tcga2013,236,0.003646,0.006879
tcga2013,237,0.003558,0.009100
tcga2013,238,0.002192,0.002289
tcga2013,239,0.002071,0.001883
tcga2013,240,0.002581,0.003749
tcga2013,241,0.002938,0.006819
tcga2013,242,0.004223,0.011425
tcga2013,243,0.003493,0.007269
tcga2013,244,0.002808,0.006152
tcga2013,245,0.004585,0.006777
tcga2013,246,0.004784,0.011145
tcga2013,247,0.004845,0.018792
tcga2013,248,0.002898,0.004775
tcga2013,249,0.003784,0.007273
tcga2013,250,0.008092,0.030479
tcga2013,251,0.002649,0.006530
tcga2013,252,0.002392,0.004843
tcga2013,253,0.004846,0.005309
tcga2013,254,0.001403,0.001436
tcga2013,255,0.005385,0.016971
tcga2013,256,0.004963,0.012355
tcga2013,257,0.002499,0.003695
tcga2013,258,0.003377,0.006976
tcga2013,259,0.002561,0.005292
tcga2013,260,0.001942,0.004365
tcga2013,261,0.002084,0.004188
tcga2013,262,0.004940,0.013755
tcga2013,263,0.002318,0.004404
tcga2013,264,0.002444,0.004185
tcga2013,265,0.002226,0.002217
tcga2013,266,0.001725,0.004349
tcga2013,267,0.002468,0.004032
tcga2013,268,0.002483,0.002274
tcga2013,269,0.002820,0.005598
tcga2013,270,0.002355,0.005467
tcga2013,271,0.001786,0.002286
tcga2013,272,0.002014,0.002324
tcga2013,273,0.002700,0.008273
tcga2013,274,0.001858,0.003106
tcga2013,275,0.002737,0.002460
tcga2013,276,0.004417,0.011959
tcga2013,277,0.001835,0.002208
tcga2013,278,0.001740,0.001467
tcga2013,279,0.001387,0.000605
tcga2013,280,0.001941,0.002599
tcga2013,281,0.002404,0.002332
tcga2013,282,0.002533,0.002363
tcga2013,283,0.002892,0.004775
tcga2013,284,0.002025,0.003639
tcga2013,285,0.004740,0.012718
tcga2013,286,0.005877,0.016433
tcga2013,287,0.005986,0.030938
tcga2013,288,0.001370,0.000810
tcga2013,289,0.002446,0.002355
tcga2013,290,0.001876,0.003383
tcga2013,291,0.005797,0.012102
tcga2013,292,0.003037,0.005850
tcga2013,293,0.001837,0.003879
tcga2013,294,0.002675,0.005878
tcga2013,295,0.004029,0.007821
tcga2013,296,0.002532,0.004800
tcga2013,297,0.005859,0.015179
tcga2013,298,0.002487,0.004138
tcga2013,299,0.003959,0.006111
tcga2013,300,0.001780,0.003811
tcga2013,301,0.002554,0.005233
tcga2013,302,0.002807,0.004882
tcga2013,303,0.001950,0.007527
tcga2013,304,0.002658,0.003471
tcga2013,305,0.003426,0.006989
tcga2013,306,0.002176,0.004548
tcga2013,307,0.002551,0.006650
tcga2013,308,0.001873,0.002306
tcga2013,309,0.002019,0.004164
tcga2013,310,0.001523,0.002194
tcga2013,311,0.002779,0.004766
tcga2013,312,0.002190,0.005409
tcga2013,313,0.005625,0.017368
tcga2013,314,0.003087,0.005777
tcga2013,315,0.001750,0.003436
tcga2013,316,0.002344,0.006571
tcga2013,317,0.026671,0.021969
tcga2013,318,0.002735,0.002951
tcga2013,319,0.002080,0.003015
tcga2013,320,0.004079,0.011772
tcga2013,321,0.003303,0.007066
tcga2013,322,0.003431,0.006771
tcga2013,323,0.002042,0.001592
tcga2013,324,0.002554,0.004514
tcga2013,325,0.002757,0.007201
tcga2013,326,0.003279,0.003665
tcga2013,327,0.002302,0.003160
tcga2013,328,0.002179,0.004816
tcga2013,329,0.002843,0.008731
tcga2013,330,0.003349,0.008443
tcga2013,331,0.003054,0.004555
tcga2013,332,0.067247,0.130389
tcga2013,333,0.003423,0.004544
tcga2013,334,0.004072,0.007150
tcga2013,335,0.005096,0.012858
tcga2013,336,0.002935,0.004471
tcga2013,337,0.004682,0.012847
tcga2013,338,0.003952,0.007717
tcga2013,339,0.005189,0.029259
tcga2013,340,0.002622,0.003248
tcga2013,341,0.002173,0.001938
tcga2013,342,0.002242,0.005269
tcga2013,343,0.003582,0.008429
tcga2013,344,0.002239,0.002607
tcga2013,345,0.004615,0.011014
tcga2013,346,0.004020,0.009687
tcga2013,347,0.004096,0.009168
tcga2013,348,0.002274,0.005175
tcga2013,349,0.002397,0.005077
tcga2013,350,0.003665,0.009021
tcga2013,351,0.004179,0.012882
tcga2013,352,0.003263,0.006500
tcga2013,353,0.012354,0.021922
tcga2013,354,0.004008,0.010107
tcga2013,355,0.004387,0.008574
tcga2013,356,0.001950,0.003735
tcga2013,357,0.002488,0.003771
tcga2013,358,0.001893,0.002821
tcga2013,359,0.002748,0.005768
tcga2013,360,0.002720,0.006098
tcga2013,361,0.020127,0.058898
tcga2013,362,0.003330,0.004171
tcga2013,363,0.002156,0.002644
tcga2013,364,0.004214,0.011620
tcga2013,365,0.004078,0.007484
tcga2013,366,0.002799,0.003793
tcga2013,367,0.006065,0.018197
tcga2013,368,0.005660,0.011689
tcga2013,369,0.003450,0.012127
tcga2013,370,0.002957,0.006168
tcga2013,371,0.002386,0.004770
tcga2013,372,0.005462,0.012682
tcga2013,373,0.002421,0.003315
tcga2013,374,0.003733,0.010875
tcga2013,375,0.001742,0.002939
tcga2013,376,0.002547,0.004944
tcga2013,377,0.002617,0.004635
tcga2013,378,0.006857,0.014375
tcga2013,379,0.002802,0.004853
tcga2013,380,0.006059,0.014186
tcga2013,381,0.003304,0.003380
tcga2013,382,0.002896,0.006238
tcga2013,383,0.002909,0.005554
tcga2013,384,0.006256,0.021263
tcga2013,385,0.005365,0.013701
tcga2013,386,0.003596,0.008348
tcga2013,387,0.005747,0.007899
tcga2013,388,0.002582,0.005711
tcga2013,389,0.008585,0.020393
tcga2013,390,0.002652,0.003063
tcga2013,391,0.006193,0.016636
tcga2013,392,0.007893,0.022435
tcga2013,393,0.005754,0.013147
tcga2013,394,0.002384,0.003984
tcga2013,395,0.004422,0.008781
tcga2013,396,0.003234,0.012990
tcga2013,397,0.003544,0.009290
tcga2013,398,0.007736,0.027007
tcga2013,399,0.003914,0.016259
tcga2013,400,0.010135,0.050411
tcga2013,401,0.002079,0.003496
tcga2013,402,0.003599,0.007768
tcga2013,403,0.004133,0.009329
tcga2013,404,0.003274,0.008259
tcga2013,405,0.004106,0.013251
tcga2013,406,0.004080,0.009503
tcga2013,407,0.002348,0.003119
tcga2013,408,0.007565,0.034393
tcga2013,409,0.003835,0.007622
tcga2013,410,0.001899,0.002147
tcga2013,411,0.074394,0.069407
tcga2013,412,0.007051,0.018484
tcga2013,413,0.002407,0.003134
tcga2013,414,0.005610,0.008124
tcga2013,415,0.004675,0.015223
tcga2013,416,0.002957,0.008015
tcga2013,417,0.002899,0.006175
tcga2013,418,0.005019,0.019457
tcga2013,419,0.009546,0.027245
tcga2013,420,0.004440,0.011432
tcga2013,421,0.003271,0.006707
tcga2013,422,0.002960,0.008310
tcga2013,423,0.003593,0.006931
tcga2013,424,0.005182,0.012581
tcga2013,425,0.018746,0.038581
tcga2013,426,0.005528,0.017885
tcga2013,427,0.005604,0.010199
tcga2013,428,0.008131,0.034687
tcga2013,429,0.005102,0.010804
tcga2013,430,0.012407,0.024694
tcga2013,431,0.003391,0.006690
tcga2013,432,0.035683,0.119288
tcga2013,433,0.009693,0.038492
tcga2013,434,0.003744,0.021596
tcga2013,435,0.004502,0.015858
tcga2013,436,0.003232,0.006910
tcga2013,437,0.004621,0.011317
tcga2013,438,0.005238,0.007681
tcga2013,439,0.005960,0.028461
tcga2013,440,0.003108,0.008042
tcga2013,441,0.003007,0.005536
tcga2013,442,0.003797,0.010030
tcga2013,443,0.004525,0.018795
tcga2013,444,0.008959,0.080784
tcga2013,445,0.004434,0.007981
tcga2013,446,0.006414,0.046774
tcga2013,447,0.003512,0.010745
tcga2013,448,0.005151,0.011465
tcga2013,449,0.002879,0.007142
tcga2013,450,0.008621,0.014730
tcga2013,451,0.007707,0.010991
tcga2013,452,0.002710,0.002731
tcga2013,453,0.003004,0.003748
tcga2013,454,0.042076,0.073083
tcga2013,455,0.023373,0.056853
tcga2013,456,0.009288,0.010862
tcga2013,457,0.009938,0.024592
tcga2013,458,0.004321,0.009016
tcga2013,459,0.021932,0.013796
tcga2013,460,0.015100,0.037475
tcga2013,461,0.002867,0.006805
tcga2013,462,0.001934,0.002527
tcga2013,463,0.003842,0.008844
tcga2013,464,0.005236,0.012132
tcga2013,465,0.024975,0.036174
tcga2013,466,0.006337,0.019972
tcga2013,467,0.003506,0.007364
tcga2013,468,0.004641,0.009419
tcga2013,469,0.037079,0.026385
tcga2013,470,0.011483,0.069192
tcga2013,471,0.005552,0.028111
tcga2013,472,0.004409,0.016551
tcga2013,473,0.003434,0.005668
tcga2013,474,0.012678,0.033631
tcga2013,475,0.004145,0.009646
tcga2013,476,0.006150,0.026135
tcga2013,477,0.005125,0.031025
tcga2013,478,0.004676,0.011124
tcga2013,479,0.017969,0.030907
tcga2013,480,0.006969,0.055561
tcga2013,481,0.009423,0.025305
tcga2013,482,0.005671,0.015083
tcga2013,483,0.005237,0.013443
tcga2013,484,0.003200,0.007315
tcga2013,485,0.109806,0.044923
tcga2013,486,0.009944,0.059604
tcga2013,487,0.011166,0.049674
tcga2013,488,0.006162,0.013509
tcga2013,489,0.037492,0.019879
tcga2013,490,0.008365,0.019461
tcga2013,491,0.022390,0.123365
tcga2013,492,0.045326,0.036336
tcga2013,493,0.006560,0.013859
tcga2013,494,0.017837,0.031867
tcga2013,495,0.023651,0.043881
tcga2013,496,0.029040,1.058016
tcga2013,497,0.006530,0.009744
tcga2013,498,0.006364,0.045454
tcga2013,499,0.004190,0.010609
tcga2013,500,0.003499,0.007800
tcga2013,501,0.032331,0.043710
tcga2013,502,0.011559,0.030605
tcga2013,503,0.021413,0.088476
tcga2013,504,0.016258,0.037456
tcga2013,505,0.017896,0.034933
tcga2013,506,0.011081,0.012881
tcga2013,507,0.004456,0.010038
tcga2013,508,0.008754,0.012271
tcga2013,509,0.014496,0.027171
tcga2013,510,0.008862,0.025724
tcga2013,511,0.005414,0.008162
tcga2013,512,0.014771,0.040279
tcga2013,513,0.027421,0.115452
tcga2013,514,0.040435,0.029053
tcga2013,515,0.006488,0.017340
tcga2013,516,0.009213,0.016697
tcga2013,517,0.007623,0.050132
tcga2013,518,0.025712,0.122568
tcga2013,519,0.019952,0.052138
tcga2013,520,0.136526,0.183800
tcga2013,521,0.010339,0.044032
tcga2013,522,0.010373,0.112312
tcga2013,523,0.005833,0.013965
tcga2013,524,0.018104,0.053969
tcga2013,525,0.006476,0.022062
tcga2013,526,0.005036,0.009373
tcga2013,527,0.012542,0.027396
tcga2013,528,0.048468,0.015940
tcga2013,529,0.003940,0.008006
tcga2013,530,0.125867,0.122348
tcga2013,531,0.004939,0.012310
tcga2013,532,0.008653,0.013424
tcga2013,533,0.006218,0.018343
tcga2013,534,0.142795,0.238514
tcga2013,535,0.012174,0.067504
tcga2013,536,0.006275,0.011259
tcga2013,537,0.004597,0.017701
tcga2013,538,0.051500,0.087309
tcga2013,539,0.007471,0.019564
tcga2013,540,0.009681,0.023339
tcga2013,541,0.007976,0.080574
tcga2013,542,0.010259,0.026498
tcga2013,543,0.008249,0.043244
tcga2013,544,0.109460,0.084853
tcga2013,545,0.007504,0.039959
tcga2013,546,0.005442,0.019667
tcga2013,547,0.008997,0.024619
tcga2013,548,0.008371,0.039079
tcga2013,549,0.008602,0.038603
tcga2013,550,0.006427,0.014677
tcga2013,551,0.004847,0.016724
tcga2013,552,0.006893,0.029079
tcga2013,553,0.009523,0.020210
tcga2013,554,0.019775,0.031586
tcga2013,555,0.009207,0.092506
tcga2013,556,0.010570,0.012836
tcga2013,557,0.012503,0.116163
tcga2013,558,0.009815,0.060093
tcga2013,559,0.007076,0.019746
tcga2013,560,0.073072,0.031843
tcga2013,561,0.010026,0.039771
tcga2013,562,0.011475,0.037580
tcga2013,563,0.024266,0.091814
tcga2013,564,0.005415,0.011283
tcga2013,565,0.005828,0.015577
tcga2013,566,0.034681,0.067076
tcga2013,567,0.006344,0.010995
tcga2013,568,0.033542,0.042276
tcga2013,569,0.321148,0.120095
tcga2013,570,0.006009,0.017849
tcga2013,571,0.049957,0.437973
tcga2013,572,0.054702,0.052265
tcga2013,573,0.008557,0.072491
tcga2013,574,0.020276,0.048646
tcga2013,575,0.036208,0.280441
tcga2013,576,0.041788,0.186470
tcga2013,577,0.010296,0.018408
tcga2013,578,0.005009,0.010352
tcga2013,579,0.008705,0.043562
tcga2013,580,0.008768,0.014962
tcga2013,581,0.024216,0.095594
tcga2013,582,0.009571,0.041038
tcga2013,583,0.003823,0.022865
tcga2013,584,0.008060,0.011751
tcga2013,585,0.008452,0.020702
tcga2013,586,0.007832,0.013508
tcga2013,587,0.069330,0.064106
tcga2013,588,0.019761,0.038359
tcga2013,589,0.008604,0.015743
tcga2013,590,0.007186,0.012258
tcga2013,591,0.006435,0.015315
tcga2013,592,0.017196,0.012188
tcga2013,593,0.004689,0.013306
tcga2013,594,0.034231,0.061380
tcga2013,595,0.019749,0.034104
tcga2013,596,0.007044,0.019302
tcga2013,597,0.007669,0.021847
tcga2013,598,0.034396,0.073738
tcga2013,599,0.007810,0.022303
tcga2013,600,0.068368,0.020074
tcga2013,601,0.004682,0.026488
tcga2013,602,0.002276,0.003559
tcga2013,603,0.006200,0.049710
tcga2013,604,1.067523,0.446874
tcga2013,605,0.023420,0.022585
tcga2013,606,0.441282,0.391714
tcga2013,607,0.006731,0.016738
tcga2013,608,0.007568,0.025087
tcga2013,609,0.057378,0.095239
tcga2013,610,0.008958,0.018709
tcga2013,611,0.005284,0.015627
tcga2013,612,0.637424,2.479135
tcga2013,613,0.067534,0.028245
tcga2013,614,0.032600,0.503917
tcga2013,615,0.009289,0.055281
tcga2013,616,0.027920,0.041820
tcga2013,617,0.007467,0.015489
tcga2013,618,0.010366,0.269207
tcga2013,619,0.006048,0.021678
tcga2013,620,0.009902,0.025940
tcga2013,621,0.006678,0.012755
tcga2013,622,0.069595,0.068016
tcga2013,623,0.016244,4.596367
tcga2013,624,0.009264,0.015693
tcga2013,625,0.006068,0.021044
tcga2013,626,0.006265,0.013497
tcga2013,627,0.003695,0.009290
tcga2013,628,0.007695,0.926909
tcga2013,629,0.005572,0.011726
tcga2013,630,0.015570,0.023605
tcga2013,631,0.010652,0.020589
tcga2013,632,0.010856,0.024526
tcga2013,633,0.045865,0.056067
tcga2013,634,0.024592,0.053535
tcga2013,635,0.004030,0.012708
tcga2013,636,0.009763,0.022535
tcga2013,637,0.085747,0.176700
tcga2013,638,1.089708,16.928568
tcga2013,639,0.099889,0.059092
tcga2013,640,0.007638,0.013727
tcga2013,641,0.020370,0.145066
tcga2013,642,0.009279,0.022001
tcga2013,643,0.044850,0.107752
tcga2013,644,0.008635,0.164691
tcga2013,645,0.804983,2.120886
tcga2013,646,0.010924,0.018914
tcga2013,647,0.050296,0.041804
tcga2013,648,0.010472,1.299510
tcga2013,649,0.006727,0.019513
tcga2013,650,0.009810,0.062119
tcga2013,651,0.563851,9.482567
tcga2013,652,0.018756,0.037135
tcga2013,653,0.085870,0.113862
tcga2013,654,0.006091,0.024457
tcga2013,655,0.024130,0.019222
tcga2013,656,0.007671,0.034298
tcga2013,657,0.009036,0.015311
tcga2013,658,0.077951,0.132775
tcga2013,659,0.025123,0.049775
tcga2013,660,0.004980,0.015064
tcga2013,661,0.283274,0.206979
tcga2013,662,0.050848,0.129781
tcga2013,663,0.008031,0.086606
tcga2013,664,0.043423,0.078375
tcga2013,665,0.007593,0.072243
tcga2013,666,0.016269,0.051875
tcga2013,667,0.005763,0.014181
tcga2013,668,0.008268,0.034554
tcga2013,669,0.030552,0.271801
tcga2013,670,0.008647,0.014295
tcga2013,671,0.020778,0.133289
tcga2013,672,0.006180,0.043285
tcga2013,673,0.017048,0.042629
tcga2013,674,0.021270,0.085997
tcga2013,675,0.009193,0.097404
tcga2013,676,0.007659,0.090801
tcga2013,677,0.012871,0.109919
tcga2013,678,0.017375,0.025461
tcga2013,679,0.004274,0.010707
tcga2013,680,0.030833,0.033201
tcga2013,681,0.080771,0.130608
tcga2013,682,0.007663,0.014142
tcga2013,683,0.165091,0.726843
tcga2013,684,0.075004,2.534268
tcga2013,685,0.011768,0.013621
tcga2013,686,0.010125,0.018129
tcga2013,687,0.137427,0.170219
tcga2013,688,0.014424,0.025081
tcga2013,689,0.008594,0.014962
tcga2013,690,0.012330,1.789223
tcga2013,691,0.050957,0.119998
tcga2013,692,0.268435,1.878781
tcga2013,693,0.104640,0.073664
tcga2013,694,0.008100,0.044697
tcga2013,695,0.273517,5.131680
tcga2013,696,0.107613,0.043066
tcga2013,697,0.010837,0.527658
tcga2013,698,0.060695,0.121702
tcga2013,699,0.010098,0.020722
tcga2013,700,0.033399,0.080009
tcga2013,701,0.079356,0.042994
tcga2013,702,1.023427,2.669695
tcga2013,703,1.206395,9.062536
tcga2013,704,0.062114,0.039306
tcga2013,705,0.518732,0.257389
tcga2013,706,0.046168,0.764169
tcga2013,707,0.019763,0.045446
tcga2013,708,4.119535,5.758939
tcga2013,709,1.682320,1.739623
tcga2013,710,0.060912,0.729237
tcga2013,711,1.056012,0.983503
tcga2013,712,0.008916,0.026685
tcga2013,713,0.011892,0.020809
tcga2013,714,1.392418,0.638569
tcga2013,715,0.008840,0.107658
tcga2013,716,0.005374,0.019829
tcga2013,717,0.127252,0.110018
tcga2013,718,1.236547,2.341481
tcga2013,719,0.024715,0.018570
tcga2013,720,0.015595,0.028902
tcga2013,721,0.007166,0.026167
tcga2013,722,0.005281,0.038476
tcga2013,723,0.072648,0.057430
tcga2013,724,0.019052,0.047900
tcga2013,725,0.488888,0.261331
tcga2013,726,0.134735,0.166563
tcga2013,727,0.265165,0.333077
tcga2013,728,0.014908,0.213189
tcga2013,729,0.006012,0.035382
tcga2013,730,0.045066,0.017231
tcga2013,731,0.103230,0.051960
tcga2013,732,0.005536,0.018288
tcga2013,733,1.710600,0.505580
tcga2013,734,0.013691,0.057002
tcga2013,735,0.017782,0.144307
tcga2013,736,0.042149,0.023370
tcga2013,737,0.021833,0.024308
tcga2013,738,2.495902,1.414689
tcga2013,739,0.229593,0.953197
tcga2013,740,0.012850,0.126542
tcga2013,741,0.159351,1.507891
tcga2013,742,1.846301,0.971976
tcga2013,743,0.049377,0.030275
tcga2013,744,0.807719,0.324275
tcga2013,745,0.107386,0.081166
tcga2013,746,0.009907,0.018982
tcga2013,747,0.085377,0.050103
tcga2013,748,0.009791,0.024942
tcga2013,749,0.012111,0.018671
tcga2013,750,0.007181,0.030586
tcga2013,751,0.008623,0.030381
tcga2013,752,0.038831,0.042593
tcga2013,753,0.593293,0.717736
tcga2013,754,0.033717,0.019908
tcga2013,755,0.070004,0.017118
tcga2013,756,0.018897,0.100207
tcga2013,757,0.113619,0.110990
tcga2013,758,0.006920,0.057341
tcga2013,759,0.007592,0.013410
tcga2013,760,0.808112,0.940579
tcga2013,761,0.027522,0.061264
tcga2013,762,0.015872,0.050552
tcga2013,763,0.015339,0.242393
tcga2013,764,0.124914,0.142266
tcga2013,765,0.027946,0.062586
tcga2013,766,0.069899,0.531109
tcga2013,767,2.017187,2.091498
tcga2013,768,0.015775,0.020288
tcga2013,769,3.474765,2.386726
tcga2013,770,0.018105,0.021415
tcga2013,771,0.044947,0.047521
tcga2013,772,0.004680,0.010277
tcga2013,773,0.102990,0.086472
tcga2013,774,1.474291,1.849173
tcga2013,775,0.028842,0.100971
tcga2013,776,0.048924,0.021102
tcga2013,777,0.161780,0.111501
tcga2013,778,0.473901,7.098989
tcga2013,779,0.007233,0.030512
tcga2013,780,2.744242,0.966280
tcga2013,781,2.680292,7.965375
tcga2013,782,0.276633,0.100763
tcga2013,783,0.012476,0.133924
tcga2013,784,0.014676,0.034340
tcga2013,785,0.140796,0.104731
tcga2013,786,1.252446,3.801141
tcga2013,787,2.766463,1.652586
tcga2013,788,0.009540,0.024253
tcga2013,789,0.029113,15.178501
tcga2013,790,0.103371,0.237042
tcga2013,791,0.088775,0.055159
tcga2013,792,0.090022,0.073047
tcga2013,793,0.016019,0.110733
tcga2013,794,0.013093,0.113183
tcga2013,795,0.099776,0.188848
tcga2013,796,0.010310,0.140445
tcga2013,797,0.037992,0.047871
tcga2013,798,0.019596,0.098094
tcga2013,799,0.211717,0.119943
tcga2013,800,0.745621,0.778756
tcga2013,801,0.258864,0.739610
tcga2013,802,0.012911,0.116658
tcga2013,803,0.006561,0.070179
tcga2013,804,0.021562,0.048452
tcga2013,805,0.088450,0.040991
tcga2013,806,0.005922,0.021060
tcga2013,807,0.089036,0.063301
tcga2013,808,0.009353,0.049741
tcga2013,809,0.428746,1.062148
tcga2013,810,0.054488,3.303624
tcga2013,811,0.030565,0.244620
tcga2013,812,0.544816,2.097964
tcga2013,813,0.012271,0.026373
tcga2013,814,0.357238,0.269781
tcga2013,815,0.055294,0.028767
tcga2013,816,0.192556,0.319812
tcga2013,817,0.121291,0.887251
tcga2013,818,0.044076,0.098982
tcga2013,819,0.007740,0.027683
tcga2013,820,0.035483,0.050421
tcga2013,821,0.502146,6.046236
tcga2013,822,1.048665,0.783932
tcga2013,823,0.014531,0.130504
tcga2013,824,0.043993,0.022986
tcga2013,825,2.277737,1.588204
tcga2013,826,0.050254,0.124986
tcga2013,827,0.010017,0.024166
tcga2013,828,0.007554,0.019994
tcga2013,829,0.029158,0.036528
tcga2013,830,0.035485,0.390537
tcga2013,831,0.015055,0.019149
tcga2013,832,0.063108,0.306787
tcga2013,833,0.022128,0.089907
tcga2013,834,0.029803,0.562932
tcga2013,835,0.060701,0.035444
tcga2013,836,0.009820,0.021837
tcga2013,837,1.794087,1.678573
tcga2013,838,0.007589,0.014830
tcga2013,839,0.095119,0.097805
tcga2013,840,0.066384,0.666643
tcga2013,841,0.021755,0.116179
tcga2013,842,0.071841,0.291948
tcga2013,843,0.563748,0.240557
tcga2013,844,0.044109,0.751888
tcga2013,845,0.008056,0.021547
tcga2013,846,0.214299,0.201763
tcga2013,847,0.009723,0.036321
tcga2013,848,0.594962,5.198620
tcga2013,849,0.023698,0.052240
tcga2013,850,0.024824,0.043069
tcga2013,851,0.007331,0.020622
tcga2013,852,1.233714,6.362570
tcga2013,853,0.090597,0.039165
tcga2013,854,0.091923,0.031331
tcga2013,855,0.074722,0.071280
tcga2013,856,0.012062,0.017355
tcga2013,857,0.022081,0.060987
tcga2013,858,0.336576,12.352350
tcga2013,859,0.067779,0.048078
tcga2013,860,0.090518,0.067344
tcga2013,861,0.021890,0.028808
tcga2013,862,0.076033,0.266151
tcga2013,863,0.010978,0.014022
tcga2013,864,0.014942,0.064154
tcga2013,865,0.006083,0.035854
tcga2013,866,0.617074,0.346885
tcga2013,867,0.034783,1.826312
tcga2013,868,0.005519,0.027339
tcga2013,869,0.008426,0.092731
tcga2013,870,0.008865,0.020880
tcga2013,871,0.682962,0.661570
tcga2013,872,0.010153,0.058761
tcga2013,873,0.010362,0.071822
tcga2013,874,0.007839,0.068901
tcga2013,875,2.942221,13.771716
tcga2013,876,0.227481,2.638378
tcga2013,877,1.830863,25.108046
tcga2013,878,0.075729,0.056714
tcga2013,879,0.025772,0.033722
tcga2013,880,0.013304,0.051384
tcga2013,881,0.016911,0.107738
tcga2013,882,0.285607,12.102110
tcga2013,883,0.014706,0.034966
tcga2013,884,2.607336,0.679472
tcga2013,885,0.102603,0.055338
tcga2013,886,0.077525,0.078876
tcga2013,887,2.556695,15.592681
tcga2013,888,0.006717,0.019026
tcga2013,889,2.474679,0.251754
tcga2013,890,0.116363,0.038771
tcga2013,891,0.119204,0.030624
tcga2013,892,0.269586,0.843654
tcga2013,893,0.245724,0.995412
tcga2013,894,0.035715,0.204431
tcga2013,895,0.104343,0.020794
tcga2013,896,0.016392,0.504784
tcga2013,897,0.118357,0.044068
tcga2013,898,0.036274,0.059336
tcga2013,899,0.015137,0.081925
tcga2013,900,2.258095,10.687986
tcga2013,901,0.012163,0.082386
tcga2013,902,2.691476,28.101859
tcga2013,903,0.134148,0.159795
tcga2013,904,0.100275,0.034381
tcga2013,905,1.705231,0.236816
tcga2013,906,1.350527,17.662254
tcga2013,907,0.071720,0.026473
tcga2013,908,0.016212,0.028383
tcga2013,909,0.027904,0.051119
tcga2013,910,0.007149,0.026762
tcga2013,911,1.993559,4.457879
tcga2013,912,0.086580,0.128982
tcga2013,913,0.112735,0.406592
tcga2013,914,0.233896,0.553375
tcga2013,915,1.559220,1.846690
tcga2013,916,0.058612,0.024422
tcga2013,917,0.055668,0.671132
tcga2013,918,0.053474,0.028140
tcga2013,919,0.361284,3.520863
tcga2013,920,0.030227,0.101686
tcga2013,921,3.513628,6.039975
tcga2013,922,0.138765,0.328489
tcga2013,923,0.007656,0.022489
tcga2013,924,7.593006,78.566985
tcga2013,925,0.009099,0.106336
tcga2013,926,1.900953,0.951708
tcga2013,927,1.908902,0.275511
tcga2013,928,0.143187,0.096847
tcga2013,929,0.011267,0.025828
tcga2013,930,1.046829,1.984742
tcga2013,931,0.017318,0.041656
tcga2013,932,0.024370,0.018876
tcga2013,933,1.360065,1.061701
tcga2013,934,1.073099,0.487539
tcga2013,935,0.252154,0.428771
tcga2013,936,0.011722,0.030893
tcga2013,937,0.021678,0.018055
tcga2013,938,0.070085,0.055768
tcga2013,939,0.013483,0.063411
tcga2013,940,0.035931,0.020066
tcga2013,941,0.039487,0.038823
tcga2013,942,0.067258,0.020564
tcga2013,943,0.462489,1.907777
tcga2013,944,0.007644,0.057941
tcga2013,945,0.025770,0.029102
tcga2013,946,0.017053,0.023398
tcga2013,947,0.066603,0.067981
tcga2013,948,0.129210,0.166220
tcga2013,949,0.012424,0.029526
tcga2013,950,0.058516,0.723235
tcga2013,951,2.538358,24.128007
tcga2013,952,0.046614,5.619810
tcga2013,953,0.010276,0.139146
tcga2013,954,0.232384,1.340603
tcga2013,955,0.009831,1.435068
tcga2013,956,0.089797,0.031097
tcga2013,957,0.263893,0.030007
tcga2013,958,0.015409,0.069736
tcga2013,959,0.021398,0.019748
tcga2013,960,0.036446,0.049967
tcga2013,961,0.848843,0.514659
tcga2013,962,0.254759,1.750123
tcga2013,963,0.007893,0.031245
tcga2013,964,0.033951,0.792250
tcga2013,965,0.013942,0.072534
tcga2013,966,0.035775,0.040760
tcga2013,967,0.086096,0.030857
tcga2013,968,0.115520,0.113167
tcga2013,969,0.027900,0.078337
tcga2013,970,0.016339,0.111000
tcga2013,971,0.497332,0.251767
tcga2013,972,0.009013,0.053797
tcga2013,973,0.089098,0.067178
tcga2013,974,0.156243,3.096842
tcga2013,975,0.060821,0.029255
tcga2013,976,0.066920,0.666639
tcga2013,977,0.060962,0.097287
tcga2013,978,0.146706,0.178055
tcga2013,979,0.347438,0.280944
tcga2013,980,0.096213,0.068479
tcga2013,981,0.074877,0.079098
tcga2013,982,0.067062,0.039014
tcga2013,983,0.008367,0.037620
tcga2013,984,0.014149,0.112756
tcga2013,985,0.139523,0.224336
tcga2013,986,0.609613,0.491123
tcga2013,987,0.023932,2.971931
tcga2013,988,0.017889,0.163757
tcga2013,989,0.063480,0.026243
tcga2013,990,0.055550,0.044115
tcga2013,991,0.838625,123.972210
tcga2013,992,0.010892,0.152441
tcga2013,993,0.009119,0.113263
tcga2013,994,0.145269,0.257334
tcga2013,995,0.010586,0.073625
tcga2013,996,0.180271,0.209233
tcga2013,997,0.032587,0.043143
tcga2013,998,0.156341,0.221864
tcga2013,999,0.043733,2.642298
tcga2013,1000,0.032983,0.026982
tcga2014,1,0.005708,0.002093
tcga2014,2,0.003731,0.000588
tcga2014,3,0.001278,0.000380
tcga2014,4,0.001354,0.000541
tcga2014,5,0.002333,0.004952
tcga2014,6,0.001332,0.000506
tcga2014,7,0.001406,0.003346
tcga2014,8,0.001370,0.000571
tcga2014,9,0.001435,0.000604
tcga2014,10,0.001470,0.002866
tcga2014,11,0.001504,0.002693
tcga2014,12,0.001286,0.000689
tcga2014,13,0.001252,0.000349
tcga2014,14,0.001614,0.002794
tcga2014,15,0.001316,0.000430
tcga2014,16,0.001441,0.001806
tcga2014,17,0.001678,0.001670
tcga2014,18,0.001594,0.001987
tcga2014,19,0.001424,0.001927
tcga2014,20,0.002341,0.000764
tcga2014,21,0.001462,0.000678
tcga2014,22,0.001779,0.002316
tcga2014,23,0.001496,0.001600
tcga2014,24,0.001872,0.001849
tcga2014,25,0.001301,0.000377
tcga2014,26,0.001904,0.001603
tcga2014,27,0.001668,0.003417
tcga2014,28,0.001859,0.002021
tcga2014,29,0.001831,0.002050
tcga2014,30,0.001532,0.000639
tcga2014,31,0.001506,0.002480
tcga2014,32,0.001295,0.000674
tcga2014,33,0.001424,0.001192
tcga2014,34,0.001778,0.001386
tcga2014,35,0.001722,0.001028
tcga2014,36,0.001552,0.000904
tcga2014,37,0.001415,0.002444
tcga2014,38,0.001526,0.001302
tcga2014,39,0.001327,0.000427
tcga2014,40,0.001653,0.001694
tcga2014,41,0.001619,0.002896
tcga2014,42,0.001340,0.001186
tcga2014,43,0.001225,0.000301
tcga2014,44,0.001387,0.000481
tcga2014,45,0.001367,0.000507
tcga2014,46,0.002474,0.003456
tcga2014,47,0.001498,0.001062
tcga2014,48,0.001720,0.001370
tcga2014,49,0.001716,0.000818
tcga2014,50,0.001650,0.002591
tcga2014,51,0.001334,0.000453
tcga2014,52,0.001778,0.001505
tcga2014,53,0.001586,0.000726
tcga2014,54,0.002025,0.002273
tcga2014,55,0.001664,0.001113
tcga2014,56,0.005242,0.012147
tcga2014,57,0.001669,0.001367
tcga2014,58,0.001347,0.000471
tcga2014,59,0.001360,0.000502
tcga2014,60,0.001510,0.001702
tcga2014,61,0.003118,0.004866
tcga2014,62,0.001341,0.000853
tcga2014,63,0.002162,0.002152
tcga2014,64,0.001356,0.000678
tcga2014,65,0.002541,0.006118
tcga2014,66,0.002300,0.002216
tcga2014,67,0.001613,0.000925
tcga2014,68,0.002011,0.002121
tcga2014,69,0.002368,0.003667
tcga2014,70,0.001300,0.000375
tcga2014,71,0.001607,0.002190
tcga2014,72,0.002767,0.003612
tcga2014,73,0.001972,0.001890
tcga2014,74,0.001545,0.001344
tcga2014,75,0.001614,0.003485
tcga2014,76,0.001477,0.000930
tcga2014,77,0.002363,0.001596
tcga2014,78,0.001553,0.001464
tcga2014,79,0.001540,0.001399
tcga2014,80,0.002067,0.001768
tcga2014,81,0.001536,0.000893
tcga2014,82,0.001308,0.001397
tcga2014,83,0.001598,0.000718
tcga2014,84,0.002396,0.005210
tcga2014,85,0.001690,0.001183
tcga2014,86,0.001839,0.004742
tcga2014,87,0.002230,0.003630
tcga2014,88,0.001415,0.003197
tcga2014,89,0.001615,0.001691
tcga2014,90,0.001577,0.001814
tcga2014,91,0.001775,0.001193
tcga2014,92,0.001460,0.000848
tcga2014,93,0.002683,0.006336
tcga2014,94,0.004295,0.011712
tcga2014,95,0.002043,0.001459
tcga2014,96,0.002680,0.005279
tcga2014,97,0.002173,0.002990
tcga2014,98,0.001897,0.003119
tcga2014,99,0.001685,0.000964
tcga2014,100,0.001930,0.001882
tcga2014,101,0.001515,0.001286
tcga2014,102,0.002078,0.003583
tcga2014,103,0.001489,0.001381
tcga2014,104,0.002146,0.002819
tcga2014,105,0.002056,0.002242
tcga2014,106,0.002058,0.002610
tcga2014,107,0.001678,0.001991
tcga2014,108,0.002632,0.003930
tcga2014,109,0.003155,0.005827
tcga2014,110,0.001744,0.001462
tcga2014,111,0.003132,0.005221
tcga2014,112,0.002188,0.002287
tcga2014,113,0.002294,0.004375
tcga2014,114,0.001479,0.000643
tcga2014,115,0.002184,0.004370
tcga2014,116,0.001715,0.001221
tcga2014,117,0.002182,0.005370
tcga2014,118,0.003606,0.006147
tcga2014,119,0.002549,0.003381
tcga2014,120,0.002099,0.002137
tcga2014,121,0.002973,0.003417
tcga2014,122,0.002134,0.004684
tcga2014,123,0.002322,0.004109
tcga2014,124,0.002133,0.004470
tcga2014,125,0.002237,0.002261
tcga2014,126,0.003063,0.003424
tcga2014,127,0.001427,0.001537
tcga2014,128,0.002457,0.002956
tcga2014,129,0.002253,0.002905
tcga2014,130,0.002321,0.002395
tcga2014,131,0.002124,0.002403
tcga2014,132,0.001556,0.001773
tcga2014,133,0.002235,0.002395
tcga2014,134,0.002933,0.005080
tcga2014,135,0.002754,0.005505
tcga2014,136,0.002331,0.003061
tcga2014,137,0.001898,0.003094
tcga2014,138,0.002168,0.004882
tcga2014,139,0.002698,0.005847
tcga2014,140,0.002055,0.001276
tcga2014,141,0.002328,0.003800
tcga2014,142,0.001942,0.002069
tcga2014,143,0.001987,0.003235
tcga2014,144,0.004443,0.010233
tcga2014,145,0.002229,0.002801
tcga2014,146,0.002335,0.004161
tcga2014,147,0.001878,0.001814
tcga2014,148,0.004201,0.008069
tcga2014,149,0.002416,0.003620
tcga2014,150,0.005451,0.014499
tcga2014,151,0.002827,0.002879
tcga2014,152,0.002042,0.004943
tcga2014,153,0.001725,0.000977
tcga2014,154,0.002947,0.004939
tcga2014,155,0.002248,0.003599
tcga2014,156,0.006501,0.005987
tcga2014,157,0.003515,0.007477
tcga2014,158,0.003160,0.007443
tcga2014,159,0.001783,0.002867
tcga2014,160,0.002905,0.007841
tcga2014,161,0.002290,0.003025
tcga2014,162,0.001829,0.002379
tcga2014,163,0.001516,0.002003
tcga2014,164,0.002704,0.003127
tcga2014,165,0.002240,0.003992
tcga2014,166,0.002493,0.004282
tcga2014,167,0.002511,0.006420
tcga2014,168,0.001474,0.000995
tcga2014,169,0.002587,0.003311
tcga2014,170,0.001983,0.003976
tcga2014,171,0.003186,0.004246
tcga2014,172,0.001910,0.002166
tcga2014,173,0.004674,0.010949
tcga2014,174,0.003925,0.009969
tcga2014,175,0.001662,0.002304
tcga2014,176,0.001982,0.002202
tcga2014,177,0.002907,0.004575
tcga2014,178,0.002489,0.003180
tcga2014,179,0.001742,0.002926
tcga2014,180,0.001933,0.001702
tcga2014,181,0.001756,0.001387
tcga2014,182,0.003601,0.006422
tcga2014,183,0.003043,0.005828
tcga2014,184,0.004693,0.012874
tcga2014,185,0.001600,0.001815
tcga2014,186,0.002025,0.002533
tcga2014,187,0.003735,0.007291
tcga2014,188,0.002393,0.005592
tcga2014,189,0.002699,0.003270
tcga2014,190,0.003713,0.008207
tcga2014,191,0.002399,0.004490
tcga2014,192,0.001982,0.002464
tcga2014,193,0.002536,0.005304
tcga2014,194,0.006424,0.013454
tcga2014,195,0.002185,0.002626
tcga2014,196,0.001807,0.002033
tcga2014,197,0.002716,0.003583
tcga2014,198,0.004408,0.009214
tcga2014,199,0.002691,0.004241
tcga2014,200,0.004079,0.011169
tcga2014,201,0.003589,0.008909
tcga2014,202,0.052084,0.071104
tcga2014,203,0.010544,0.043374
tcga2014,204,0.003885,0.009161
tcga2014,205,0.002482,0.001860
tcga2014,206,0.005731,0.015474
tcga2014,207,0.002853,0.003249
tcga2014,208,0.005912,0.012037
tcga2014,209,0.001924,0.003555
tcga2014,210,0.002515,0.003950
tcga2014,211,0.004206,0.006013
tcga2014,212,0.002910,0.005317
tcga2014,213,0.004119,0.009540
tcga2014,214,0.001995,0.001565
tcga2014,215,0.002797,0.005705
tcga2014,216,0.003598,0.006753
tcga2014,217,0.005756,0.014763
tcga2014,218,0.002386,0.006346
tcga2014,219,0.002623,0.003488
tcga2014,220,0.003217,0.005519
tcga2014,221,0.004589,0.010654
tcga2014,222,0.002235,0.004302
tcga2014,223,0.004092,0.010260
tcga2014,224,0.007675,0.017038
tcga2014,225,0.003163,0.005354
tcga2014,226,0.002319,0.004942
tcga2014,227,0.003544,0.007624
tcga2014,228,0.002598,0.005061
tcga2014,229,0.003001,0.005166
tcga2014,230,0.003836,0.009038
tcga2014,231,0.006378,0.011254
tcga2014,232,0.003414,0.007826
tcga2014,233,0.003461,0.009254
tcga2014,234,0.004162,0.011638
tcga2014,235,0.002304,0.006043
tcga2014,236,0.007432,0.018025
tcga2014,237,0.002417,0.005484
tcga2014,238,0.001808,0.004120
tcga2014,239,0.004020,0.012021
tcga2014,240,0.003150,0.007640
tcga2014,241,0.006745,0.026891
tcga2014,242,0.003250,0.005056
tcga2014,243,0.009048,0.031403
tcga2014,244,0.005635,0.012266
tcga2014,245,0.002094,0.004323
tcga2014,246,0.010475,0.020291
tcga2014,247,0.002098,0.003982
tcga2014,248,0.003746,0.007062
tcga2014,249,0.001993,0.004208
tcga2014,250,0.005186,0.016594
tcga2014,251,0.002097,0.003448
tcga2014,252,0.003177,0.007162
tcga2014,253,0.002678,0.003322
tcga2014,254,0.001589,0.005041
tcga2014,255,0.004812,0.011813
tcga2014,256,0.006060,0.011082
tcga2014,257,0.002836,0.007966
tcga2014,258,0.004686,0.011535
tcga2014,259,0.005292,0.009511
tcga2014,260,0.003689,0.009660
tcga2014,261,0.002361,0.003086
tcga2014,262,0.002355,0.006313
tcga2014,263,0.004534,0.028912
tcga2014,264,0.004740,0.013035
tcga2014,265,0.004506,0.013861
tcga2014,266,0.001793,0.001677
tcga2014,267,0.001768,0.004791
tcga2014,268,0.006135,0.015316
tcga2014,269,0.004746,0.012677
tcga2014,270,0.002954,0.006574
tcga2014,271,0.003145,0.005101
tcga2014,272,0.002423,0.004094
tcga2014,273,0.006102,0.013810
tcga2014,274,0.013617,0.022401
tcga2014,275,0.004429,0.018083
tcga2014,276,0.014528,0.023376
tcga2014,277,0.007232,0.016246
tcga2014,278,0.002910,0.006407
tcga2014,279,0.004874,0.010719
tcga2014,280,0.003417,0.008730
tcga2014,281,0.004399,0.009308
tcga2014,282,0.003279,0.007732
tcga2014,283,0.005396,0.017653
tcga2014,284,0.019498,0.064240
tcga2014,285,0.003923,0.009166
tcga2014,286,0.002088,0.004552
tcga2014,287,0.002288,0.005379
tcga2014,288,0.006401,0.017999
tcga2014,289,0.005648,0.025559
tcga2014,290,0.374862,0.408459
tcga2014,291,0.003374,0.007469
tcga2014,292,0.002650,0.008206
tcga2014,293,0.004642,0.016322
tcga2014,294,0.019600,0.077546
tcga2014,295,0.004685,0.009517
tcga2014,296,0.002996,0.006252
tcga2014,297,0.002800,0.003937
tcga2014,298,0.004201,0.005837
tcga2014,299,0.003326,0.013133
tcga2014,300,0.005463,0.012745
tcga2014,301,0.004919,0.021608
tcga2014,302,0.002901,0.005212
tcga2014,303,0.004896,0.011143
tcga2014,304,0.003795,0.008330
tcga2014,305,0.063749,0.042780
tcga2014,306,0.008593,0.017334
tcga2014,307,0.053393,0.143014
tcga2014,308,0.005802,0.016024
tcga2014,309,0.004236,0.012824
tcga2014,310,0.006243,0.015439
tcga2014,311,0.003832,0.007990
tcga2014,312,0.002352,0.005639
tcga2014,313,0.002801,0.004200
tcga2014,314,0.002405,0.006254
tcga2014,315,0.010080,0.025681
tcga2014,316,0.027110,0.061014
tcga2014,317,0.112184,0.196436
tcga2014,318,0.004688,0.010995
tcga2014,319,0.005712,0.010516
tcga2014,320,0.004646,0.013974
tcga2014,321,0.008142,0.010971
tcga2014,322,0.003150,0.007617
tcga2014,323,0.004991,0.017765
tcga2014,324,0.007766,0.050229
tcga2014,325,0.003181,0.004874
tcga2014,326,0.023860,0.026438
tcga2014,327,0.065527,0.019913
tcga2014,328,0.002700,0.006020
tcga2014,329,0.003772,0.007081
tcga2014,330,0.007835,0.050435
tcga2014,331,0.011956,0.047292
tcga2014,332,0.015857,0.145469
tcga2014,333,0.007473,0.021096
tcga2014,334,0.010541,0.017937
tcga2014,335,0.006716,0.015017
tcga2014,336,0.006239,0.012152
tcga2014,337,0.004398,0.015344
tcga2014,338,0.004059,0.014406
tcga2014,339,0.010531,0.039735
tcga2014,340,0.047813,0.285871
tcga2014,341,0.006237,0.011797
tcga2014,342,0.005557,0.016639
tcga2014,343,0.005509,0.013953
tcga2014,344,0.032546,0.036972
tcga2014,345,0.009307,0.014489
tcga2014,346,0.004689,0.010748
tcga2014,347,0.006983,0.013710
tcga2014,348,0.018752,0.023350
tcga2014,349,0.006874,0.020766
tcga2014,350,0.008184,0.013545
tcga2014,351,0.003137,0.008293
tcga2014,352,0.025616,0.058656
tcga2014,353,0.010458,0.025171
tcga2014,354,0.008432,0.026157
tcga2014,355,0.007024,0.013417
tcga2014,356,0.005888,0.010696
tcga2014,357,0.004731,0.015161
tcga2014,358,0.228781,0.429652
tcga2014,359,0.008068,0.014180
tcga2014,360,0.013328,0.016141
tcga2014,361,0.008565,0.305375
tcga2014,362,0.023076,0.039494
tcga2014,363,0.005573,0.017378
tcga2014,364,0.039760,0.260820
tcga2014,365,0.015948,0.032508
tcga2014,366,0.010880,0.019540
tcga2014,367,0.006528,0.022285
tcga2014,368,0.010514,0.037264
tcga2014,369,0.005780,0.011770
tcga2014,370,0.005639,0.020676
tcga2014,371,0.004579,0.011140
tcga2014,372,0.009057,0.021315
tcga2014,373,0.009386,0.038164
tcga2014,374,0.083578,0.018776
tcga2014,375,0.007281,0.011195
tcga2014,376,0.090906,0.066984
tcga2014,377,0.006386,0.593500
tcga2014,378,0.007132,0.014053
tcga2014,379,0.054780,0.029057
tcga2014,380,0.009079,0.023915
tcga2014,381,0.078539,0.151823
tcga2014,382,0.005888,0.022230
tcga2014,383,0.086361,0.020697
tcga2014,384,0.005592,0.013334
tcga2014,385,0.056895,0.266789
tcga2014,386,0.004825,0.013283
tcga2014,387,0.019085,0.068466
tcga2014,388,0.007555,0.017656
tcga2014,389,0.258693,1.549619
tcga2014,390,0.021784,0.026301
tcga2014,391,0.003441,0.011258
tcga2014,392,0.002001,0.004663
tcga2014,393,0.006764,0.016738
tcga2014,394,0.020504,0.075290
tcga2014,395,0.005727,0.019781
tcga2014,396,3.413477,12.712391
tcga2014,397,1.036710,0.793294
tcga2014,398,0.006678,0.017327
tcga2014,399,0.029764,0.009779
tcga2014,400,0.009893,0.028878
tcga2014,401,0.007682,0.016108
tcga2014,402,0.016312,0.039775
tcga2014,403,0.045554,1.378461
tcga2014,404,0.009006,0.013711
tcga2014,405,0.007945,0.022269
tcga2014,406,0.048963,0.206213
tcga2014,407,1.217270,0.525523
tcga2014,408,0.010768,0.064613
tcga2014,409,0.004943,0.008850
tcga2014,410,0.007224,0.021203
tcga2014,411,0.034896,0.087239
tcga2014,412,0.007587,0.013603
tcga2014,413,0.008781,0.046359
tcga2014,414,0.018670,0.047386
tcga2014,415,0.010353,0.026291
tcga2014,416,0.018736,0.199911
tcga2014,417,0.141105,0.160115
tcga2014,418,0.005611,0.012635
tcga2014,419,0.009867,0.019940
tcga2014,420,0.013183,0.073152
tcga2014,421,0.277294,0.392302
tcga2014,422,0.029033,0.071079
tcga2014,423,0.006544,0.013849
tcga2014,424,0.053426,0.178911
tcga2014,425,0.006212,0.129584
tcga2014,426,0.006356,0.015480
tcga2014,427,0.015921,0.108239
tcga2014,428,0.040211,0.051312
tcga2014,429,0.114675,0.060412
tcga2014,430,0.007961,0.018472
tcga2014,431,0.006437,0.016986
tcga2014,432,0.086361,0.152767
tcga2014,433,0.022659,0.147593
tcga2014,434,0.021089,0.047222
tcga2014,435,0.012768,0.029400
tcga2014,436,0.046150,0.089083
tcga2014,437,0.124162,0.106447
tcga2014,438,0.621769,1.794299
tcga2014,439,1.697560,0.430204
tcga2014,440,0.010267,0.066635
tcga2014,441,0.226167,2.287251
tcga2014,442,0.007804,0.063632
tcga2014,443,0.007336,0.030791
tcga2014,444,0.017984,0.017652
tcga2014,445,0.007130,0.173358
tcga2014,446,0.013549,0.028320
tcga2014,447,0.121794,0.211840
tcga2014,448,0.036547,0.489721
tcga2014,449,0.057710,0.155382
tcga2014,450,1.742510,28.378116
tcga2014,451,0.007912,0.018932
tcga2014,452,0.010386,0.032249
tcga2014,453,0.027846,0.067048
tcga2014,454,0.011934,0.037546
tcga2014,455,0.070517,0.187068
tcga2014,456,0.008887,0.254677
tcga2014,457,0.006126,0.014639
tcga2014,458,0.010617,0.066392
tcga2014,459,0.007364,0.024949
tcga2014,460,0.615805,0.504485
tcga2014,461,0.012554,0.103019
tcga2014,462,0.007844,0.091407
tcga2014,463,0.185441,0.020868
tcga2014,464,0.025649,0.075807
tcga2014,465,0.109348,0.089248
tcga2014,466,0.058607,0.034001
tcga2014,467,0.027309,0.023317
tcga2014,468,0.135259,0.121430
tcga2014,469,0.012999,0.027690
tcga2014,470,0.356810,0.360187
tcga2014,471,0.064165,0.445532
tcga2014,472,0.013953,0.017611
tcga2014,473,0.124980,0.073904
tcga2014,474,0.010679,0.171649
tcga2014,475,0.439076,1.265947
tcga2014,476,0.473993,0.503735
tcga2014,477,0.004476,0.010094
tcga2014,478,0.017364,0.026866
tcga2014,479,0.111717,0.100763
tcga2014,480,1.847878,1.275516
tcga2014,481,0.145480,0.191962
tcga2014,482,0.066014,0.030829
tcga2014,483,0.023337,0.024676
tcga2014,484,0.005002,0.015241
tcga2014,485,0.060379,0.025806
tcga2014,486,3.099423,6.379308
tcga2014,487,0.042290,1.303524
tcga2014,488,0.658289,0.372996
tcga2014,489,0.012396,0.062597
tcga2014,490,0.284391,1.131953
tcga2014,491,0.007706,0.023068
tcga2014,492,0.120899,0.101057
tcga2014,493,0.036175,0.144971
tcga2014,494,1.268613,2.979971
tcga2014,495,0.041356,0.714541
tcga2014,496,1.135433,0.618485
tcga2014,497,0.007681,0.052250
tcga2014,498,0.034660,0.199454
tcga2014,499,2.725818,2.135632
tcga2014,500,0.007525,0.014198
tcga2014,501,0.010402,0.068654
tcga2014,502,0.098161,0.084321
tcga2014,503,0.158324,0.567679
tcga2014,504,0.008924,0.154955
tcga2014,505,0.124747,0.122995
tcga2014,506,0.005126,0.017193
tcga2014,507,0.243149,0.170929
tcga2014,508,0.024036,0.044191
tcga2014,509,0.193951,0.329717
tcga2014,510,0.029658,0.053534
tcga2014,511,0.234940,2.055425
tcga2014,512,0.004472,0.036068
tcga2014,513,0.009052,0.035420
tcga2014,514,0.099295,0.100430
tcga2014,515,0.008626,0.053098
tcga2014,516,0.712987,0.288720
tcga2014,517,0.361513,1.020842
tcga2014,518,0.020883,0.042211
tcga2014,519,0.094390,0.094253
tcga2014,520,0.779703,2.180670
tcga2014,521,0.177349,0.311114
tcga2014,522,0.007458,0.021486
tcga2014,523,0.009890,0.025058
tcga2014,524,0.093259,0.028379
tcga2014,525,0.109753,0.044549
tcga2014,526,0.010607,0.038867
tcga2014,527,1.603503,0.280628
tcga2014,528,0.155370,0.202140
tcga2014,529,0.027838,7.459135
tcga2014,530,0.019157,0.141361
tcga2014,531,0.007653,0.028787
tcga2014,532,0.007060,0.022170
tcga2014,533,0.315988,34.099452
tcga2014,534,0.127219,0.104079
tcga2014,535,0.055979,0.290165
tcga2014,536,0.016158,0.110456
tcga2014,537,0.115297,0.092715
tcga2014,538,1.763956,41.620080
tcga2014,539,0.231774,0.614067
tcga2014,540,0.078984,0.088092
tcga2014,541,0.376707,1.195876
tcga2014,542,0.033879,0.275770
tcga2014,543,0.050655,0.060474
tcga2014,544,0.058218,0.501175
tcga2014,545,0.095901,0.072507
tcga2014,546,1.841325,1.915033
tcga2014,547,2.705199,0.752000
tcga2014,548,0.128603,0.108641
tcga2014,549,0.095441,0.045279
tcga2014,550,0.010609,0.026092
tcga2014,551,0.015934,0.099634
tcga2014,552,0.009483,0.031786
tcga2014,553,0.010941,0.052949
tcga2014,554,0.015294,0.101536
tcga2014,555,0.008426,0.046971
tcga2014,556,0.147069,0.195502
tcga2014,557,0.008526,0.036783
tcga2014,558,0.020620,0.035109
tcga2014,559,0.122442,0.160883
tcga2014,560,0.012879,0.028011
tcga2014,561,0.091484,0.638535
tcga2014,562,0.073131,0.028090
tcga2014,563,0.089236,0.058957
tcga2014,564,0.016573,0.243801
tcga2014,565,0.045986,0.084896
tcga2014,566,0.011028,0.026067
tcga2014,567,0.677586,0.405808
tcga2014,568,0.436169,0.347366
tcga2014,569,1.203771,2.950081
tcga2014,570,0.673482,0.866199
tcga2014,571,0.007090,0.011758
tcga2014,572,0.022595,0.025150
tcga2014,573,0.076292,0.059165
tcga2014,574,0.058628,0.312373
tcga2014,575,0.106648,0.108966
tcga2014,576,0.005759,0.031480
tcga2014,577,0.022570,0.090651
tcga2014,578,0.123201,0.185089
tcga2014,579,0.670824,1.922068
tcga2014,580,0.008875,0.029687
tcga2014,581,0.054714,0.032106
tcga2014,582,0.317154,1.070605
tcga2014,583,0.041672,0.041081
tcga2014,584,3.913670,43.174048
tcga2014,585,0.029877,0.853175
tcga2014,586,0.012438,0.077700
tcga2014,587,0.015169,0.026768
tcga2014,588,0.069173,2.788726
tcga2014,589,0.695007,0.380856
tcga2014,590,0.027987,0.751616
tcga2014,591,0.036962,0.089432
tcga2014,592,0.014131,1.207075
tcga2014,593,2.571270,10.828906
tcga2014,594,0.316229,0.885936
tcga2014,595,0.598326,0.556552
tcga2014,596,0.134731,0.140056
tcga2014,597,0.008035,0.018047
tcga2014,598,0.039725,0.026183
tcga2014,599,0.299836,1.797089
tcga2014,600,0.144137,0.493004
tcga2014,601,0.944916,0.888822
tcga2014,602,0.453059,0.231390
tcga2014,603,0.057282,0.238249
tcga2014,604,0.012027,0.021026
tcga2014,605,0.017247,1.121600
tcga2014,606,1.863746,0.721358
tcga2014,607,0.009437,0.027858
tcga2014,608,0.175285,0.338353
tcga2014,609,0.089042,0.109485
tcga2014,610,0.486361,1.904889
tcga2014,611,0.015260,1.193515
tcga2014,612,0.018720,0.037580
tcga2014,613,0.007608,0.015068
tcga2014,614,0.022147,0.048526
tcga2014,615,1.185924,24.138636
tcga2014,616,0.079017,0.513669
tcga2014,617,0.115755,7.116903
tcga2014,618,0.021606,0.041180
tcga2014,619,0.119458,0.137598
tcga2014,620,0.408140,1.143872
tcga2014,621,2.163539,1.421454
tcga2014,622,0.008331,0.023581
tcga2014,623,0.391872,0.598298
tcga2014,624,0.041661,4.648839
tcga2014,625,0.063463,0.030189
tcga2014,626,0.027562,0.065639
tcga2014,627,1.268031,0.728383
tcga2014,628,0.008193,0.044219
tcga2014,629,0.009467,0.020432
tcga2014,630,0.112994,0.198688
tcga2014,631,0.010227,0.019401
tcga2014,632,0.015882,0.262860
tcga2014,633,0.334741,3.121149
tcga2014,634,0.037172,0.597781
tcga2014,635,0.126749,0.098898
tcga2014,636,0.045001,0.509955
tcga2014,637,0.033446,1.355524
tcga2014,638,1.802541,15.483625
tcga2014,639,0.119232,0.115873
tcga2014,640,0.440629,17.682029
tcga2014,641,0.123105,0.174079
tcga2014,642,0.047448,0.098274
tcga2014,643,0.082163,0.087727
tcga2014,644,0.008103,0.222331
tcga2014,645,0.005414,0.020169
tcga2014,646,0.042868,0.046221
tcga2014,647,0.033846,1.837594
tcga2014,648,0.013363,0.023429
tcga2014,649,0.015680,3.080400
tcga2014,650,0.011719,0.032282
tcga2014,651,0.043571,0.275040
tcga2014,652,0.080388,0.019786
tcga2014,653,0.031684,0.090992
tcga2014,654,0.023065,0.231625
tcga2014,655,0.006533,0.183022
tcga2014,656,0.151273,1.470297
tcga2014,657,0.042433,0.093591
tcga2014,658,0.009379,0.037323
tcga2014,659,0.011073,0.024327
tcga2014,660,0.009060,0.018157
tcga2014,661,0.006435,0.018207
tcga2014,662,0.022551,0.444044
tcga2014,663,0.009685,0.037228
tcga2014,664,0.097358,0.091268
tcga2014,665,0.013281,0.131766
tcga2014,666,0.360185,0.615771
tcga2014,667,0.014752,0.014690
tcga2014,668,0.087494,0.070189
tcga2014,669,0.045918,0.094854
tcga2014,670,0.090100,0.094959
tcga2014,671,0.018282,0.095363
tcga2014,672,0.144946,0.817138
tcga2014,673,0.007246,0.020561
tcga2014,674,0.096345,0.053365
tcga2014,675,0.034872,1.036493
tcga2014,676,0.009577,0.026409
tcga2014,677,0.154357,0.269177
tcga2014,678,0.028931,0.050679
tcga2014,679,0.057264,0.080993
tcga2014,680,0.084201,0.114613
tcga2014,681,0.011950,0.832476
tcga2014,682,1.140308,22.767407
tcga2014,683,0.008704,0.026842
tcga2014,684,0.130377,0.302435
tcga2014,685,0.007974,0.113986
tcga2014,686,0.007043,0.058177
tcga2014,687,2.577855,0.354109
tcga2014,688,0.055333,0.459879
tcga2014,689,0.006944,0.049359
tcga2014,690,0.014133,0.030485
tcga2014,691,0.684586,2.562428
tcga2014,692,0.037245,0.037596
tcga2014,693,0.049168,0.355341
tcga2014,694,5.472945,24.895823
tcga2014,695,0.130040,0.154312
tcga2014,696,0.264917,0.341171
tcga2014,697,0.047106,0.025499
tcga2014,698,0.142235,14.210029
tcga2014,699,0.009638,0.017664
tcga2014,700,0.039920,0.071144
tcga2014,701,0.009979,0.569182
tcga2014,702,0.140440,3.227941
tcga2014,703,0.025957,0.120115
tcga2014,704,0.413642,0.860333
tcga2014,705,0.142441,0.026809
tcga2014,706,0.012364,0.039658
tcga2014,707,0.015758,0.070029
tcga2014,708,0.058754,0.019325
tcga2014,709,0.014390,0.023019
tcga2014,710,1.703820,36.417999
tcga2014,711,0.029281,0.032755
tcga2014,712,0.030049,2.470734
tcga2014,713,0.080014,0.040792
tcga2014,714,2.340775,8.732905
tcga2014,715,0.046387,0.047481
tcga2014,716,0.016325,0.046479
tcga2014,717,0.153895,1.501986
tcga2014,718,0.011150,0.046537
tcga2014,719,0.294596,0.027112
tcga2014,720,0.005966,0.036744
tcga2014,721,0.201739,0.836272
tcga2014,722,0.008229,0.084508
tcga2014,723,0.023707,0.174190
tcga2014,724,1.175372,0.214285
tcga2014,725,0.064764,0.095080
tcga2014,726,0.015399,0.021412
tcga2014,727,0.079955,0.124768
tcga2014,728,0.155893,0.117326
tcga2014,729,0.064340,0.158316
tcga2014,730,0.010053,0.050625
tcga2014,731,0.006905,0.033165
tcga2014,732,0.010791,0.032770
tcga2014,733,0.171908,1.334502
tcga2014,734,0.013938,0.084586
tcga2014,735,0.117490,0.165878
tcga2014,736,0.022878,1.181928
tcga2014,737,0.007351,0.018947
tcga2014,738,0.009699,0.080332
tcga2014,739,0.011563,0.028333
tcga2014,740,0.015810,0.093839
tcga2014,741,0.007331,0.043554
tcga2014,742,0.006536,0.033293
tcga2014,743,0.017921,0.025373
tcga2014,744,0.007415,0.031899
tcga2014,745,0.014901,0.036951
tcga2014,746,0.007378,0.032619
tcga2014,747,0.058389,0.030355
tcga2014,748,0.463654,0.798957
tcga2014,749,0.267899,1.525083
tcga2014,750,0.009583,0.028486
tcga2014,751,0.021477,0.980020
tcga2014,752,0.099256,906.397777
tcga2014,753,0.043755,0.078322
tcga2014,754,0.163209,0.346954
tcga2014,755,0.013068,0.087919
tcga2014,756,0.074770,0.035144
tcga2014,757,0.012060,0.195703
tcga2014,758,0.042139,0.025826
tcga2014,759,0.055432,0.429443
tcga2014,760,0.005339,1.038502
tcga2014,761,0.005950,0.019213
tcga2014,762,0.056440,0.301884
tcga2014,763,0.699705,0.535287
tcga2014,764,0.007663,0.019506
tcga2014,765,0.020337,0.147812
tcga2014,766,0.083247,0.057033
tcga2014,767,0.045014,0.086796
tcga2014,768,0.009300,0.030771
tcga2014,769,0.165686,0.310250
tcga2014,770,0.113813,0.121629
tcga2014,771,0.066800,2.629546
tcga2014,772,0.056644,0.058669
tcga2014,773,0.359407,0.167087
tcga2014,774,0.053235,0.098692
tcga2014,775,0.033427,0.022037
tcga2014,776,0.048156,0.114926
tcga2014,777,0.009879,0.026530
tcga2014,778,0.006620,0.016286
tcga2014,779,0.038872,0.104470
tcga2014,780,0.007000,0.021323
tcga2014,781,0.005543,0.034655
tcga2014,782,0.007745,0.024305
tcga2014,783,0.008027,0.032798
tcga2014,784,0.008147,0.096771
tcga2014,785,0.021308,0.020902
tcga2014,786,0.007393,0.028685
tcga2014,787,0.025480,0.060250
tcga2014,788,0.205571,0.265261
tcga2014,789,0.669492,5.938834
tcga2014,790,0.005743,0.024349
tcga2014,791,0.013140,0.026053
tcga2014,792,0.071319,0.073460
tcga2014,793,0.010547,0.017415
tcga2014,794,0.010104,0.051112
tcga2014,795,0.013605,0.054921
tcga2014,796,0.018109,0.620181
tcga2014,797,0.009286,0.028649
tcga2014,798,0.006299,0.018873
tcga2014,799,0.016457,0.140595
tcga2014,800,0.015334,0.026160
tcga2014,801,0.044095,0.016877
tcga2014,802,0.009571,0.039754
tcga2014,803,0.039497,0.023672
tcga2014,804,0.067983,1.354037
tcga2014,805,0.013468,0.082023
tcga2014,806,0.007148,0.019012
tcga2014,807,0.066905,0.476965
tcga2014,808,0.011374,0.031363
tcga2014,809,0.066909,0.038920
tcga2014,810,0.025624,0.103419
tcga2014,811,0.098579,0.092387
tcga2014,812,0.095569,0.081572
tcga2014,813,0.043700,0.033988
tcga2014,814,0.018803,0.053594
tcga2014,815,0.006953,0.059664
tcga2014,816,0.496438,0.331924
tcga2014,817,0.027048,0.024752
tcga2014,818,0.022945,0.053254
tcga2014,819,0.010929,0.014764
tcga2014,820,0.008416,0.017205
tcga2014,821,0.010551,0.026779
tcga2014,822,0.047259,0.023438
tcga2014,823,0.043026,0.020741
tcga2014,824,0.051801,0.023052
tcga2014,825,0.007865,0.024647
tcga2014,826,0.014653,0.017284
tcga2014,827,0.014455,0.382597
tcga2014,828,0.008768,0.028190
tcga2014,829,0.010829,0.038786
tcga2014,830,0.013296,0.018841
tcga2014,831,0.007251,0.022000
tcga2014,832,0.006652,0.147788
tcga2014,833,0.132224,0.240072
tcga2014,834,0.012100,0.020002
tcga2014,835,0.034468,3.021840
tcga2014,836,0.017760,0.054119
tcga2014,837,0.007610,0.024973
tcga2014,838,0.007754,0.182529
tcga2014,839,0.007133,0.020200
tcga2014,840,0.010665,0.030615
tcga2014,841,0.010335,0.015747
tcga2014,842,0.012283,0.019430
tcga2014,843,0.010968,0.024814
tcga2014,844,0.034133,0.088481
tcga2014,845,0.014763,0.027713
tcga2014,846,0.081559,0.043831
tcga2014,847,0.010111,0.031824
tcga2014,848,0.011990,0.043336
tcga2014,849,0.006469,0.023831
tcga2014,850,0.092157,0.175220
tcga2014,851,0.251839,0.303732
tcga2014,852,0.007521,0.022298
tcga2014,853,0.068036,0.057967
tcga2014,854,0.325060,0.201753
tcga2014,855,0.008621,0.072286
tcga2014,856,0.012534,0.076660
tcga2014,857,0.006961,0.021930
tcga2014,858,0.096978,0.032541
tcga2014,859,0.027634,0.022239
tcga2014,860,0.139000,0.329619
tcga2014,861,0.396813,1.456432
tcga2014,862,0.011222,0.084520
tcga2014,863,0.239115,0.428144
tcga2014,864,0.024889,0.035824
tcga2014,865,0.006085,0.019945
tcga2014,866,0.006784,0.023317
tcga2014,867,0.006685,0.081325
tcga2014,868,0.017176,0.029090
tcga2014,869,0.006979,0.019833
tcga2014,870,0.008071,0.024714
tcga2014,871,0.010735,0.977215
tcga2014,872,0.006356,0.021179
tcga2014,873,0.006793,0.024093
tcga2014,874,0.009620,0.036668
tcga2014,875,0.069516,0.026710
tcga2014,876,0.008780,0.021007
tcga2014,877,0.080468,0.027372
tcga2014,878,0.006771,0.018001
tcga2014,879,0.006903,0.029197
tcga2014,880,0.461188,1.897104
tcga2014,881,0.018348,0.060571
tcga2014,882,0.009798,0.190787
tcga2014,883,0.064724,0.024969
tcga2014,884,0.013522,0.054660
tcga2014,885,0.007579,0.134918
tcga2014,886,0.006475,0.069041
tcga2014,887,0.179703,1.846408
tcga2014,888,0.007185,0.031098
tcga2014,889,0.056324,0.044839
tcga2014,890,0.006090,0.020977
tcga2014,891,0.006366,0.022906
tcga2014,892,0.017633,0.018404
tcga2014,893,0.031714,0.031281
tcga2014,894,0.011619,0.019014
tcga2014,895,0.009264,0.209889
tcga2014,896,0.010529,21.765828
tcga2014,897,0.008357,0.035566
tcga2014,898,0.069890,0.060481
tcga2014,899,0.021687,0.536855
tcga2014,900,0.008898,0.016373
tcga2014,901,0.007503,0.023780
tcga2014,902,0.061264,0.036710
tcga2014,903,0.006846,0.073342
tcga2014,904,0.008026,0.054343
tcga2014,905,0.008859,0.042489
tcga2014,906,0.011032,0.014879
tcga2014,907,0.009494,0.031177
tcga2014,908,0.043780,0.018452
tcga2014,909,0.008007,0.043393
tcga2014,910,0.006808,0.018377
tcga2014,911,0.043288,0.034306
tcga2014,912,0.015902,0.086969
tcga2014,913,0.007886,0.025830
tcga2014,914,0.331203,0.771437
tcga2014,915,0.075860,0.085128
tcga2014,916,0.019345,0.028568
tcga2014,917,0.012113,0.025661
tcga2014,918,0.008105,0.018055
tcga2014,919,0.007980,0.025209
tcga2014,920,0.006862,0.023310
tcga2014,921,0.007478,0.036839
tcga2014,922,0.032031,0.043011
tcga2014,923,0.014304,0.025188
tcga2014,924,0.060537,0.028829
tcga2014,925,0.007263,0.022281
tcga2014,926,0.016655,0.024053
tcga2014,927,0.362325,0.567759
tcga2014,928,0.006355,0.021176
tcga2014,929,0.025955,0.030191
tcga2014,930,0.013253,0.067335
tcga2014,931,0.013675,0.109917
tcga2014,932,0.008573,0.022054
tcga2014,933,0.007580,0.034985
tcga2014,934,0.007538,0.020198
tcga2014,935,0.036509,0.106438
tcga2014,936,0.026395,1.432077
tcga2014,937,0.006311,0.021231
tcga2014,938,0.008294,0.050736
tcga2014,939,0.008482,0.024750
tcga2014,940,0.016514,0.422697
tcga2014,941,0.036972,0.039580
tcga2014,942,0.010575,0.027692
tcga2014,943,0.011527,0.187848
tcga2014,944,0.007044,0.021662
tcga2014,945,0.010547,0.053179
tcga2014,946,0.011348,0.164504
tcga2014,947,0.044583,0.021795
tcga2014,948,0.009427,0.021594
tcga2014,949,0.008563,0.027074
tcga2014,950,0.014947,0.021947
tcga2014,951,0.009711,0.027634
tcga2014,952,0.008252,0.028603
tcga2014,953,0.006306,0.044847
tcga2014,954,0.054618,0.033902
tcga2014,955,0.009655,0.024105
tcga2014,956,0.020764,0.022107
tcga2014,957,0.009768,0.031556
tcga2014,958,0.006119,0.026299
tcga2014,959,0.007954,0.023995
tcga2014,960,0.031210,0.027330
tcga2014,961,0.019111,0.050612
tcga2014,962,0.008688,0.544790
tcga2014,963,0.019453,0.029716
tcga2014,964,0.039724,0.019953
tcga2014,965,0.158909,4.397836
tcga2014,966,0.078144,0.023493
tcga2014,967,0.008672,0.176274
tcga2014,968,0.006535,0.014975
tcga2014,969,0.006477,0.020304
tcga2014,970,0.089891,0.056351
tcga2014,971,0.018429,0.200154
tcga2014,972,0.009368,0.031141
tcga2014,973,0.008427,0.022863
tcga2014,974,0.007512,0.024143
tcga2014,975,0.007633,0.059736
tcga2014,976,0.014588,0.043501
tcga2014,977,0.011520,0.025890
tcga2014,978,0.011925,0.023437
tcga2014,979,0.066896,0.139191
tcga2014,980,0.012666,0.017708
tcga2014,981,0.034597,0.019784
tcga2014,982,0.012044,0.022640
tcga2014,983,0.006600,0.046672
tcga2014,984,0.064838,0.078583
tcga2014,985,0.008919,0.027917
tcga2014,986,0.050039,0.022976
tcga2014,987,0.009708,0.028465
tcga2014,988,0.007768,0.018889
tcga2014,989,0.009040,0.045832
tcga2014,990,0.006387,0.023153
tcga2014,991,0.200811,0.443196
tcga2014,992,0.008887,0.023055
tcga2014,993,0.011221,0.019749
tcga2014,994,0.015957,0.146507
tcga2014,995,0.009091,0.032786
tcga2014,996,0.043431,0.094073
tcga2014,997,0.008405,0.019754
tcga2014,998,0.007420,0.023979
tcga2014,999,0.006992,0.025696
tcga2014,1000,0.008244,0.024339
tcga2015,1,0.005932,0.001390
tcga2015,2,0.003951,0.000835
tcga2015,3,0.001315,0.000620
tcga2015,4,0.001277,0.000444
tcga2015,5,0.001577,0.000955
tcga2015,6,0.001664,0.001269
tcga2015,7,0.001823,0.002502
tcga2015,8,0.001261,0.000385
tcga2015,9,0.001789,0.001902
tcga2015,10,0.001363,0.000507
tcga2015,11,0.001609,0.000869
tcga2015,12,0.001278,0.000423
tcga2015,13,0.001467,0.000633
tcga2015,14,0.001547,0.001028
tcga2015,15,0.002257,0.003018
tcga2015,16,0.002106,0.003371
tcga2015,17,0.002062,0.002030
tcga2015,18,0.001568,0.000964
tcga2015,19,0.001341,0.000782
tcga2015,20,0.001911,0.001475
tcga2015,21,0.001508,0.001820
tcga2015,22,0.001416,0.000885
tcga2015,23,0.001504,0.000729
tcga2015,24,0.001570,0.002527
tcga2015,25,0.001597,0.000816
tcga2015,26,0.001441,0.001471
tcga2015,27,0.001402,0.000589
tcga2015,28,0.001812,0.002504
tcga2015,29,0.001807,0.001639
tcga2015,30,0.001254,0.000672
tcga2015,31,0.001585,0.001208
tcga2015,32,0.001580,0.001774
tcga2015,33,0.001339,0.000707
tcga2015,34,0.003060,0.007346
tcga2015,35,0.003350,0.007569
tcga2015,36,0.001407,0.001065
tcga2015,37,0.001764,0.001033
tcga2015,38,0.001786,0.001232
tcga2015,39,0.001392,0.000484
tcga2015,40,0.001577,0.002833
tcga2015,41,0.002477,0.003385
tcga2015,42,0.001706,0.002227
tcga2015,43,0.001970,0.001459
tcga2015,44,0.001577,0.001200
tcga2015,45,0.002104,0.003750
tcga2015,46,0.001447,0.001164
tcga2015,47,0.001802,0.003386
tcga2015,48,0.001720,0.001268
tcga2015,49,0.001844,0.002467
tcga2015,50,0.001404,0.001342
tcga2015,51,0.001733,0.001902
tcga2015,52,0.002170,0.005470
tcga2015,53,0.001852,0.002157
tcga2015,54,0.001731,0.001214
tcga2015,55,0.001514,0.001161
tcga2015,56,0.001779,0.002392
tcga2015,57,0.001599,0.000737
tcga2015,58,0.001437,0.000581
tcga2015,59,0.001467,0.001688
tcga2015,60,0.001430,0.001115
tcga2015,61,0.001699,0.003556
tcga2015,62,0.001563,0.003301
tcga2015,63,0.001472,0.000802
tcga2015,64,0.001744,0.001636
tcga2015,65,0.001296,0.000890
tcga2015,66,0.002317,0.005517
tcga2015,67,0.001738,0.001672
tcga2015,68,0.002335,0.003928
tcga2015,69,0.001839,0.002669
tcga2015,70,0.001714,0.001287
tcga2015,71,0.001311,0.001893
tcga2015,72,0.002115,0.002557
tcga2015,73,0.001812,0.000985
tcga2015,74,0.001475,0.000926
tcga2015,75,0.002103,0.002791
tcga2015,76,0.001529,0.001155
tcga2015,77,0.002082,0.003099
tcga2015,78,0.001970,0.002508
tcga2015,79,0.001697,0.001432
tcga2015,80,0.001720,0.003144
tcga2015,81,0.001620,0.003910
tcga2015,82,0.002340,0.005365
tcga2015,83,0.001498,0.001036
tcga2015,84,0.001690,0.001264
tcga2015,85,0.002750,0.005251
tcga2015,86,0.002114,0.002714
tcga2015,87,0.001726,0.002093
tcga2015,88,0.001709,0.003300
tcga2015,89,0.001822,0.002487
tcga2015,90,0.001442,0.000792
tcga2015,91,0.001570,0.003184
tcga2015,92,0.001835,0.004173
tcga2015,93,0.001808,0.002168
tcga2015,94,0.001294,0.001561
tcga2015,95,0.001900,0.005110
tcga2015,96,0.001663,0.001717
tcga2015,97,0.002614,0.004686
tcga2015,98,0.001838,0.001937
tcga2015,99,0.001924,0.001593
tcga2015,100,0.002281,0.003728
tcga2015,101,0.001772,0.001125
tcga2015,102,0.002569,0.004187
tcga2015,103,0.002309,0.001719
tcga2015,104,0.001283,0.000353
tcga2015,105,0.001704,0.001434
tcga2015,106,0.002565,0.004610
tcga2015,107,0.002088,0.002060
tcga2015,108,0.001350,0.000599
tcga2015,109,0.002008,0.003697
tcga2015,110,0.001739,0.001372
tcga2015,111,0.001894,0.001557
tcga2015,112,0.001656,0.001357
tcga2015,113,0.003210,0.006438
tcga2015,114,0.001830,0.003072
tcga2015,115,0.002060,0.003681
tcga2015,116,0.002624,0.004410
tcga2015,117,0.001519,0.001266
tcga2015,118,0.001927,0.003121
tcga2015,119,0.001854,0.002411
tcga2015,120,0.002198,0.005379
tcga2015,121,0.001560,0.001923
tcga2015,122,0.002206,0.003600
tcga2015,123,0.002236,0.005288
tcga2015,124,0.001918,0.001544
tcga2015,125,0.001920,0.002975
tcga2015,126,0.002861,0.004243
tcga2015,127,0.001750,0.001727
tcga2015,128,0.002415,0.003250
tcga2015,129,0.002677,0.004024
tcga2015,130,0.002289,0.002213
tcga2015,131,0.002074,0.004690
tcga2015,132,0.002022,0.002509
tcga2015,133,0.002245,0.001807
tcga2015,134,0.001531,0.000848
tcga2015,135,0.002333,0.005739
tcga2015,136,0.002699,0.007224
tcga2015,137,0.002094,0.004865
tcga2015,138,0.002207,0.003910
tcga2015,139,0.002335,0.004513
tcga2015,140,0.001756,0.002230
tcga2015,141,0.001948,0.002331
tcga2015,142,0.002082,0.002108
tcga2015,143,0.003424,0.008259
tcga2015,144,0.002729,0.003826
tcga2015,145,0.002458,0.004163
tcga2015,146,0.014007,0.010335
tcga2015,147,0.003643,0.007675
tcga2015,148,0.001776,0.001643
tcga2015,149,0.001544,0.001896
tcga2015,150,0.002274,0.005411
tcga2015,151,0.001883,0.001332
tcga2015,152,0.001767,0.003112
tcga2015,153,0.003040,0.006279
tcga2015,154,0.003066,0.007309
tcga2015,155,0.002072,0.002326
tcga2015,156,0.001807,0.001715
tcga2015,157,0.002210,0.002737
tcga2015,158,0.002581,0.004728
tcga2015,159,0.002386,0.006484
tcga2015,160,0.002607,0.004939
tcga2015,161,0.001679,0.003235
tcga2015,162,0.002696,0.003906
tcga2015,163,0.001759,0.000731
tcga2015,164,0.002355,0.002935
tcga2015,165,0.001826,0.002455
tcga2015,166,0.002279,0.004893
tcga2015,167,0.002293,0.005819
tcga2015,168,0.003440,0.007760
tcga2015,169,0.005083,0.006460
tcga2015,170,0.001909,0.001707
tcga2015,171,0.002762,0.004300
tcga2015,172,0.002705,0.003782
tcga2015,173,0.001921,0.001175
tcga2015,174,0.002214,0.003861
tcga2015,175,0.002407,0.004361
tcga2015,176,0.004199,0.011142
tcga2015,177,0.002960,0.005426
tcga2015,178,0.002041,0.002021
tcga2015,179,0.002067,0.004402
tcga2015,180,0.001968,0.005567
tcga2015,181,0.002408,0.002321
tcga2015,182,0.001914,0.003237
tcga2015,183,0.001789,0.002020
tcga2015,184,0.002164,0.002040
tcga2015,185,0.001564,0.003663
tcga2015,186,0.001602,0.002088
tcga2015,187,0.002774,0.005781
tcga2015,188,0.005995,0.047076
tcga2015,189,0.001840,0.003262
tcga2015,190,0.003151,0.007451
tcga2015,191,0.002007,0.004344
tcga2015,192,0.002697,0.004295
tcga2015,193,0.002015,0.002989
tcga2015,194,0.002117,0.002881
tcga2015,195,0.001876,0.002867
tcga2015,196,0.002551,0.004622
tcga2015,197,0.005233,0.007338
tcga2015,198,0.003526,0.008263
tcga2015,199,0.002406,0.002427
tcga2015,200,0.002958,0.006490
tcga2015,201,0.002260,0.005107
tcga2015,202,0.002743,0.005675
tcga2015,203,0.002137,0.003282
tcga2015,204,0.001463,0.001570
tcga2015,205,0.002257,0.003665
tcga2015,206,0.002101,0.003057
tcga2015,207,0.002078,0.001076
tcga2015,208,0.002326,0.006914
tcga2015,209,0.003576,0.011800
tcga2015,210,0.004714,0.008556
tcga2015,211,0.002270,0.004376
tcga2015,212,0.004224,0.006252
tcga2015,213,0.002501,0.003909
tcga2015,214,0.001333,0.000444
tcga2015,215,0.002035,0.002337
tcga2015,216,0.001971,0.001032
tcga2015,217,0.002292,0.004269
tcga2015,218,0.001621,0.001286
tcga2015,219,0.003141,0.005025
tcga2015,220,0.002544,0.004426
tcga2015,221,0.004251,0.008076
tcga2015,222,0.005316,0.014015
tcga2015,223,0.002156,0.003125
tcga2015,224,0.002391,0.003210
tcga2015,225,0.001955,0.002085
tcga2015,226,0.002570,0.004338
tcga2015,227,0.002957,0.004861
tcga2015,228,0.002026,0.003671
tcga2015,229,0.007650,0.012710
tcga2015,230,0.004161,0.005023
tcga2015,231,0.003344,0.007694
tcga2015,232,0.004753,0.011849
tcga2015,233,0.002475,0.005135
tcga2015,234,0.001871,0.002263
tcga2015,235,0.002637,0.005289
tcga2015,236,0.002579,0.004312
tcga2015,237,0.002051,0.002997
tcga2015,238,0.003953,0.006849
tcga2015,239,0.002491,0.004532
tcga2015,240,0.003229,0.007884
tcga2015,241,0.003228,0.006349
tcga2015,242,0.005729,0.017375
tcga2015,243,0.003384,0.008762
tcga2015,244,0.006741,0.021324
tcga2015,245,0.004477,0.014646
tcga2015,246,0.002511,0.003148
tcga2015,247,0.003253,0.005055
tcga2015,248,0.002165,0.003677
tcga2015,249,0.006662,0.018059
tcga2015,250,0.004903,0.011102
tcga2015,251,0.001802,0.003231
tcga2015,252,0.004560,0.010559
tcga2015,253,0.002211,0.006204
tcga2015,254,0.008335,0.017190
tcga2015,255,0.004754,0.010909
tcga2015,256,0.003376,0.007483
tcga2015,257,0.002716,0.005030
tcga2015,258,0.002547,0.005025
tcga2015,259,0.007939,0.025034
tcga2015,260,0.010422,0.047423
tcga2015,261,0.003748,0.005818
tcga2015,262,0.010424,0.051147
tcga2015,263,0.004714,0.010574
tcga2015,264,0.003064,0.005204
tcga2015,265,0.002762,0.003712
tcga2015,266,0.002102,0.002051
tcga2015,267,0.002620,0.006863
tcga2015,268,0.002985,0.006235
tcga2015,269,0.002397,0.006087
tcga2015,270,0.004471,0.013977
tcga2015,271,0.002853,0.004798
tcga2015,272,0.002965,0.004610
tcga2015,273,0.017327,0.017679
tcga2015,274,0.007332,0.016609
tcga2015,275,0.005015,0.012742
tcga2015,276,0.007858,0.016962
tcga2015,277,0.007668,0.017884
tcga2015,278,0.002476,0.002985
tcga2015,279,0.005128,0.037400
tcga2015,280,0.002614,0.003652
tcga2015,281,0.008171,0.012714
tcga2015,282,0.004231,0.007176
tcga2015,283,0.006141,0.012549
tcga2015,284,0.005666,0.020743
tcga2015,285,0.002724,0.003501
tcga2015,286,0.012987,0.039347
tcga2015,287,0.003034,0.004297
tcga2015,288,0.004321,0.009449
tcga2015,289,0.027781,0.019102
tcga2015,290,0.005231,0.010451
tcga2015,291,0.009458,0.011335
tcga2015,292,0.005399,0.010947
tcga2015,293,0.026757,0.037813
tcga2015,294,0.019798,0.052421
tcga2015,295,0.009725,0.029124
tcga2015,296,0.005010,0.010178
tcga2015,297,0.004226,0.012061
tcga2015,298,0.007879,0.017782
tcga2015,299,0.006511,0.049433
tcga2015,300,0.004963,0.008114
tcga2015,301,0.014648,0.025480
tcga2015,302,0.004203,0.004564
tcga2015,303,0.112693,0.082355
tcga2015,304,0.004330,0.008759
tcga2015,305,0.004631,0.031736
tcga2015,306,0.037402,0.049446
tcga2015,307,0.007135,0.020503
tcga2015,308,0.009346,0.019161
tcga2015,309,0.003186,0.005462
tcga2015,310,0.002943,0.003806
tcga2015,311,0.009292,0.057137
tcga2015,312,0.006497,0.020085
tcga2015,313,0.003858,0.005197
tcga2015,314,0.002911,0.006768
tcga2015,315,0.009306,0.017158
tcga2015,316,0.004124,0.010672
tcga2015,317,0.003611,0.010405
tcga2015,318,0.127259,0.120981
tcga2015,319,0.008136,0.099633
tcga2015,320,0.018104,0.266428
tcga2015,321,0.007778,0.017990
tcga2015,322,0.003940,0.007945
tcga2015,323,0.003850,0.014578
tcga2015,324,0.007900,0.096666
tcga2015,325,0.005887,0.045307
tcga2015,326,0.005476,0.016240
tcga2015,327,0.005059,0.010059
tcga2015,328,0.011500,0.026314
tcga2015,329,0.006137,0.012078
tcga2015,330,0.007760,0.023658
tcga2015,331,0.005037,0.024831
tcga2015,332,0.007396,0.014681
tcga2015,333,0.004126,0.009393
tcga2015,334,0.009334,0.047245
tcga2015,335,0.006484,0.029426
tcga2015,336,0.003155,0.005257
tcga2015,337,0.006727,0.023347
tcga2015,338,0.007208,0.025544
tcga2015,339,0.014097,0.098900
tcga2015,340,0.004619,0.010182
tcga2015,341,0.012497,0.128667
tcga2015,342,0.003447,0.005841
tcga2015,343,0.002338,0.004681
tcga2015,344,0.002644,0.005698
tcga2015,345,0.005114,0.018465
tcga2015,346,0.004204,0.008441
tcga2015,347,0.293700,0.463053
tcga2015,348,0.021253,0.027616
tcga2015,349,0.003066,0.006411
tcga2015,350,0.009903,0.012061
tcga2015,351,0.003784,0.013008
tcga2015,352,0.006494,0.018232
tcga2015,353,0.003667,0.008367
tcga2015,354,0.004436,0.010727
tcga2015,355,0.004761,0.041185
tcga2015,356,0.003101,0.007583
tcga2015,357,0.056313,0.124669
tcga2015,358,0.002708,0.003110
tcga2015,359,0.006414,0.018690
tcga2015,360,0.026591,0.194825
tcga2015,361,0.005709,0.027871
tcga2015,362,0.006895,0.041420
tcga2015,363,0.003446,0.007290
tcga2015,364,0.010369,0.025012
tcga2015,365,0.009005,0.017224
tcga2015,366,0.013689,0.046353
tcga2015,367,0.006735,0.022221
tcga2015,368,0.004109,0.007365
tcga2015,369,0.007921,0.052280
tcga2015,370,0.007274,0.015190
tcga2015,371,0.006307,0.033273
tcga2015,372,0.013885,0.022546
tcga2015,373,0.019046,0.198195
tcga2015,374,0.004653,0.011482
tcga2015,375,0.053650,0.019334
tcga2015,376,0.017401,0.040108
tcga2015,377,0.038826,0.014232
tcga2015,378,0.008307,0.017107
tcga2015,379,0.013731,0.048273
tcga2015,380,0.680723,0.470443
tcga2015,381,0.012020,0.282393
tcga2015,382,0.006339,0.039897
tcga2015,383,0.019300,0.042711
tcga2015,384,0.009275,0.033709
tcga2015,385,0.004306,0.024144
tcga2015,386,0.024513,0.189283
tcga2015,387,0.005398,0.016759
tcga2015,388,0.006490,0.020312
tcga2015,389,0.007081,0.013736
tcga2015,390,0.014716,0.046541
tcga2015,391,0.006097,0.118603
tcga2015,392,0.005276,0.014267
tcga2015,393,0.010112,0.026015
tcga2015,394,0.011643,0.031230
tcga2015,395,0.006104,0.006895
tcga2015,396,0.046006,0.160186
tcga2015,397,0.018516,0.019028
tcga2015,398,0.021514,0.091852
tcga2015,399,0.009073,0.013663
tcga2015,400,0.098536,0.039555
tcga2015,401,0.009204,0.022652
tcga2015,402,0.008886,0.030573
tcga2015,403,0.121297,0.024059
tcga2015,404,0.004423,0.005800
tcga2015,405,0.016476,0.023170
tcga2015,406,0.006374,0.013937
tcga2015,407,0.006879,0.013316
tcga2015,408,0.027902,0.743339
tcga2015,409,0.004745,0.008785
tcga2015,410,0.054918,0.309918
tcga2015,411,0.288878,0.789256
tcga2015,412,0.012348,0.017280
tcga2015,413,0.006645,0.017367
tcga2015,414,0.034834,0.157068
tcga2015,415,0.142709,0.110005
tcga2015,416,0.668385,2.642850
tcga2015,417,0.079224,0.040362
tcga2015,418,0.005369,0.012923
tcga2015,419,0.009466,0.023202
tcga2015,420,0.115322,0.084247
tcga2015,421,0.005731,0.032002
tcga2015,422,0.253611,0.953575
tcga2015,423,0.022261,0.036063
tcga2015,424,0.011293,0.019245
tcga2015,425,0.004610,0.009105
tcga2015,426,0.010432,0.210205
tcga2015,427,0.015797,0.037716
tcga2015,428,0.006733,0.021130
tcga2015,429,0.126005,0.067288
tcga2015,430,0.153428,0.168931
tcga2015,431,0.014314,0.025910
tcga2015,432,0.028222,0.024606
tcga2015,433,0.004470,0.008390
tcga2015,434,0.009193,0.027249
tcga2015,435,0.031445,0.093706
tcga2015,436,0.022330,0.143201
tcga2015,437,0.050723,0.138746
tcga2015,438,0.010785,0.088030
tcga2015,439,0.009115,0.022574
tcga2015,440,0.005371,0.021169
tcga2015,441,0.007933,0.016464
tcga2015,442,0.013883,1.871843
tcga2015,443,1.267700,1.027031
tcga2015,444,0.009652,0.025654
tcga2015,445,0.020793,0.043878
tcga2015,446,0.033249,0.034553
tcga2015,447,0.021592,0.076547
tcga2015,448,1.892034,5.833559
tcga2015,449,0.036358,0.048538
tcga2015,450,0.105790,0.031073
tcga2015,451,0.009496,0.019648
tcga2015,452,0.009027,0.022441
tcga2015,453,0.010431,0.155009
tcga2015,454,0.008386,0.027275
tcga2015,455,0.007333,0.023151
tcga2015,456,0.008064,0.101128
tcga2015,457,0.009090,0.070629
tcga2015,458,0.026544,0.036604
tcga2015,459,0.092613,0.076955
tcga2015,460,0.008631,0.059910
tcga2015,461,0.008734,0.026314
tcga2015,462,0.021578,0.083563
tcga2015,463,0.032933,0.080641
tcga2015,464,0.007432,0.663788
tcga2015,465,0.015652,0.026532
tcga2015,466,0.134560,0.132877
tcga2015,467,0.021599,0.100422
tcga2015,468,0.234639,0.523083
tcga2015,469,0.017461,0.037901
tcga2015,470,0.006624,0.014599
tcga2015,471,0.008825,0.019465
tcga2015,472,0.015647,0.043851
tcga2015,473,0.017767,0.296462
tcga2015,474,0.011737,1.290768
tcga2015,475,0.017455,0.018914
tcga2015,476,0.025453,0.044445
tcga2015,477,0.038494,0.242145
tcga2015,478,0.009669,0.022670
tcga2015,479,0.023833,0.130639
tcga2015,480,0.009659,0.050347
tcga2015,481,1.694804,3.421636
tcga2015,482,0.013090,0.024946
tcga2015,483,0.055513,0.330360
tcga2015,484,0.019079,0.206404
tcga2015,485,0.344743,0.417449
tcga2015,486,0.269517,1.419563
tcga2015,487,0.035024,0.176546
tcga2015,488,0.022579,0.049399
tcga2015,489,0.010998,0.057004
tcga2015,490,0.003218,0.006579
tcga2015,491,0.035916,0.023030
tcga2015,492,0.033211,0.134178
tcga2015,493,0.076728,0.105023
tcga2015,494,0.518328,0.455686
tcga2015,495,0.017563,0.027141
tcga2015,496,1.689738,0.268524
tcga2015,497,3.304504,17.050053
tcga2015,498,3.866173,9.021093
tcga2015,499,0.023809,0.119869
tcga2015,500,0.050293,0.452459
tcga2015,501,0.084499,0.463692
tcga2015,502,0.183949,3.932373
tcga2015,503,0.023072,0.033253
tcga2015,504,0.126140,0.041104
tcga2015,505,0.013055,0.035301
tcga2015,506,0.078944,0.039639
tcga2015,507,0.348351,0.491125
tcga2015,508,0.116829,0.171456
tcga2015,509,0.045030,0.139510
tcga2015,510,0.041284,7.456295
tcga2015,511,0.149617,0.473804
tcga2015,512,0.056106,0.252602
tcga2015,513,0.011408,0.015841
tcga2015,514,0.008081,0.048061
tcga2015,515,0.005719,0.020381
tcga2015,516,0.008958,0.061917
tcga2015,517,0.373445,4.720664
tcga2015,518,0.381019,0.387004
tcga2015,519,0.025803,0.068408
tcga2015,520,0.080809,0.047304
tcga2015,521,0.295066,0.208681
tcga2015,522,0.279335,0.197337
tcga2015,523,1.377654,1.479001
tcga2015,524,0.044817,0.033261
tcga2015,525,0.013269,0.377927
tcga2015,526,0.101442,0.082519
tcga2015,527,0.011450,0.058235
tcga2015,528,0.009856,0.032504
tcga2015,529,0.043304,0.049568
tcga2015,530,0.019767,0.049354
tcga2015,531,0.343195,0.809369
tcga2015,532,0.426493,6.173221
tcga2015,533,0.008791,0.042996
tcga2015,534,0.205279,0.493451
tcga2015,535,0.063049,0.024636
tcga2015,536,0.306020,1.163040
tcga2015,537,0.058706,1.027268
tcga2015,538,0.117669,0.076021
tcga2015,539,0.012980,0.013807
tcga2015,540,1.551421,0.569425
tcga2015,541,0.977047,33.361055
tcga2015,542,0.013908,0.205656
tcga2015,543,0.011860,0.023056
tcga2015,544,0.006610,0.085149
tcga2015,545,0.008147,0.039611
tcga2015,546,0.103884,0.077176
tcga2015,547,0.058638,0.270569
tcga2015,548,0.030389,0.020915
tcga2015,549,0.189227,0.745565
tcga2015,550,0.211651,3.016653
tcga2015,551,0.014174,0.339433
tcga2015,552,0.117633,0.125947
tcga2015,553,0.016141,0.020233
tcga2015,554,0.011823,0.104343
tcga2015,555,0.321580,1.055697
tcga2015,556,0.022705,0.027637
tcga2015,557,0.040028,0.058662
tcga2015,558,0.115987,0.080563
tcga2015,559,0.032030,0.206473
tcga2015,560,0.008075,0.037985
tcga2015,561,0.017230,0.025485
tcga2015,562,0.012786,0.049507
tcga2015,563,0.005650,0.020914
tcga2015,564,0.008937,0.059180
tcga2015,565,0.846595,2.873021
tcga2015,566,0.009899,0.051760
tcga2015,567,0.028931,0.060255
tcga2015,568,0.008678,0.161919
tcga2015,569,0.098873,0.112214
tcga2015,570,1.754541,3.189710
tcga2015,571,0.007873,0.025841
tcga2015,572,1.222842,11.477782
tcga2015,573,0.158231,0.690838
tcga2015,574,0.009929,0.023472
tcga2015,575,1.875600,4.593192
tcga2015,576,0.059803,0.057991
tcga2015,577,0.097185,0.053062
tcga2015,578,0.011752,0.645848
tcga2015,579,0.024131,0.058019
tcga2015,580,0.008974,0.020270
tcga2015,581,0.079503,0.051554
tcga2015,582,0.007473,0.028225
tcga2015,583,0.004797,0.034363
tcga2015,584,0.010166,0.022937
tcga2015,585,0.235187,0.374426
tcga2015,586,0.007258,0.019533
tcga2015,587,0.008040,1.000714
tcga2015,588,0.012676,0.018659
tcga2015,589,1.878805,9.398969
tcga2015,590,0.010767,0.054639
tcga2015,591,0.011408,0.017081
tcga2015,592,3.838548,46.588007
tcga2015,593,0.021862,0.044665
tcga2015,594,0.599930,1.803201
tcga2015,595,0.009529,0.039122
tcga2015,596,0.008400,0.046591
tcga2015,597,0.010821,0.053565
tcga2015,598,0.046740,0.068352
tcga2015,599,1.914183,1.295675
tcga2015,600,0.008892,0.018699
tcga2015,601,0.005763,0.013918
tcga2015,602,0.206265,0.853326
tcga2015,603,0.038109,0.164539
tcga2015,604,0.007126,0.027489
tcga2015,605,0.158649,0.181927
tcga2015,606,0.129057,0.123586
tcga2015,607,0.642156,2.364569
tcga2015,608,0.009580,0.023985
tcga2015,609,0.012728,0.071847
tcga2015,610,0.034406,0.538673
tcga2015,611,0.010566,0.027832
tcga2015,612,0.192213,0.063542
tcga2015,613,0.138869,0.170557
tcga2015,614,0.023459,0.039908
tcga2015,615,0.055413,0.014400
tcga2015,616,0.008049,0.215363
tcga2015,617,1.173279,7.519638
tcga2015,618,0.115402,0.104743
tcga2015,619,0.015168,0.037013
tcga2015,620,0.272681,6.439299
tcga2015,621,0.009028,0.014414
tcga2015,622,0.364046,0.047733
tcga2015,623,0.081133,0.024732
tcga2015,624,0.086819,0.221515
tcga2015,625,0.029740,0.117601
tcga2015,626,0.010213,0.042818
tcga2015,627,0.006345,0.176720
tcga2015,628,0.017571,0.833980
tcga2015,629,0.281151,1.796348
tcga2015,630,0.023750,0.049543
tcga2015,631,0.101161,0.131325
tcga2015,632,0.037461,10.627620
tcga2015,633,0.103674,0.137631
tcga2015,634,0.044171,0.621999
tcga2015,635,0.038865,0.149179
tcga2015,636,0.030918,0.064182
tcga2015,637,0.041451,0.136847
tcga2015,638,0.078421,0.020863
tcga2015,639,0.141902,0.145104
tcga2015,640,3.104960,2.659830
tcga2015,641,0.043284,0.115678
tcga2015,642,0.432925,1.004684
tcga2015,643,0.014932,0.018730
tcga2015,644,0.105633,0.162029
tcga2015,645,0.141045,0.104788
tcga2015,646,0.019431,0.154350
tcga2015,647,0.008756,1.734243
tcga2015,648,0.049293,0.560151
tcga2015,649,0.030488,0.051962
tcga2015,650,0.020201,0.024937
tcga2015,651,0.014693,0.021567
tcga2015,652,0.072920,0.068127
tcga2015,653,0.115660,0.061797
tcga2015,654,0.016501,0.518628
tcga2015,655,0.007225,0.062937
tcga2015,656,0.239344,1.886180
tcga2015,657,0.159396,12.198398
tcga2015,658,0.021561,0.018479
tcga2015,659,0.029249,0.087043
tcga2015,660,0.006085,0.021504
tcga2015,661,0.054261,0.483628
tcga2015,662,0.008670,0.026335
tcga2015,663,0.010566,0.022171
tcga2015,664,0.069600,0.021486
tcga2015,665,0.007558,0.027318
tcga2015,666,0.008168,0.019236
tcga2015,667,0.014054,0.054874
tcga2015,668,0.032569,1.437046
tcga2015,669,0.012004,0.022954
tcga2015,670,0.493705,1.019158
tcga2015,671,0.084423,0.118258
tcga2015,672,0.009081,0.028454
tcga2015,673,0.008753,0.026012
tcga2015,674,0.155315,10.309626
tcga2015,675,0.091628,0.046339
tcga2015,676,0.011536,0.194202
tcga2015,677,0.015795,0.023452
tcga2015,678,0.011973,0.433585
tcga2015,679,0.034123,0.050489
tcga2015,680,0.011414,4.074616
tcga2015,681,0.080954,0.043957
tcga2015,682,0.008505,0.023078
tcga2015,683,0.409994,2.168622
tcga2015,684,0.023351,0.024018
tcga2015,685,0.036023,0.735808
tcga2015,686,0.019211,0.021883
tcga2015,687,0.019516,0.098495
tcga2015,688,0.108826,0.064142
tcga2015,689,0.081921,0.033060
tcga2015,690,2.287321,1.516957
tcga2015,691,0.012508,0.022361
tcga2015,692,0.011725,0.134396
tcga2015,693,0.009245,0.024309
tcga2015,694,3.672721,0.064074
tcga2015,695,0.130464,0.442250
tcga2015,696,0.066518,0.034756
tcga2015,697,0.087298,0.017047
tcga2015,698,0.076384,0.088486
tcga2015,699,0.170708,0.126192
tcga2015,700,0.025213,0.054737
tcga2015,701,0.015610,0.048629
tcga2015,702,0.053506,0.019661
tcga2015,703,0.008712,0.128749
tcga2015,704,0.208337,9.988963
tcga2015,705,0.061341,0.032077
tcga2015,706,0.013071,0.019395
tcga2015,707,0.036609,0.153085
tcga2015,708,0.010035,0.043590
tcga2015,709,1.051962,0.926479
tcga2015,710,0.076939,0.879434
tcga2015,711,0.006920,0.041156
tcga2015,712,0.017681,0.036788
tcga2015,713,0.008426,0.015816
tcga2015,714,0.009644,0.023529
tcga2015,715,0.529244,28.154385
tcga2015,716,0.079687,0.032033
tcga2015,717,0.149001,0.431444
tcga2015,718,0.302645,0.611460
tcga2015,719,0.006786,0.037739
tcga2015,720,0.006281,0.270236
tcga2015,721,0.008138,0.122768
tcga2015,722,0.005471,0.194109
tcga2015,723,0.038564,0.027840
tcga2015,724,0.202794,0.448411
tcga2015,725,0.064762,0.042192
tcga2015,726,0.008177,2.335940
tcga2015,727,0.007794,0.071865
tcga2015,728,0.048856,0.050490
tcga2015,729,0.078162,0.038280
tcga2015,730,0.366970,0.468865
tcga2015,731,0.255687,0.975663
tcga2015,732,0.085899,0.056147
tcga2015,733,0.027909,0.095322
tcga2015,734,0.080011,0.096087
tcga2015,735,0.006935,0.023319
tcga2015,736,0.171832,153.487387
tcga2015,737,0.271024,0.687637
tcga2015,738,0.012264,0.122853
tcga2015,739,0.012778,0.424188
tcga2015,740,0.038267,0.115578
tcga2015,741,0.009198,0.023345
tcga2015,742,1.295751,1.643370
tcga2015,743,0.126729,0.141770
tcga2015,744,0.009727,0.086849
tcga2015,745,0.038357,21.352234
tcga2015,746,0.006056,0.079385
tcga2015,747,0.018680,0.061324
tcga2015,748,0.046455,0.117851
tcga2015,749,0.006849,0.133516
tcga2015,750,0.022553,0.037330
tcga2015,751,0.037322,0.083366
tcga2015,752,0.383749,2.373600
tcga2015,753,0.018824,0.079197
tcga2015,754,0.008024,0.032555
tcga2015,755,0.281131,1.451102
tcga2015,756,0.017357,0.024429
tcga2015,757,0.057864,0.069076
tcga2015,758,0.204742,20.788925
tcga2015,759,0.022325,0.043533
tcga2015,760,1.049845,1.076684
tcga2015,761,0.141225,0.143648
tcga2015,762,0.020507,0.021554
tcga2015,763,0.019240,0.030187
tcga2015,764,0.008941,0.040792
tcga2015,765,0.240560,0.964912
tcga2015,766,0.035480,0.077348
tcga2015,767,0.006877,0.035425
tcga2015,768,0.007083,0.024093
tcga2015,769,0.039576,0.045532
tcga2015,770,0.058095,0.042398
tcga2015,771,0.056698,0.126697
tcga2015,772,0.020448,0.054188
tcga2015,773,0.447258,2.736875
tcga2015,774,0.007198,0.046658
tcga2015,775,0.017732,0.018650
tcga2015,776,0.005421,4.355611
tcga2015,777,1.922875,1.418120
tcga2015,778,0.011913,0.078386
tcga2015,779,0.009044,0.018173
tcga2015,780,0.012543,0.063512
tcga2015,781,0.006562,0.026854
tcga2015,782,0.012800,0.021677
tcga2015,783,0.303347,0.202130
tcga2015,784,0.019273,0.059251
tcga2015,785,0.016126,0.034675
tcga2015,786,0.172028,13.359914
tcga2015,787,0.181246,12.721082
tcga2015,788,0.169871,0.780570
tcga2015,789,0.061369,1.583121
tcga2015,790,0.033840,0.116139
tcga2015,791,0.007803,0.025789
tcga2015,792,0.007833,0.077545
tcga2015,793,0.006739,0.018901
tcga2015,794,0.243216,7.008720
tcga2015,795,0.013969,0.047696
tcga2015,796,0.059062,0.025638
tcga2015,797,0.006841,0.040662
tcga2015,798,0.006294,0.020001
tcga2015,799,0.024818,0.022733
tcga2015,800,0.021846,0.437887
tcga2015,801,0.014158,0.131537
tcga2015,802,0.040994,0.016540
tcga2015,803,0.091340,0.040108
tcga2015,804,0.012742,0.021179
tcga2015,805,0.094794,0.122523
tcga2015,806,0.015409,0.030388
tcga2015,807,0.006964,0.022436
tcga2015,808,0.007433,0.027852
tcga2015,809,0.015597,0.064445
tcga2015,810,0.322088,0.033724
tcga2015,811,0.017796,0.067567
tcga2015,812,0.011890,0.049028
tcga2015,813,0.009262,0.024938
tcga2015,814,0.018276,0.088155
tcga2015,815,0.006590,0.025826
tcga2015,816,0.052064,0.029137
tcga2015,817,0.006139,0.021022
tcga2015,818,0.025669,0.026656
tcga2015,819,0.006158,0.062722
tcga2015,820,0.071144,0.042260
tcga2015,821,0.006072,0.023246
tcga2015,822,0.029680,0.228001
tcga2015,823,0.007646,0.030136
tcga2015,824,0.346658,5.075839
tcga2015,825,0.020512,0.558101
tcga2015,826,0.196514,0.344004
tcga2015,827,0.074116,0.039531
tcga2015,828,0.012778,0.027537
tcga2015,829,0.058237,0.239967
tcga2015,830,0.266569,0.072410
tcga2015,831,0.056409,0.046360
tcga2015,832,0.008603,0.020615
tcga2015,833,0.007937,0.020601
tcga2015,834,0.031804,0.766880
tcga2015,835,0.016906,0.054315
tcga2015,836,0.412423,12.566393
tcga2015,837,0.040611,0.017751
tcga2015,838,0.005955,0.480701
tcga2015,839,0.012137,0.040543
tcga2015,840,0.005716,0.027969
tcga2015,841,0.005651,0.014476
tcga2015,842,0.009290,0.028217
tcga2015,843,0.011079,0.197088
tcga2015,844,0.075839,0.089497
tcga2015,845,0.011420,0.813099
tcga2015,846,0.007368,0.025148
tcga2015,847,0.083592,0.094820
tcga2015,848,0.007236,0.030022
tcga2015,849,0.025364,0.169150
tcga2015,850,0.052589,1.068362
tcga2015,851,0.043741,0.031639
tcga2015,852,0.007419,0.025840
tcga2015,853,0.021789,0.034820
tcga2015,854,0.006703,0.021065
tcga2015,855,0.008942,0.115279
tcga2015,856,0.016390,0.020329
tcga2015,857,0.043257,0.029629
tcga2015,858,0.027870,0.047870
tcga2015,859,0.051502,0.028952
tcga2015,860,0.005407,0.021463
tcga2015,861,0.059689,0.144124
tcga2015,862,0.007840,0.025993
tcga2015,863,0.009975,0.059626
tcga2015,864,0.008122,0.118350
tcga2015,865,0.009054,0.028005
tcga2015,866,0.930203,0.126351
tcga2015,867,0.013600,0.018742
tcga2015,868,0.067687,0.129420
tcga2015,869,0.017983,0.855167
tcga2015,870,0.014225,0.054235
tcga2015,871,0.026454,0.021715
tcga2015,872,0.080200,0.074123
tcga2015,873,0.008015,0.053702
tcga2015,874,0.053223,2.776899
tcga2015,875,0.049192,0.329222
tcga2015,876,0.092886,0.025517
tcga2015,877,0.105458,0.113542
tcga2015,878,0.050363,0.041564
tcga2015,879,0.013854,0.201177
tcga2015,880,0.129386,0.685801
tcga2015,881,0.007453,0.017596
tcga2015,882,0.008057,0.030102
tcga2015,883,0.009811,0.027162
tcga2015,884,0.007504,0.137121
tcga2015,885,0.012307,0.026207
tcga2015,886,0.076907,0.202118
tcga2015,887,0.034967,0.112553
tcga2015,888,0.009042,0.026260
tcga2015,889,0.038841,0.108316
tcga2015,890,0.069254,0.105826
tcga2015,891,0.007155,0.041791
tcga2015,892,0.021350,0.138334
tcga2015,893,0.009211,0.024229
tcga2015,894,0.007291,0.031161
tcga2015,895,0.110285,0.029960
tcga2015,896,0.062163,0.034771
tcga2015,897,0.127277,0.116827
tcga2015,898,0.098586,0.354543
tcga2015,899,0.007958,0.021023
tcga2015,900,0.015524,0.058281
tcga2015,901,0.026178,0.022679
tcga2015,902,0.006460,0.017909
tcga2015,903,0.007383,0.027529
tcga2015,904,0.008566,0.016871
tcga2015,905,0.009452,0.037816
tcga2015,906,0.018699,0.025148
tcga2015,907,0.011508,0.034868
tcga2015,908,0.008429,0.018320
tcga2015,909,0.021678,0.148801
tcga2015,910,0.011138,0.407922
tcga2015,911,0.020713,0.018416
tcga2015,912,0.030715,0.019587
tcga2015,913,0.009730,0.021468
tcga2015,914,0.008235,0.040457
tcga2015,915,0.167336,0.453910
tcga2015,916,0.006801,0.023333
tcga2015,917,0.031774,0.023582
tcga2015,918,0.007394,0.019166
tcga2015,919,0.011024,0.027037
tcga2015,920,0.007353,0.041366
tcga2015,921,0.092516,0.044813
tcga2015,922,0.007596,0.027064
tcga2015,923,0.170605,2.419864
tcga2015,924,0.011024,0.062361
tcga2015,925,0.007153,0.026928
tcga2015,926,0.079088,0.079781
tcga2015,927,0.080956,0.043367
tcga2015,928,0.064892,0.039897
tcga2015,929,0.106001,0.122744
tcga2015,930,0.013773,0.024399
tcga2015,931,0.038161,0.016050
tcga2015,932,0.070520,0.059300
tcga2015,933,0.153567,0.218946
tcga2015,934,0.013241,0.027579
tcga2015,935,0.006198,0.019857
tcga2015,936,0.006519,0.249368
tcga2015,937,0.136122,1.405706
tcga2015,938,0.007503,0.023817
tcga2015,939,0.046654,0.139801
tcga2015,940,0.076692,0.045703
tcga2015,941,0.108664,0.154680
tcga2015,942,0.079304,0.026179
tcga2015,943,0.007979,0.021702
tcga2015,944,0.006587,0.021717
tcga2015,945,0.008857,0.096195
tcga2015,946,0.006475,0.023228
tcga2015,947,0.005404,0.023848
tcga2015,948,0.019660,0.023418
tcga2015,949,0.013088,0.057618
tcga2015,950,0.005505,0.023011
tcga2015,951,0.053414,0.116712
tcga2015,952,0.010069,1.295894
tcga2015,953,0.016597,0.035970
tcga2015,954,0.008572,0.020049
tcga2015,955,0.038086,0.027202
tcga2015,956,0.006816,0.029404
tcga2015,957,0.007549,0.020646
tcga2015,958,0.009793,0.021053
tcga2015,959,0.007534,0.019463
tcga2015,960,0.097221,0.082473
tcga2015,961,0.007756,0.037861
tcga2015,962,0.006779,0.022541
tcga2015,963,0.006699,0.021857
tcga2015,964,0.006732,0.021867
tcga2015,965,0.010817,0.028464
tcga2015,966,0.029904,0.049872
tcga2015,967,0.007873,0.021083
tcga2015,968,0.049295,0.016416
tcga2015,969,0.009142,0.018573
tcga2015,970,0.008605,0.029977
tcga2015,971,0.009038,0.023490
tcga2015,972,0.040908,0.064547
tcga2015,973,0.028413,0.332331
tcga2015,974,0.088144,0.134895
tcga2015,975,0.008819,0.031138
tcga2015,976,0.010160,0.204155
tcga2015,977,0.013171,0.027356
tcga2015,978,0.007131,0.035122
tcga2015,979,0.007245,0.121806
tcga2015,980,0.008116,0.021646
tcga2015,981,0.031724,0.023483
tcga2015,982,0.030517,0.024975
tcga2015,983,0.075563,0.101476
tcga2015,984,0.009276,0.019582
tcga2015,985,0.016971,0.027527
tcga2015,986,0.007732,0.022114
tcga2015,987,0.007308,0.062099
tcga2015,988,0.007084,0.024691
tcga2015,989,0.040092,0.024337
tcga2015,990,0.007400,0.022348
tcga2015,991,0.034342,0.016072
tcga2015,992,0.007163,0.024517
tcga2015,993,0.006241,0.024351
tcga2015,994,0.009117,0.050777
tcga2015,995,0.016602,0.073752
tcga2015,996,0.007189,0.028252
tcga2015,997,0.008160,0.022816
tcga2015,998,0.007454,0.025752
tcga2015,999,0.008644,0.027803
tcga2015,1000,0.044928,0.027513
tcga2016,1,0.005092,0.000487
tcga2016,2,0.003737,0.001547
tcga2016,3,0.001650,0.003890
tcga2016,4,0.001325,0.001143
tcga2016,5,0.001416,0.001016
tcga2016,6,0.001269,0.000474
tcga2016,7,0.001340,0.000464
tcga2016,8,0.001926,0.002355
tcga2016,9,0.001759,0.001362
tcga2016,10,0.001599,0.001305
tcga2016,11,0.001255,0.000379
tcga2016,12,0.001491,0.001197
tcga2016,13,0.001746,0.001784
tcga2016,14,0.001682,0.000956
tcga2016,15,0.001410,0.000781
tcga2016,16,0.001239,0.000324
tcga2016,17,0.001650,0.002318
tcga2016,18,0.001683,0.002335
tcga2016,19,0.001404,0.000823
tcga2016,20,0.001339,0.000810
tcga2016,21,0.001347,0.000763
tcga2016,22,0.001933,0.004149
tcga2016,23,0.001863,0.001409
tcga2016,24,0.002934,0.004972
tcga2016,25,0.001780,0.001156
tcga2016,26,0.001528,0.001263
tcga2016,27,0.001665,0.002127
tcga2016,28,0.001692,0.001525
tcga2016,29,0.001666,0.001464
tcga2016,30,0.002168,0.003295
tcga2016,31,0.002192,0.002172
tcga2016,32,0.001584,0.001943
tcga2016,33,0.001964,0.004498
tcga2016,34,0.002401,0.003784
tcga2016,35,0.001972,0.001910
tcga2016,36,0.001447,0.001009
tcga2016,37,0.002190,0.002163
tcga2016,38,0.001590,0.002343
tcga2016,39,0.001719,0.000947
tcga2016,40,0.001780,0.002367
tcga2016,41,0.001310,0.000877
tcga2016,42,0.001322,0.000584
tcga2016,43,0.001347,0.000739
tcga2016,44,0.001325,0.000354
tcga2016,45,0.001332,0.000678
tcga2016,46,0.002206,0.003931
tcga2016,47,0.002108,0.002289
tcga2016,48,0.001742,0.002463
tcga2016,49,0.001675,0.000833
tcga2016,50,0.001368,0.000515
tcga2016,51,0.001653,0.000760
tcga2016,52,0.001323,0.000420
tcga2016,53,0.002095,0.002650
tcga2016,54,0.001641,0.000749
tcga2016,55,0.001718,0.003862
tcga2016,56,0.002415,0.003643
tcga2016,57,0.001344,0.003118
tcga2016,58,0.002341,0.003350
tcga2016,59,0.002551,0.002553
tcga2016,60,0.001627,0.001462
tcga2016,61,0.001324,0.001378
tcga2016,62,0.002122,0.002409
tcga2016,63,0.001594,0.001550
tcga2016,64,0.002001,0.002776
tcga2016,65,0.001576,0.002153
tcga2016,66,0.002764,0.004461
tcga2016,67,0.001626,0.001864
tcga2016,68,0.002259,0.003850
tcga2016,69,0.001510,0.000911
tcga2016,70,0.001717,0.001135
tcga2016,71,0.002411,0.002448
tcga2016,72,0.002592,0.007661
tcga2016,73,0.002199,0.003954
tcga2016,74,0.001837,0.002599
tcga2016,75,0.001906,0.002356
tcga2016,76,0.001841,0.001696
tcga2016,77,0.001791,0.003274
tcga2016,78,0.001917,0.003615
tcga2016,79,0.002119,0.003254
tcga2016,80,0.002002,0.002025
tcga2016,81,0.002321,0.002767
tcga2016,82,0.001514,0.001077
tcga2016,83,0.001428,0.001778
tcga2016,84,0.001907,0.004431
tcga2016,85,0.001712,0.001174
tcga2016,86,0.001735,0.001267
tcga2016,87,0.001884,0.001292
tcga2016,88,0.001969,0.000803
tcga2016,89,0.001609,0.000772
tcga2016,90,0.001587,0.002153
tcga2016,91,0.002120,0.004452
tcga2016,92,0.002234,0.001663
tcga2016,93,0.002573,0.004400
tcga2016,94,0.001970,0.001810
tcga2016,95,0.002387,0.002856
tcga2016,96,0.001706,0.002405
tcga2016,97,0.002021,0.003254
tcga2016,98,0.001704,0.001257
tcga2016,99,0.002481,0.004635
tcga2016,100,0.001532,0.001034
tcga2016,101,0.001232,0.000276
tcga2016,102,0.001662,0.002528
tcga2016,103,0.002185,0.004801
tcga2016,104,0.001994,0.002576
tcga2016,105,0.002259,0.005098
tcga2016,106,0.002909,0.003392
tcga2016,107,0.002106,0.003604
tcga2016,108,0.001633,0.002740
tcga2016,109,0.001922,0.003050
tcga2016,110,0.004883,0.011753
tcga2016,111,0.001640,0.003349
tcga2016,112,0.002894,0.005180
tcga2016,113,0.001689,0.001996
tcga2016,114,0.001888,0.003143
tcga2016,115,0.001391,0.001344
tcga2016,116,0.001695,0.001848
tcga2016,117,0.002901,0.004143
tcga2016,118,0.001762,0.002474
tcga2016,119,0.001753,0.002474
tcga2016,120,0.001823,0.001191
tcga2016,121,0.002388,0.003577
tcga2016,122,0.001501,0.001461
tcga2016,123,0.001740,0.003872
tcga2016,124,0.001867,0.001860
tcga2016,125,0.002054,0.002524
tcga2016,126,0.001701,0.002765
tcga2016,127,0.002287,0.002343
tcga2016,128,0.002336,0.002769
tcga2016,129,0.002486,0.003164
tcga2016,130,0.002755,0.002546
tcga2016,131,0.002563,0.002889
tcga2016,132,0.001922,0.006914
tcga2016,133,0.001552,0.001505
tcga2016,134,0.002929,0.004579
tcga2016,135,0.001348,0.000562
tcga2016,136,0.004880,0.010211
tcga2016,137,0.002764,0.005259
tcga2016,138,0.001989,0.001153
tcga2016,139,0.001906,0.003112
tcga2016,140,0.002039,0.004113
tcga2016,141,0.001744,0.000807
tcga2016,142,0.001709,0.001216
tcga2016,143,0.002231,0.002519
tcga2016,144,0.002210,0.003266
tcga2016,145,0.001485,0.002183
tcga2016,146,0.001886,0.001445
tcga2016,147,0.001845,0.001876
tcga2016,148,0.001583,0.000816
tcga2016,149,0.002451,0.005423
tcga2016,150,0.003581,0.006694
tcga2016,151,0.002540,0.002990
tcga2016,152,0.003053,0.011241
tcga2016,153,0.002827,0.003632
tcga2016,154,0.004270,0.010528
tcga2016,155,0.002126,0.003132
tcga2016,156,0.001870,0.001492
tcga2016,157,0.003056,0.006038
tcga2016,158,0.002787,0.005350
tcga2016,159,0.004685,0.022917
tcga2016,160,0.001488,0.001407
tcga2016,161,0.001513,0.001506
tcga2016,162,0.001566,0.001715
tcga2016,163,0.002871,0.004804
tcga2016,164,0.002374,0.005057
tcga2016,165,0.002539,0.003375
tcga2016,166,0.001706,0.002271
tcga2016,167,0.002070,0.003596
tcga2016,168,0.001811,0.001533
tcga2016,169,0.001916,0.002335
tcga2016,170,0.001751,0.001698
tcga2016,171,0.002293,0.004251
tcga2016,172,0.002040,0.002818
tcga2016,173,0.002864,0.002903
tcga2016,174,0.003014,0.006244
tcga2016,175,0.002753,0.004989
tcga2016,176,0.002304,0.004246
tcga2016,177,0.002117,0.003313
tcga2016,178,0.002516,0.004479
tcga2016,179,0.002817,0.005139
tcga2016,180,0.002075,0.003146
tcga2016,181,0.005450,0.020355
tcga2016,182,0.001515,0.000790
tcga2016,183,0.002867,0.006536
tcga2016,184,0.006771,0.006963
tcga2016,185,0.002721,0.007714
tcga2016,186,0.001998,0.001777
tcga2016,187,0.003492,0.005731
tcga2016,188,0.002440,0.005157
tcga2016,189,0.002242,0.002506
tcga2016,190,0.006875,0.024463
tcga2016,191,0.001563,0.003054
tcga2016,192,0.001637,0.004007
tcga2016,193,0.003555,0.011635
tcga2016,194,0.002686,0.005841
tcga2016,195,0.003550,0.006583
tcga2016,196,0.002719,0.003994
tcga2016,197,0.001848,0.001393
tcga2016,198,0.002127,0.003116
tcga2016,199,0.002417,0.004066
tcga2016,200,0.002665,0.004407
tcga2016,201,0.003239,0.007496
tcga2016,202,0.004693,0.009917
tcga2016,203,0.002075,0.001976
tcga2016,204,0.003419,0.009197
tcga2016,205,0.001860,0.004066
tcga2016,206,0.005489,0.022383
tcga2016,207,0.001651,0.002805
tcga2016,208,0.001725,0.002204
tcga2016,209,0.003470,0.008542
tcga2016,210,0.003001,0.003626
tcga2016,211,0.003254,0.005791
tcga2016,212,0.002116,0.003426
tcga2016,213,0.003240,0.008323
tcga2016,214,0.003613,0.008945
tcga2016,215,0.003555,0.007106
tcga2016,216,0.002658,0.005944
tcga2016,217,0.002579,0.004713
tcga2016,218,0.003965,0.009048
tcga2016,219,0.004130,0.009156
tcga2016,220,0.001959,0.000984
tcga2016,221,0.002973,0.005361
tcga2016,222,0.003874,0.008218
tcga2016,223,0.003836,0.008624
tcga2016,224,0.001773,0.002635
tcga2016,225,0.001909,0.002036
tcga2016,226,0.009114,0.026968
tcga2016,227,0.003799,0.006459
tcga2016,228,0.006048,0.014329
tcga2016,229,0.005677,0.009659
tcga2016,230,0.001658,0.002829
tcga2016,231,0.002521,0.004822
tcga2016,232,0.002048,0.002223
tcga2016,233,0.001879,0.002534
tcga2016,234,0.002723,0.006246
tcga2016,235,0.002446,0.005795
tcga2016,236,0.004723,0.010852
tcga2016,237,0.003392,0.006896
tcga2016,238,0.002660,0.004331
tcga2016,239,0.001806,0.001232
tcga2016,240,0.005168,0.010593
tcga2016,241,0.002610,0.003970
tcga2016,242,0.002895,0.008680
tcga2016,243,0.002925,0.005457
tcga2016,244,0.004079,0.010372
tcga2016,245,0.003567,0.005773
tcga2016,246,0.003045,0.007210
tcga2016,247,0.002821,0.004602
tcga2016,248,0.002469,0.004749
tcga2016,249,0.003337,0.008056
tcga2016,250,0.005450,0.009850
tcga2016,251,0.005886,0.012302
tcga2016,252,0.004338,0.009496
tcga2016,253,0.002721,0.004241
tcga2016,254,0.003196,0.005003
tcga2016,255,0.002965,0.004620
tcga2016,256,0.009150,0.095947
tcga2016,257,0.006111,0.013246
tcga2016,258,0.003141,0.007471
tcga2016,259,0.007572,0.044083
tcga2016,260,0.004168,0.010157
tcga2016,261,0.004295,0.008059
tcga2016,262,0.003878,0.008734
tcga2016,263,0.003566,0.006757
tcga2016,264,0.005647,0.013423
tcga2016,265,0.003013,0.003704
tcga2016,266,0.002563,0.003505
tcga2016,267,0.004740,0.009278
tcga2016,268,0.001744,0.003935
tcga2016,269,0.182096,0.675901
tcga2016,270,0.003240,0.005231
tcga2016,271,0.002881,0.006765
tcga2016,272,0.009844,0.028278
tcga2016,273,0.003425,0.007992
tcga2016,274,0.003576,0.010446
tcga2016,275,0.003100,0.006441
tcga2016,276,0.001730,0.001861
tcga2016,277,0.006397,0.014330
tcga2016,278,0.002043,0.001925
tcga2016,279,0.002480,0.005152
tcga2016,280,0.016515,0.069966
tcga2016,281,0.002650,0.005532
tcga2016,282,0.001429,0.001047
tcga2016,283,0.002874,0.006761
tcga2016,284,0.005558,0.012419
tcga2016,285,0.004959,0.010910
tcga2016,286,0.004709,0.009103
tcga2016,287,0.003665,0.009294
tcga2016,288,0.006296,0.012566
tcga2016,289,0.003078,0.007335
tcga2016,290,0.003974,0.005144
tcga2016,291,0.005138,0.009761
tcga2016,292,0.004427,0.010044
tcga2016,293,0.007223,0.013547
tcga2016,294,0.004854,0.011498
tcga2016,295,0.002972,0.007109
tcga2016,296,0.003578,0.006491
tcga2016,297,0.004570,0.011347
tcga2016,298,0.006376,0.012952
tcga2016,299,0.004049,0.008085
tcga2016,300,0.006043,0.019784
tcga2016,301,0.004233,0.009089
tcga2016,302,0.008732,0.019485
tcga2016,303,0.004450,0.011796
tcga2016,304,0.012999,0.029892
tcga2016,305,0.012798,0.016256
tcga2016,306,0.005256,0.012559
tcga2016,307,0.003913,0.009349
tcga2016,308,0.003638,0.008695
tcga2016,309,0.005657,0.010855
tcga2016,310,0.004631,0.010269
tcga2016,311,0.012885,0.025183
tcga2016,312,0.002740,0.004942
tcga2016,313,0.001863,0.002155
tcga2016,314,0.003146,0.003685
tcga2016,315,0.037432,0.020662
tcga2016,316,0.009734,0.057734
tcga2016,317,0.003891,0.012807
tcga2016,318,0.016346,0.032846
tcga2016,319,0.003765,0.008400
tcga2016,320,0.002407,0.004128
tcga2016,321,0.008370,0.062000
tcga2016,322,0.030098,0.070510
tcga2016,323,0.073807,0.156074
tcga2016,324,0.003363,0.006011
tcga2016,325,0.031374,0.184984
tcga2016,326,0.005055,0.013752
tcga2016,327,0.004428,0.010607
tcga2016,328,0.041237,0.333300
tcga2016,329,0.004565,0.007563
tcga2016,330,0.004215,0.007824
tcga2016,331,0.003246,0.008770
tcga2016,332,0.003965,0.010306
tcga2016,333,0.007818,0.017995
tcga2016,334,0.004545,0.010895
tcga2016,335,0.008930,0.016944
tcga2016,336,0.007580,0.027757
tcga2016,337,0.002833,0.004351
tcga2016,338,0.006246,0.020973
tcga2016,339,0.002947,0.004881
tcga2016,340,0.002579,0.005107
tcga2016,341,0.043517,0.524968
tcga2016,342,0.003915,0.007818
tcga2016,343,0.004183,0.009589
tcga2016,344,0.007384,0.018744
tcga2016,345,0.004174,0.011302
tcga2016,346,0.012661,0.034716
tcga2016,347,0.005872,0.017048
tcga2016,348,0.007065,0.018506
tcga2016,349,0.006920,0.016515
tcga2016,350,0.006732,0.025353
tcga2016,351,0.008749,0.015610
tcga2016,352,0.027368,0.032162
tcga2016,353,0.003751,0.009287
tcga2016,354,0.019717,0.020661
tcga2016,355,0.007080,0.052516
tcga2016,356,0.008035,0.020393
tcga2016,357,0.008165,0.019211
tcga2016,358,0.017374,0.380713
tcga2016,359,0.002061,0.003136
tcga2016,360,0.010364,0.031099
tcga2016,361,0.056876,0.167246
tcga2016,362,0.008491,0.017260
tcga2016,363,0.004618,0.015164
tcga2016,364,0.006139,0.012413
tcga2016,365,0.005868,0.015363
tcga2016,366,0.003785,0.008240
tcga2016,367,0.239362,1.084342
tcga2016,368,0.005085,0.012688
tcga2016,369,0.008479,0.026381
tcga2016,370,0.012892,0.024234
tcga2016,371,0.006286,0.017002
tcga2016,372,0.013746,0.024503
tcga2016,373,0.009035,0.031090
tcga2016,374,0.039312,0.059531
tcga2016,375,0.572066,0.376058
tcga2016,376,0.003023,0.006998
tcga2016,377,0.006304,0.018097
tcga2016,378,0.016210,0.118957
tcga2016,379,0.008390,0.014409
tcga2016,380,0.058516,0.262117
tcga2016,381,0.003432,0.008015
tcga2016,382,3.356933,14.786247
tcga2016,383,0.009143,0.026999
tcga2016,384,0.008183,0.020316
tcga2016,385,0.010804,0.014810
tcga2016,386,0.006037,0.014713
tcga2016,387,0.004422,0.014618
tcga2016,388,0.295125,1.591096
tcga2016,389,0.009195,0.019186
tcga2016,390,0.011354,0.122176
tcga2016,391,0.034735,0.022428
tcga2016,392,0.006525,0.056447
tcga2016,393,0.007072,0.012175
tcga2016,394,0.082934,0.020084
tcga2016,395,0.005055,0.013081
tcga2016,396,0.013859,0.023114
tcga2016,397,0.004226,0.041887
tcga2016,398,0.038136,0.094011
tcga2016,399,0.106048,0.132400
tcga2016,400,0.005200,0.017454
tcga2016,401,0.004818,0.013347
tcga2016,402,0.009538,0.020161
tcga2016,403,0.013806,0.022573
tcga2016,404,0.042816,0.166635
tcga2016,405,0.006879,0.033029
tcga2016,406,0.005305,0.012960
tcga2016,407,1.218170,0.939391
tcga2016,408,0.037905,0.056869
tcga2016,409,0.012824,0.036976
tcga2016,410,0.022664,0.039241
tcga2016,411,0.043181,0.212300
tcga2016,412,0.004267,0.009093
tcga2016,413,0.023253,0.101633
tcga2016,414,0.007904,0.026329
tcga2016,415,0.008449,0.017399
tcga2016,416,0.013919,0.078444
tcga2016,417,0.080175,0.120768
tcga2016,418,0.008558,0.029444
tcga2016,419,0.994817,0.170013
tcga2016,420,0.007933,0.020052
tcga2016,421,0.011992,0.039931
tcga2016,422,0.036790,0.426408
tcga2016,423,0.004277,0.009982
tcga2016,424,0.016243,0.083141
tcga2016,425,0.004207,0.012963
tcga2016,426,0.082142,0.071110
tcga2016,427,0.022585,0.125252
tcga2016,428,0.005955,0.018894
tcga2016,429,1.689228,5.429486
tcga2016,430,1.284992,0.637733
tcga2016,431,0.014164,0.018670
tcga2016,432,0.010704,0.064223
tcga2016,433,0.011570,0.022573
tcga2016,434,0.017244,0.071280
tcga2016,435,0.026068,0.085175
tcga2016,436,0.010312,0.026627
tcga2016,437,0.006439,0.015815
tcga2016,438,0.019923,0.037599
tcga2016,439,0.006081,0.013233
tcga2016,440,0.032965,0.059786
tcga2016,441,0.138287,0.165031
tcga2016,442,0.102701,0.153514
tcga2016,443,0.018398,0.080414
tcga2016,444,0.038726,0.024077
tcga2016,445,0.010066,0.043407
tcga2016,446,0.013974,0.045069
tcga2016,447,0.410763,0.598204
tcga2016,448,0.012886,0.055212
tcga2016,449,0.007112,0.027076
tcga2016,450,0.023516,0.144981
tcga2016,451,0.006629,0.024805
tcga2016,452,0.102504,0.065413
tcga2016,453,0.007231,0.017462
tcga2016,454,0.162981,0.286191
tcga2016,455,1.033318,1.507214
tcga2016,456,0.010015,0.038328
tcga2016,457,0.004842,0.009898
tcga2016,458,0.007358,0.018836
tcga2016,459,0.012802,0.019257
tcga2016,460,0.014805,0.168028
tcga2016,461,0.015250,0.542928
tcga2016,462,0.013563,0.053842
tcga2016,463,0.078691,0.143613
tcga2016,464,0.007400,0.019061
tcga2016,465,0.065096,0.037536
tcga2016,466,0.029109,0.022641
tcga2016,467,0.039358,0.068646
tcga2016,468,0.098083,0.045093
tcga2016,469,0.011488,0.049997
tcga2016,470,0.104686,0.057608
tcga2016,471,0.213439,0.444066
tcga2016,472,0.006677,0.017258
tcga2016,473,0.006557,0.018824
tcga2016,474,0.025152,0.017202
tcga2016,475,0.051963,0.141692
tcga2016,476,2.789643,0.125895
tcga2016,477,2.685119,0.612559
tcga2016,478,0.014733,0.040660
tcga2016,479,0.005456,0.009950
tcga2016,480,0.017795,0.021605
tcga2016,481,1.214801,3.415733
tcga2016,482,0.017039,0.058263
tcga2016,483,1.113304,0.993813
tcga2016,484,0.181823,1.165970
tcga2016,485,0.006845,0.034889
tcga2016,486,0.012429,0.088661
tcga2016,487,0.030141,0.236853
tcga2016,488,0.028721,0.093686
tcga2016,489,0.006604,0.041663
tcga2016,490,0.024210,0.033638
tcga2016,491,0.027652,0.280065
tcga2016,492,0.631672,14.886309
tcga2016,493,0.064198,0.046836
tcga2016,494,0.078555,0.067910
tcga2016,495,1.819124,3.774713
tcga2016,496,0.008963,0.073110
tcga2016,497,0.053706,17.243862
tcga2016,498,0.010917,0.030437
tcga2016,499,0.078126,0.584838
tcga2016,500,0.010890,0.029010
tcga2016,501,0.029229,0.258647
tcga2016,502,0.069947,0.053231
tcga2016,503,2.520842,0.873483
tcga2016,504,0.024260,0.055791
tcga2016,505,0.035239,0.074764
tcga2016,506,0.034188,0.054300
tcga2016,507,0.008521,0.016391
tcga2016,508,0.257672,0.539858
tcga2016,509,0.006298,0.012131
tcga2016,510,0.018402,0.146192
tcga2016,511,0.014331,0.023142
tcga2016,512,0.182388,0.720994
tcga2016,513,0.006551,0.015879
tcga2016,514,0.155984,0.188481
tcga2016,515,0.019395,0.214969
tcga2016,516,0.048730,0.027543
tcga2016,517,0.012762,0.028081
tcga2016,518,1.847702,0.739511
tcga2016,519,0.024269,0.061858
tcga2016,520,0.019393,0.022180
tcga2016,521,0.082600,0.018390
tcga2016,522,0.024229,0.074070
tcga2016,523,1.715881,1.106021
tcga2016,524,0.045382,0.019508
tcga2016,525,0.275638,0.234227
tcga2016,526,0.101323,0.073848
tcga2016,527,0.136082,0.209628
tcga2016,528,0.055263,0.040170
tcga2016,529,0.071378,0.127058
tcga2016,530,0.260677,0.501993
tcga2016,531,0.088397,0.030537
tcga2016,532,0.008194,0.014746
tcga2016,533,0.676490,2.224229
tcga2016,534,0.006343,0.018650
tcga2016,535,0.269682,1.149785
tcga2016,536,1.887404,5.234446
tcga2016,537,0.307521,1.374602
tcga2016,538,0.128926,0.072617
tcga2016,539,0.006124,0.018779
tcga2016,540,0.030987,2.095602
tcga2016,541,0.009463,0.027956
tcga2016,542,0.072487,0.084391
tcga2016,543,0.020041,0.031015
tcga2016,544,0.011092,0.060305
tcga2016,545,0.019822,0.587494
tcga2016,546,0.012252,0.041476
tcga2016,547,1.783310,1.179006
tcga2016,548,0.139988,0.151727
tcga2016,549,0.025399,0.028648
tcga2016,550,0.016425,0.060734
tcga2016,551,1.443492,0.868894
tcga2016,552,4.057308,1.431674
tcga2016,553,0.026370,0.374800
tcga2016,554,0.271317,0.163313
tcga2016,555,0.008927,0.044507
tcga2016,556,0.010244,0.136954
tcga2016,557,0.009844,0.068834
tcga2016,558,1.808442,0.281110
tcga2016,559,1.867445,0.389395
tcga2016,560,0.068482,0.040149
tcga2016,561,0.007894,0.028957
tcga2016,562,1.695258,5.270299
tcga2016,563,0.022245,0.027602
tcga2016,564,0.196665,32.690657
tcga2016,565,0.130199,0.194733
tcga2016,566,0.091237,0.022005
tcga2016,567,0.223914,1.234972
tcga2016,568,0.012074,0.016388
tcga2016,569,0.527511,0.909518
tcga2016,570,1.098021,4.756240
tcga2016,571,0.010317,0.029111
tcga2016,572,0.038271,0.260023
tcga2016,573,0.095381,0.027129
tcga2016,574,0.020386,0.038949
tcga2016,575,0.306564,0.176607
tcga2016,576,0.074084,0.058051
tcga2016,577,1.910235,0.658121
tcga2016,578,1.613370,7.563114
tcga2016,579,0.305268,3.081475
tcga2016,580,0.009348,0.023651
tcga2016,581,0.133077,0.520777
tcga2016,582,0.244213,0.549250
tcga2016,583,0.326879,0.166397
tcga2016,584,0.068630,0.036642
tcga2016,585,0.309374,0.154039
tcga2016,586,0.074318,0.156192
tcga2016,587,1.222498,25.754582
tcga2016,588,0.104173,0.077384
tcga2016,589,0.011763,0.033837
tcga2016,590,0.052956,0.022453
tcga2016,591,0.006063,0.012483
tcga2016,592,0.106539,0.137705
tcga2016,593,0.180093,0.078115
tcga2016,594,1.894600,1.541301
tcga2016,595,0.008506,0.058394
tcga2016,596,0.058956,21.532695
tcga2016,597,0.078353,0.019392
tcga2016,598,0.014683,0.049572
tcga2016,599,0.092137,0.777282
tcga2016,600,0.054555,0.078358
tcga2016,601,0.144792,0.150199
tcga2016,602,0.010267,0.020646
tcga2016,603,0.011245,0.023215
tcga2016,604,0.026796,0.114681
tcga2016,605,0.026607,0.027245
tcga2016,606,0.007387,0.030349
tcga2016,607,0.009128,0.091689
tcga2016,608,0.046002,0.251045
tcga2016,609,0.015962,0.232460
tcga2016,610,0.013789,0.048801
tcga2016,611,0.012007,0.071786
tcga2016,612,0.012311,0.032401
tcga2016,613,0.124901,0.069940
tcga2016,614,0.167851,2.803622
tcga2016,615,0.131464,0.114460
tcga2016,616,0.226946,31.515986
tcga2016,617,0.017960,0.032223
tcga2016,618,0.076953,0.147642
tcga2016,619,0.010150,0.084959
tcga2016,620,0.006017,0.017126
tcga2016,621,0.101014,0.131537
tcga2016,622,0.009261,0.046660
tcga2016,623,0.151553,0.070856
tcga2016,624,0.023853,0.505520
tcga2016,625,0.270031,0.281450
tcga2016,626,0.039411,0.215216
tcga2016,627,0.100753,0.021237
tcga2016,628,0.135364,0.157147
tcga2016,629,0.023275,0.812682
tcga2016,630,0.939040,1.550650
tcga2016,631,0.009162,0.036579
tcga2016,632,0.434406,1.089670
tcga2016,633,0.009824,0.050378
tcga2016,634,0.157069,7.258427
tcga2016,635,0.621881,8.243039
tcga2016,636,0.081687,0.112219
tcga2016,637,0.011541,0.289979
tcga2016,638,0.099865,0.073324
tcga2016,639,0.014218,0.044520
tcga2016,640,0.508963,0.254901
tcga2016,641,0.013376,0.026427
tcga2016,642,1.010207,0.725851
tcga2016,643,0.015069,0.296349
tcga2016,644,0.148223,1.054557
tcga2016,645,0.008620,0.069714
tcga2016,646,0.022668,0.513444
tcga2016,647,0.071255,0.025898
tcga2016,648,3.958402,0.392096
tcga2016,649,0.255834,7.161042
tcga2016,650,0.025761,3.193034
tcga2016,651,0.057596,0.091250
tcga2016,652,0.128642,0.205186
tcga2016,653,0.122981,1.474474
tcga2016,654,0.092266,0.044926
tcga2016,655,0.113991,0.569162
tcga2016,656,0.007054,0.017977
tcga2016,657,0.186650,1.185700
tcga2016,658,0.013528,0.523053
tcga2016,659,0.023498,0.171239
tcga2016,660,0.009564,0.047685
tcga2016,661,0.088819,0.034531
tcga2016,662,0.007671,0.073906
tcga2016,663,0.057131,0.039968
tcga2016,664,0.012958,0.026644
tcga2016,665,0.265618,0.329152
tcga2016,666,0.207628,1.418686
tcga2016,667,0.030344,0.019875
tcga2016,668,3.795842,1.328298
tcga2016,669,0.056243,0.069575
tcga2016,670,0.172129,0.404372
tcga2016,671,0.020846,0.344355
tcga2016,672,3.633515,6.680874
tcga2016,673,0.008991,0.019366
tcga2016,674,0.444504,2.668459
tcga2016,675,0.006863,0.021742
tcga2016,676,0.087073,0.025836
tcga2016,677,0.215243,0.806945
tcga2016,678,0.015452,0.018726
tcga2016,679,1.688643,23.376704
tcga2016,680,0.078792,0.052082
tcga2016,681,0.013402,0.020762
tcga2016,682,0.249881,1.068542
tcga2016,683,0.116601,0.115937
tcga2016,684,0.086554,0.078935
tcga2016,685,0.062521,0.261804
tcga2016,686,0.292744,0.121317
tcga2016,687,0.012111,0.043114
tcga2016,688,0.007983,0.021226
tcga2016,689,0.336129,0.040267
tcga2016,690,0.007100,0.012898
tcga2016,691,1.232015,0.383589
tcga2016,692,0.008661,0.042600
tcga2016,693,0.015727,0.037768
tcga2016,694,0.008155,0.028689
tcga2016,695,0.006681,0.031906
tcga2016,696,0.026192,0.251399
tcga2016,697,0.007887,0.016413
tcga2016,698,0.113829,0.235779
tcga2016,699,0.057243,0.029620
tcga2016,700,0.018549,0.612881
tcga2016,701,0.005293,0.052317
tcga2016,702,0.166904,207.100857
tcga2016,703,0.131579,9.947889
tcga2016,704,0.240596,0.019549
tcga2016,705,0.010167,0.026100
tcga2016,706,0.061641,0.024011
tcga2016,707,0.007360,0.018937
tcga2016,708,0.082317,0.170444
tcga2016,709,0.013778,0.022422
tcga2016,710,0.031687,0.032553
tcga2016,711,0.013175,1.378228
tcga2016,712,0.010567,0.062672
tcga2016,713,0.012774,0.041430
tcga2016,714,0.008127,0.032221
tcga2016,715,0.078485,0.034385
tcga2016,716,0.098665,0.049377
tcga2016,717,1.902338,0.760201
tcga2016,718,0.023808,0.167490
tcga2016,719,0.012580,0.037969
tcga2016,720,0.061163,0.024538
tcga2016,721,0.005576,0.028895
tcga2016,722,0.093236,6.524926
tcga2016,723,0.516409,0.417498
tcga2016,724,0.011235,0.107006
tcga2016,725,0.064352,0.032300
tcga2016,726,0.020282,0.111727
tcga2016,727,0.079759,0.066995
tcga2016,728,0.011578,1.634120
tcga2016,729,0.128826,0.058693
tcga2016,730,0.349920,1.901365
tcga2016,731,0.043639,1.620000
tcga2016,732,0.031477,0.029981
tcga2016,733,0.014269,0.462556
tcga2016,734,0.007496,0.056292
tcga2016,735,1.070019,0.107061
tcga2016,736,0.113305,0.091131
tcga2016,737,0.050760,0.028553
tcga2016,738,0.005255,0.035538
tcga2016,739,0.006376,0.016149
tcga2016,740,0.097212,0.112404
tcga2016,741,0.009898,0.016005
tcga2016,742,0.079200,0.076002
tcga2016,743,0.016159,0.026677
tcga2016,744,0.072017,0.044810
tcga2016,745,0.063946,0.029076
tcga2016,746,0.125312,0.341585
tcga2016,747,0.016763,0.025552
tcga2016,748,0.020926,0.482530
tcga2016,749,0.165870,0.230742
tcga2016,750,0.006748,0.027623
tcga2016,751,0.008813,0.028458
tcga2016,752,0.015141,0.039378
tcga2016,753,0.017433,0.183780
tcga2016,754,0.222764,0.941214
tcga2016,755,0.006375,0.044187
tcga2016,756,0.102073,0.057172
tcga2016,757,0.016791,0.021268
tcga2016,758,0.007846,0.235462
tcga2016,759,0.010994,0.017095
tcga2016,760,0.008954,0.023881
tcga2016,761,0.013627,0.097915
tcga2016,762,0.057024,0.961974
tcga2016,763,0.008514,0.111860
tcga2016,764,0.048036,0.222149
tcga2016,765,0.015099,0.032509
tcga2016,766,0.129436,0.198552
tcga2016,767,0.015373,0.109616
tcga2016,768,0.012854,0.040059
tcga2016,769,0.008018,0.034168
tcga2016,770,0.028740,0.294832
tcga2016,771,0.021246,0.022692
tcga2016,772,0.017284,25.435805
tcga2016,773,2.299098,2.570711
tcga2016,774,0.008174,0.022972
tcga2016,775,0.410142,0.292131
tcga2016,776,0.214616,0.846902
tcga2016,777,0.011275,0.019872
tcga2016,778,0.010636,0.038213
tcga2016,779,0.050249,3.019409
tcga2016,780,0.009084,0.153288
tcga2016,781,0.091957,0.033465
tcga2016,782,0.013794,0.145617
tcga2016,783,0.009329,0.022162
tcga2016,784,0.007650,0.021222
tcga2016,785,0.062050,0.084076
tcga2016,786,0.132901,0.248898
tcga2016,787,0.640625,8.426652
tcga2016,788,0.090084,0.030032
tcga2016,789,0.274268,0.750021
tcga2016,790,0.050878,0.026135
tcga2016,791,0.410888,0.967946
tcga2016,792,0.007045,0.017341
tcga2016,793,0.052600,0.025038
tcga2016,794,0.060546,0.080656
tcga2016,795,0.011248,0.061722
tcga2016,796,0.008250,0.025855
tcga2016,797,0.077590,0.038069
tcga2016,798,0.070649,0.023657
tcga2016,799,0.007948,0.026085
tcga2016,800,0.014393,0.027160
tcga2016,801,0.012318,0.312716
tcga2016,802,0.043669,0.022036
tcga2016,803,0.008877,0.023624
tcga2016,804,0.010118,0.021881
tcga2016,805,0.008000,0.038381
tcga2016,806,0.005938,0.037442
tcga2016,807,0.005846,0.023644
tcga2016,808,0.060994,0.037522
tcga2016,809,0.008487,0.035970
tcga2016,810,0.008649,0.022746
tcga2016,811,0.087997,0.052093
tcga2016,812,0.007156,0.022949
tcga2016,813,0.221463,2.495699
tcga2016,814,0.009138,0.024264
tcga2016,815,0.012323,0.046074
tcga2016,816,0.090954,0.048525
tcga2016,817,0.023021,0.035858
tcga2016,818,0.006838,0.027969
tcga2016,819,0.006882,0.048648
tcga2016,820,0.028099,0.053658
tcga2016,821,0.014548,0.024386
tcga2016,822,0.058611,0.019931
tcga2016,823,0.087638,0.047800
tcga2016,824,0.007122,0.089028
tcga2016,825,0.008540,0.849867
tcga2016,826,0.010119,0.064216
tcga2016,827,0.008664,0.029267
tcga2016,828,0.007826,0.029844
tcga2016,829,0.097094,0.118162
tcga2016,830,0.156841,0.369716
tcga2016,831,0.010690,0.029364
tcga2016,832,0.015247,0.144979
tcga2016,833,0.006217,0.020531
tcga2016,834,0.021764,0.186846
tcga2016,835,0.087137,0.112433
tcga2016,836,0.019786,0.074602
tcga2016,837,0.072375,0.023923
tcga2016,838,0.143260,0.531258
tcga2016,839,0.008640,0.026879
tcga2016,840,0.008519,0.021130
tcga2016,841,0.057148,0.037836
tcga2016,842,0.015129,0.063195
tcga2016,843,0.007628,0.030597
tcga2016,844,0.019489,0.100906
tcga2016,845,0.005589,0.020615
tcga2016,846,0.021272,0.021145
tcga2016,847,0.062142,0.020044
tcga2016,848,0.008326,0.169522
tcga2016,849,0.009898,0.027139
tcga2016,850,0.007793,0.029221
tcga2016,851,0.048113,0.023695
tcga2016,852,0.015100,0.029653
tcga2016,853,0.010254,0.060184
tcga2016,854,0.006674,0.018563
tcga2016,855,1.759127,13.037138
tcga2016,856,0.019694,0.025651
tcga2016,857,0.010634,0.137520
tcga2016,858,0.130894,0.463755
tcga2016,859,0.007265,0.053528
tcga2016,860,0.007097,3.366662
tcga2016,861,0.004787,0.022069
tcga2016,862,0.006955,0.070000
tcga2016,863,0.084441,0.089471
tcga2016,864,0.011327,0.017052
tcga2016,865,0.023465,0.232291
tcga2016,866,0.049613,0.024181
tcga2016,867,0.006668,0.019440
tcga2016,868,0.031171,0.108835
tcga2016,869,0.025503,0.016667
tcga2016,870,0.014398,0.021485
tcga2016,871,0.009496,0.050881
tcga2016,872,0.070562,19.470462
tcga2016,873,0.133509,0.092748
tcga2016,874,0.016940,0.042357
tcga2016,875,0.008499,0.042529
tcga2016,876,0.026099,0.143773
tcga2016,877,0.007370,0.070133
tcga2016,878,0.065408,0.033050
tcga2016,879,0.057453,0.024493
tcga2016,880,0.008476,0.022583
tcga2016,881,0.009213,0.128210
tcga2016,882,0.011743,0.023735
tcga2016,883,0.015287,0.027580
tcga2016,884,0.024053,0.046490
tcga2016,885,0.010055,0.025355
tcga2016,886,0.094764,0.106927
tcga2016,887,0.024467,0.278392
tcga2016,888,0.012872,0.132989
tcga2016,889,0.013280,0.033805
tcga2016,890,0.006568,0.024687
tcga2016,891,0.084399,0.064194
tcga2016,892,0.011976,0.018334
tcga2016,893,0.032457,0.044126
tcga2016,894,0.343762,3.385588
tcga2016,895,0.009573,0.019666
tcga2016,896,0.012726,0.075465
tcga2016,897,0.032871,0.027739
tcga2016,898,0.026853,0.051595
tcga2016,899,0.115461,0.147678
tcga2016,900,0.007440,0.084499
tcga2016,901,0.096956,0.068338
tcga2016,902,0.008512,0.025482
tcga2016,903,0.008886,0.047264
tcga2016,904,0.008308,0.339732
tcga2016,905,0.007631,0.022231
tcga2016,906,0.008480,0.026234
tcga2016,907,0.057595,0.032296
tcga2016,908,0.008432,0.050067
tcga2016,909,0.005301,0.021753
tcga2016,910,0.088288,0.080662
tcga2016,911,0.024005,0.200132
tcga2016,912,0.008373,0.017537
tcga2016,913,0.008237,0.204740
tcga2016,914,0.028756,0.111444
tcga2016,915,0.024852,0.020317
tcga2016,916,0.010751,0.025424
tcga2016,917,0.010730,0.027703
tcga2016,918,0.016809,0.029182
tcga2016,919,0.006065,0.028561
tcga2016,920,0.005097,0.019790
tcga2016,921,0.006488,0.015642
tcga2016,922,0.011084,0.019184
tcga2016,923,0.008673,0.095061
tcga2016,924,0.009087,0.050511
tcga2016,925,0.008292,0.024024
tcga2016,926,0.007802,0.017259
tcga2016,927,0.079911,0.048220
tcga2016,928,0.007632,0.031529
tcga2016,929,0.020753,0.017550
tcga2016,930,0.008283,0.026365
tcga2016,931,0.006941,0.023581
tcga2016,932,0.045880,0.032490
tcga2016,933,0.004817,0.029560
tcga2016,934,0.019505,0.021818
tcga2016,935,0.018591,0.118966
tcga2016,936,0.008511,0.017250
tcga2016,937,0.004903,0.031911
tcga2016,938,0.011673,0.019921
tcga2016,939,0.008281,0.080837
tcga2016,940,0.010482,0.035566
tcga2016,941,0.007821,0.021522
tcga2016,942,0.005063,0.396971
tcga2016,943,0.007255,0.023509
tcga2016,944,0.047661,0.110059
tcga2016,945,0.074259,0.042855
tcga2016,946,0.007774,0.049606
tcga2016,947,0.009536,0.033845
tcga2016,948,0.007275,0.021905
tcga2016,949,0.007147,0.080778
tcga2016,950,0.009356,0.072302
tcga2016,951,0.008869,0.027569
tcga2016,952,0.007645,0.022741
tcga2016,953,0.086893,0.028747
tcga2016,954,0.008824,0.029305
tcga2016,955,0.008087,0.031473
tcga2016,956,0.011043,0.018866
tcga2016,957,0.007168,0.021415
tcga2016,958,0.008022,0.041515
tcga2016,959,0.008829,0.025138
tcga2016,960,0.006872,0.019210
tcga2016,961,0.006720,0.021903
tcga2016,962,0.006175,0.018777
tcga2016,963,0.475656,0.552666
tcga2016,964,0.072386,0.021187
tcga2016,965,0.009309,0.052709
tcga2016,966,0.007267,0.025927
tcga2016,967,0.011658,0.022415
tcga2016,968,0.006517,0.019823
tcga2016,969,0.007275,0.028023
tcga2016,970,0.013100,0.035681
tcga2016,971,0.031510,
tcga2016,972,0.054664,
tcga2016,973,0.024284,
tcga2016,974,0.052772,
tcga2016,975,0.014106,
tcga2016,976,0.104362,
tcga2016,977,0.011878,
tcga2016,978,0.057108,
tcga2016,979,0.008393,
tcga2016,980,0.007721,
tcga2016,981,0.022552,
tcga2016,982,0.006606,
tcga2016,983,0.008316,
tcga2016,984,0.008005,
tcga2016,985,0.111133,
tcga2016,986,0.058951,
tcga2016,987,0.008392,
tcga2016,988,0.009608,
tcga2016,989,0.088295,
tcga2016,990,0.022355,
tcga2016,991,0.008599,
tcga2016,992,0.008647,
tcga2016,993,0.008124,
tcga2016,994,0.018087,
tcga2016,995,0.040856,
tcga2016,996,0.006845,
tcga2016,997,0.008680,
tcga2016,998,0.007805,
tcga2016,999,0.009435,
tcga2016,1000,0.007259,
tcga2017,1,0.005524,0.002015
tcga2017,2,0.004064,0.001637
tcga2017,3,0.001299,0.000536
tcga2017,4,0.001236,0.000582
tcga2017,5,0.001417,0.000963
tcga2017,6,0.001745,0.000919
tcga2017,7,0.001328,0.000633
tcga2017,8,0.001270,0.000491
tcga2017,9,0.001556,0.003330
tcga2017,10,0.001278,0.000459
tcga2017,11,0.001669,0.001211
tcga2017,12,0.001441,0.001245
tcga2017,13,0.001584,0.001304
tcga2017,14,0.002321,0.003965
tcga2017,15,0.001359,0.001539
tcga2017,16,0.001656,0.002614
tcga2017,17,0.001525,0.001293
tcga2017,18,0.001429,0.001048
tcga2017,19,0.001579,0.000706
tcga2017,20,0.001573,0.001867
tcga2017,21,0.001300,0.001123
tcga2017,22,0.001413,0.001430
tcga2017,23,0.002228,0.006242
tcga2017,24,0.001806,0.003788
tcga2017,25,0.001688,0.001700
tcga2017,26,0.001429,0.000650
tcga2017,27,0.001415,0.001327
tcga2017,28,0.002934,0.005596
tcga2017,29,0.001589,0.001139
tcga2017,30,0.001816,0.002327
tcga2017,31,0.001322,0.000468
tcga2017,32,0.001432,0.000862
tcga2017,33,0.001301,0.000467
tcga2017,34,0.001296,0.000427
tcga2017,35,0.001510,0.000838
tcga2017,36,0.001403,0.000821
tcga2017,37,0.001275,0.000357
tcga2017,38,0.001444,0.000737
tcga2017,39,0.002033,0.003444
tcga2017,40,0.001740,0.000962
tcga2017,41,0.001278,0.000355
tcga2017,42,0.001311,0.003450
tcga2017,43,0.001578,0.001777
tcga2017,44,0.001397,0.001128
tcga2017,45,0.001301,0.000585
tcga2017,46,0.001408,0.000455
tcga2017,47,0.001512,0.000960
tcga2017,48,0.001637,0.001383
tcga2017,49,0.001315,0.000433
tcga2017,50,0.001482,0.000722
tcga2017,51,0.001657,0.001428
tcga2017,52,0.001981,0.002146
tcga2017,53,0.001407,0.000961
tcga2017,54,0.002259,0.002358
tcga2017,55,0.001427,0.000831
tcga2017,56,0.001488,0.001649
tcga2017,57,0.002117,0.002487
tcga2017,58,0.001929,0.003024
tcga2017,59,0.001803,0.001737
tcga2017,60,0.002350,0.004153
tcga2017,61,0.001882,0.002639
tcga2017,62,0.002210,0.005109
tcga2017,63,0.001704,0.002539
tcga2017,64,0.001638,0.001939
tcga2017,65,0.001780,0.002226
tcga2017,66,0.002419,0.002610
tcga2017,67,0.001735,0.003060
tcga2017,68,0.002036,0.003238
tcga2017,69,0.001614,0.001121
tcga2017,70,0.001830,0.002386
tcga2017,71,0.001432,0.001166
tcga2017,72,0.001460,0.002001
tcga2017,73,0.001795,0.003643
tcga2017,74,0.002935,0.005834
tcga2017,75,0.002132,0.001711
tcga2017,76,0.001232,0.000295
tcga2017,77,0.002866,0.003349
tcga2017,78,0.001528,0.001090
tcga2017,79,0.001739,0.001892
tcga2017,80,0.001555,0.001189
tcga2017,81,0.002888,0.007907
tcga2017,82,0.001314,0.000416
tcga2017,83,0.001528,0.001539
tcga2017,84,0.001370,0.000677
tcga2017,85,0.001859,0.002123
tcga2017,86,0.001835,0.002644
tcga2017,87,0.001650,0.001619
tcga2017,88,0.001539,0.001309
tcga2017,89,0.001432,0.002207
tcga2017,90,0.001962,0.002679
tcga2017,91,0.001928,0.002740
tcga2017,92,0.001607,0.001762
tcga2017,93,0.002252,0.002312
tcga2017,94,0.002030,0.003525
tcga2017,95,0.001337,0.001519
tcga2017,96,0.001642,0.001227
tcga2017,97,0.002327,0.002813
tcga2017,98,0.001850,0.001790
tcga2017,99,0.002346,0.004500
tcga2017,100,0.003806,0.005646
tcga2017,101,0.001506,0.001876
tcga2017,102,0.001368,0.001238
tcga2017,103,0.001660,0.002121
tcga2017,104,0.002685,0.006204
tcga2017,105,0.001881,0.001053
tcga2017,106,0.001546,0.001067
tcga2017,107,0.001797,0.001362
tcga2017,108,0.002733,0.005393
tcga2017,109,0.005184,0.011098
tcga2017,110,0.001815,0.001849
tcga2017,111,0.003018,0.004761
tcga2017,112,0.002349,0.004537
tcga2017,113,0.002820,0.004855
tcga2017,114,0.003745,0.008374
tcga2017,115,0.001757,0.001942
tcga2017,116,0.009811,0.014775
tcga2017,117,0.002079,0.001665
tcga2017,118,0.002025,0.001564
tcga2017,119,0.001549,0.001151
tcga2017,120,0.002292,0.004300
tcga2017,121,0.001562,0.001292
tcga2017,122,0.001693,0.000961
tcga2017,123,0.001920,0.003477
tcga2017,124,0.001479,0.000897
tcga2017,125,0.003213,0.006494
tcga2017,126,0.002384,0.002207
tcga2017,127,0.003683,0.007013
tcga2017,128,0.001722,0.002647
tcga2017,129,0.001849,0.002641
tcga2017,130,0.002928,0.004399
tcga2017,131,0.002220,0.003744
tcga2017,132,0.001884,0.002592
tcga2017,133,0.002582,0.004766
tcga2017,134,0.004092,0.014834
tcga2017,135,0.001665,0.001521
tcga2017,136,0.002271,0.005171
tcga2017,137,0.002546,0.002877
tcga2017,138,0.002846,0.004031
tcga2017,139,0.004377,0.008729
tcga2017,140,0.001994,0.002462
tcga2017,141,0.003693,0.006268
tcga2017,142,0.002299,0.003345
tcga2017,143,0.002166,0.003091
tcga2017,144,0.002678,0.007960
tcga2017,145,0.005469,0.011731
tcga2017,146,0.001816,0.002321
tcga2017,147,0.001987,0.003422
tcga2017,148,0.003316,0.008445
tcga2017,149,0.003993,0.008911
tcga2017,150,0.002630,0.005766
tcga2017,151,0.001555,0.001544
tcga2017,152,0.003666,0.004944
tcga2017,153,0.004080,0.009639
tcga2017,154,0.001683,0.003682
tcga2017,155,0.001575,0.001778
tcga2017,156,0.002458,0.003079
tcga2017,157,0.002422,0.004470
tcga2017,158,0.001718,0.002259
tcga2017,159,0.003067,0.006659
tcga2017,160,0.002854,0.008756
tcga2017,161,0.001662,0.002532
tcga2017,162,0.001953,0.001731
tcga2017,163,0.003091,0.005873
tcga2017,164,0.001824,0.002448
tcga2017,165,0.002790,0.005727
tcga2017,166,0.002423,0.002774
tcga2017,167,0.004497,0.008305
tcga2017,168,0.002616,0.002950
tcga2017,169,0.002279,0.002737
tcga2017,170,0.001990,0.002914
tcga2017,171,0.002138,0.001476
tcga2017,172,0.002630,0.003193
tcga2017,173,0.001890,0.003607
tcga2017,174,0.003617,0.009302
tcga2017,175,0.004185,0.012874
tcga2017,176,0.002064,0.003638
tcga2017,177,0.002319,0.003176
tcga2017,178,0.002361,0.004081
tcga2017,179,0.001517,0.002364
tcga2017,180,0.003665,0.011563
tcga2017,181,0.001930,0.004097
tcga2017,182,0.001896,0.003132
tcga2017,183,0.001476,0.001379
tcga2017,184,0.001930,0.003328
tcga2017,185,0.004446,0.032735
tcga2017,186,0.002717,0.005273
tcga2017,187,0.002197,0.003117
tcga2017,188,0.002065,0.004452
tcga2017,189,0.004057,0.008644
tcga2017,190,0.002692,0.005007
tcga2017,191,0.001752,0.000824
tcga2017,192,0.002092,0.003643
tcga2017,193,0.004406,0.012110
tcga2017,194,0.002335,0.003593
tcga2017,195,0.001970,0.002723
tcga2017,196,0.002533,0.003393
tcga2017,197,0.002123,0.002894
tcga2017,198,0.002460,0.004308
tcga2017,199,0.004300,0.006319
tcga2017,200,0.001606,0.003854
tcga2017,201,0.002148,0.003311
tcga2017,202,0.002540,0.005601
tcga2017,203,0.004293,0.011605
tcga2017,204,0.001517,0.002870
tcga2017,205,0.002236,0.005778
tcga2017,206,0.001560,0.000513
tcga2017,207,0.002384,0.007870
tcga2017,208,0.002839,0.004066
tcga2017,209,0.001806,0.002492
tcga2017,210,0.003897,0.011040
tcga2017,211,0.021478,0.045445
tcga2017,212,0.003422,0.007504
tcga2017,213,0.001896,0.002699
tcga2017,214,0.002806,0.004138
tcga2017,215,0.003507,0.010440
tcga2017,216,0.002361,0.002455
tcga2017,217,0.002234,0.002964
tcga2017,218,0.006398,0.028993
tcga2017,219,0.004554,0.010479
tcga2017,220,0.004709,0.012652
tcga2017,221,0.004531,0.010513
tcga2017,222,0.003215,0.007026
tcga2017,223,0.002840,0.004374
tcga2017,224,0.002755,0.005524
tcga2017,225,0.005401,0.006865
tcga2017,226,0.001799,0.003116
tcga2017,227,0.002372,0.003105
tcga2017,228,0.001928,0.002866
tcga2017,229,0.002950,0.004525
tcga2017,230,0.007280,0.012388
tcga2017,231,0.004376,0.010716
tcga2017,232,0.002440,0.003764
tcga2017,233,0.002794,0.006563
tcga2017,234,0.001658,0.001095
tcga2017,235,0.002519,0.006378
tcga2017,236,0.001660,0.001432
tcga2017,237,0.001559,0.001738
tcga2017,238,0.004365,0.011725
tcga2017,239,0.004931,0.013465
tcga2017,240,0.002679,0.007721
tcga2017,241,0.004123,0.009812
tcga2017,242,0.002661,0.002898
tcga2017,243,0.003026,0.003985
tcga2017,244,0.003118,0.006572
tcga2017,245,0.002305,0.005146
tcga2017,246,0.002230,0.003323
tcga2017,247,0.008285,0.019947
tcga2017,248,0.017838,0.024829
tcga2017,249,0.002769,0.007280
tcga2017,250,0.003092,0.008150
tcga2017,251,0.002373,0.004055
tcga2017,252,0.009916,0.013171
tcga2017,253,0.001866,0.003685
tcga2017,254,0.003112,0.007387
tcga2017,255,0.003861,0.009125
tcga2017,256,0.005232,0.010851
tcga2017,257,0.003588,0.008396
tcga2017,258,0.132518,0.197110
tcga2017,259,0.009071,0.024159
tcga2017,260,0.002715,0.004563
tcga2017,261,0.004274,0.014918
tcga2017,262,0.002297,0.003478
tcga2017,263,0.005366,0.022946
tcga2017,264,0.006798,0.014181
tcga2017,265,0.010483,0.074452
tcga2017,266,0.004229,0.009592
tcga2017,267,0.010769,0.021485
tcga2017,268,0.006974,0.030084
tcga2017,269,0.003593,0.006317
tcga2017,270,0.010899,0.042226
tcga2017,271,0.005518,0.011108
tcga2017,272,0.002583,0.003406
tcga2017,273,0.002935,0.005056
tcga2017,274,0.006243,0.014950
tcga2017,275,0.002414,0.005803
tcga2017,276,0.002556,0.004584
tcga2017,277,0.004956,0.013034
tcga2017,278,0.002255,0.003292
tcga2017,279,0.006157,0.014844
tcga2017,280,0.003821,0.008407
tcga2017,281,0.006557,0.018307
tcga2017,282,0.008244,0.016849
tcga2017,283,0.004201,0.011818
tcga2017,284,0.002410,0.004853
tcga2017,285,0.005882,0.014360
tcga2017,286,0.005076,0.008095
tcga2017,287,0.004911,0.037026
tcga2017,288,0.008444,0.025639
tcga2017,289,0.002282,0.004607
tcga2017,290,0.007092,0.016180
tcga2017,291,0.003972,0.011241
tcga2017,292,0.011364,0.066300
tcga2017,293,0.002032,0.001362
tcga2017,294,0.002729,0.005004
tcga2017,295,0.003043,0.012140
tcga2017,296,0.003067,0.004487
tcga2017,297,0.004190,0.008823
tcga2017,298,0.013736,0.027399
tcga2017,299,0.006505,0.022806
tcga2017,300,0.002667,0.004168
tcga2017,301,0.014323,0.015827
tcga2017,302,0.011653,0.022366
tcga2017,303,0.005017,0.018783
tcga2017,304,0.003715,0.006710
tcga2017,305,0.007931,0.018298
tcga2017,306,0.002530,0.005044
tcga2017,307,0.002885,0.006230
tcga2017,308,0.014525,0.021556
tcga2017,309,0.002720,0.011427
tcga2017,310,0.008184,0.016403
tcga2017,311,0.007878,0.022597
tcga2017,312,0.003699,0.005850
tcga2017,313,0.004905,0.010273
tcga2017,314,0.004397,0.008468
tcga2017,315,0.010524,0.035506
tcga2017,316,0.005527,0.017489
tcga2017,317,0.013456,0.012134
tcga2017,318,0.007788,0.079811
tcga2017,319,0.002893,0.006386
tcga2017,320,0.003888,0.012156
tcga2017,321,0.013982,0.025854
tcga2017,322,0.002271,0.001498
tcga2017,323,0.009383,0.035380
tcga2017,324,0.007974,0.013174
tcga2017,325,0.002563,0.002324
tcga2017,326,0.003397,0.008629
tcga2017,327,0.006378,0.023326
tcga2017,328,0.006172,0.016472
tcga2017,329,0.004414,0.008824
tcga2017,330,0.007223,0.016111
tcga2017,331,0.009970,0.010284
tcga2017,332,0.006470,0.019620
tcga2017,333,0.011342,0.017637
tcga2017,334,0.239058,0.395098
tcga2017,335,0.042144,0.198822
tcga2017,336,0.004852,0.010963
tcga2017,337,0.029763,0.423159
tcga2017,338,0.007355,0.013169
tcga2017,339,0.003474,0.007201
tcga2017,340,0.005302,0.010897
tcga2017,341,0.040066,0.030461
tcga2017,342,0.005911,0.011175
tcga2017,343,0.006249,0.018989
tcga2017,344,0.005789,0.010520
tcga2017,345,0.003338,0.006536
tcga2017,346,0.006832,0.019775
tcga2017,347,0.002947,0.005157
tcga2017,348,0.004554,0.010751
tcga2017,349,0.005952,0.022281
tcga2017,350,0.011132,0.026556
tcga2017,351,0.036268,0.025272
tcga2017,352,0.004719,0.044035
tcga2017,353,0.014166,0.016257
tcga2017,354,0.009853,0.046563
tcga2017,355,0.013475,0.057808
tcga2017,356,0.004206,0.011194
tcga2017,357,0.065646,0.033554
tcga2017,358,0.008218,0.066733
tcga2017,359,0.027970,0.357341
tcga2017,360,0.021743,0.053462
tcga2017,361,0.023024,0.036343
tcga2017,362,0.008311,0.020455
tcga2017,363,0.024727,0.031313
tcga2017,364,0.007608,0.031040
tcga2017,365,0.008963,0.114567
tcga2017,366,0.005742,0.015616
tcga2017,367,0.065501,0.179418
tcga2017,368,0.004323,0.012942
tcga2017,369,0.066741,0.136090
tcga2017,370,0.008518,0.020098
tcga2017,371,0.040396,0.091165
tcga2017,372,0.008940,0.019997
tcga2017,373,0.030894,0.044995
tcga2017,374,0.007142,0.029975
tcga2017,375,0.014829,0.049686
tcga2017,376,0.026095,0.019337
tcga2017,377,0.005013,0.014850
tcga2017,378,0.008888,0.032297
tcga2017,379,0.566799,0.389183
tcga2017,380,0.006865,0.010170
tcga2017,381,0.006985,0.022288
tcga2017,382,0.015716,0.148226
tcga2017,383,0.011255,0.028496
tcga2017,384,0.006848,0.014396
tcga2017,385,0.008532,0.130200
tcga2017,386,0.036750,0.068305
tcga2017,387,0.007263,0.012775
tcga2017,388,0.005260,0.015005
tcga2017,389,0.058863,0.041580
tcga2017,390,0.015709,0.023947
tcga2017,391,0.025615,0.032109
tcga2017,392,0.010354,0.053112
tcga2017,393,0.082623,0.027936
tcga2017,394,0.004425,0.012030
tcga2017,395,0.004327,0.008042
tcga2017,396,0.021691,0.031075
tcga2017,397,0.006939,0.023785
tcga2017,398,0.005781,0.012251
tcga2017,399,0.012366,0.026362
tcga2017,400,0.008989,0.096316
tcga2017,401,0.005749,0.012373
tcga2017,402,0.071159,0.195228
tcga2017,403,0.153455,0.466378
tcga2017,404,0.004601,0.018656
tcga2017,405,0.010676,0.015848
tcga2017,406,0.013958,0.190674
tcga2017,407,0.006463,0.015925
tcga2017,408,0.066097,2.700380
tcga2017,409,0.015848,0.028173
tcga2017,410,0.115154,0.122959
tcga2017,411,0.006893,0.023433
tcga2017,412,0.015724,0.018365
tcga2017,413,0.012112,0.033572
tcga2017,414,0.012600,0.159657
tcga2017,415,0.006385,0.037179
tcga2017,416,0.014650,0.018489
tcga2017,417,0.008763,0.027647
tcga2017,418,0.014132,0.052032
tcga2017,419,0.007093,0.013098
tcga2017,420,0.005600,0.018790
tcga2017,421,0.017064,0.045050
tcga2017,422,0.021906,0.094490
tcga2017,423,0.008608,0.019557
tcga2017,424,0.008146,0.038471
tcga2017,425,0.008279,0.039345
tcga2017,426,0.052932,0.797503
tcga2017,427,0.020418,0.037177
tcga2017,428,0.009136,0.030548
tcga2017,429,0.018132,0.066664
tcga2017,430,0.073062,0.012309
tcga2017,431,0.012557,0.064248
tcga2017,432,0.024754,0.731957
tcga2017,433,0.016722,0.025937
tcga2017,434,0.080114,0.022550
tcga2017,435,0.202700,4.145891
tcga2017,436,0.018265,0.023933
tcga2017,437,0.004682,0.020578
tcga2017,438,0.014825,0.014841
tcga2017,439,0.006584,0.017819
tcga2017,440,0.008053,0.053318
tcga2017,441,0.093062,0.382229
tcga2017,442,0.014015,0.051118
tcga2017,443,0.023928,0.021018
tcga2017,444,0.020047,0.043393
tcga2017,445,0.006084,0.012646
tcga2017,446,0.381279,1.595591
tcga2017,447,0.006619,0.020581
tcga2017,448,1.112130,1.108589
tcga2017,449,0.233982,0.300331
tcga2017,450,0.026493,0.178349
tcga2017,451,0.082397,0.142150
tcga2017,452,0.004590,0.019749
tcga2017,453,0.006800,0.014492
tcga2017,454,0.008387,0.051106
tcga2017,455,0.108950,0.055320
tcga2017,456,0.018558,0.029765
tcga2017,457,0.032109,0.057057
tcga2017,458,0.018588,0.106489
tcga2017,459,1.521132,0.974383
tcga2017,460,0.123183,0.089220
tcga2017,461,1.344760,0.422503
tcga2017,462,0.004721,0.010841
tcga2017,463,0.056406,2.340335
tcga2017,464,0.010416,0.076869
tcga2017,465,0.118225,0.063814
tcga2017,466,0.013030,0.021974
tcga2017,467,0.048963,0.039156
tcga2017,468,0.014333,0.110311
tcga2017,469,0.005441,0.017440
tcga2017,470,1.720606,8.239899
tcga2017,471,0.005583,0.008494
tcga2017,472,0.154665,0.378431
tcga2017,473,0.023065,0.065733
tcga2017,474,2.632215,1.697021
tcga2017,475,0.037254,0.350463
tcga2017,476,0.006080,0.018245
tcga2017,477,0.270631,4.987539
tcga2017,478,0.007042,0.030075
tcga2017,479,0.034421,0.554367
tcga2017,480,0.008594,0.098801
tcga2017,481,0.008864,0.025636
tcga2017,482,0.040508,2.599154
tcga2017,483,0.009471,0.039075
tcga2017,484,0.015610,0.065550
tcga2017,485,0.342382,0.840913
tcga2017,486,0.009142,0.014407
tcga2017,487,0.106505,0.113838
tcga2017,488,0.027376,4.318296
tcga2017,489,0.075944,0.079862
tcga2017,490,0.007595,0.070709
tcga2017,491,0.467655,0.528956
tcga2017,492,0.229264,0.770627
tcga2017,493,0.004620,0.010411
tcga2017,494,0.005864,0.015497
tcga2017,495,0.016469,0.022403
tcga2017,496,0.015863,0.514090
tcga2017,497,0.007546,0.014888
tcga2017,498,1.142233,2.167318
tcga2017,499,0.007433,0.012031
tcga2017,500,0.009011,0.025832
tcga2017,501,1.677512,1.479574
tcga2017,502,0.100372,0.099582
tcga2017,503,0.013882,0.043544
tcga2017,504,0.042387,0.142769
tcga2017,505,0.114445,0.049761
tcga2017,506,0.005244,0.012912
tcga2017,507,0.031152,0.262398
tcga2017,508,0.011740,0.538122
tcga2017,509,0.616530,0.366530
tcga2017,510,0.617847,0.498314
tcga2017,511,0.063623,0.328619
tcga2017,512,0.006006,0.018451
tcga2017,513,0.014336,0.168352
tcga2017,514,0.078933,0.025663
tcga2017,515,0.009365,0.079821
tcga2017,516,0.013470,0.047752
tcga2017,517,0.005066,0.014771
tcga2017,518,0.473531,0.172082
tcga2017,519,3.611454,7.037743
tcga2017,520,0.089362,0.132916
tcga2017,521,0.010978,0.016785
tcga2017,522,0.720463,0.711728
tcga2017,523,0.057060,0.022143
tcga2017,524,0.128284,0.274288
tcga2017,525,0.014367,0.036104
tcga2017,526,2.561132,5.983315
tcga2017,527,0.145851,809.016076
tcga2017,528,0.011059,0.045686
tcga2017,529,1.069342,1.099755
tcga2017,530,0.154602,2.735494
tcga2017,531,0.070818,0.012226
tcga2017,532,0.005736,0.022959
tcga2017,533,0.023277,0.021009
tcga2017,534,0.022676,0.038556
tcga2017,535,0.025382,0.088663
tcga2017,536,0.027742,0.304973
tcga2017,537,0.162173,0.218552
tcga2017,538,0.045812,1.992003
tcga2017,539,1.688635,24.718024
tcga2017,540,0.462689,0.285156
tcga2017,541,1.756790,2.577059
tcga2017,542,0.034864,0.408535
tcga2017,543,0.699720,7.474468
tcga2017,544,0.214517,0.936635
tcga2017,545,0.017639,0.098123
tcga2017,546,0.085659,0.233810
tcga2017,547,1.549628,1.074070
tcga2017,548,1.316585,4.713892
tcga2017,549,0.101825,0.143137
tcga2017,550,0.007736,0.039118
tcga2017,551,0.004773,0.034838
tcga2017,552,1.290267,1.073686
tcga2017,553,0.006449,0.014015
tcga2017,554,0.142643,0.162921
tcga2017,555,2.885315,5.026156
tcga2017,556,0.013039,0.044567
tcga2017,557,0.011983,0.655281
tcga2017,558,2.699089,0.747337
tcga2017,559,0.044135,0.337340
tcga2017,560,0.072126,0.092599
tcga2017,561,0.006877,0.018528
tcga2017,562,0.038407,0.314509
tcga2017,563,0.074332,0.034063
tcga2017,564,0.049604,0.200544
tcga2017,565,0.161060,0.095470
tcga2017,566,0.010080,0.033536
tcga2017,567,3.595412,12.692813
tcga2017,568,0.332273,0.691625
tcga2017,569,0.164492,0.206068
tcga2017,570,0.152016,0.150981
tcga2017,571,0.524967,1.209604
tcga2017,572,0.011720,0.019789
tcga2017,573,0.039842,0.065992
tcga2017,574,0.065765,0.117344
tcga2017,575,0.021823,0.058319
tcga2017,576,0.031119,0.070572
tcga2017,577,0.034197,0.074415
tcga2017,578,0.525520,1.894056
tcga2017,579,0.013740,0.042290
tcga2017,580,0.240230,0.580266
tcga2017,581,0.108323,0.069556
tcga2017,582,0.032359,0.039404
tcga2017,583,0.004562,0.013997
tcga2017,584,0.011980,0.035720
tcga2017,585,0.059820,0.726656
tcga2017,586,0.096999,0.110335
tcga2017,587,0.008051,0.016820
tcga2017,588,0.008229,0.023936
tcga2017,589,0.039078,0.098534
tcga2017,590,0.007871,0.150590
tcga2017,591,0.078215,0.045115
tcga2017,592,0.004995,0.033177
tcga2017,593,0.036422,0.117516
tcga2017,594,0.091588,0.024241
tcga2017,595,0.267714,0.912865
tcga2017,596,0.040969,0.256475
tcga2017,597,1.911661,7.484981
tcga2017,598,0.013400,0.022934
tcga2017,599,0.615020,1.028872
tcga2017,600,0.007922,0.025516
tcga2017,601,0.028873,0.102226
tcga2017,602,3.011937,0.819623
tcga2017,603,0.007097,0.259665
tcga2017,604,0.078994,0.295444
tcga2017,605,0.111228,0.183269
tcga2017,606,11.697487,5.958309
tcga2017,607,0.011603,0.032028
tcga2017,608,0.212741,2.336211
tcga2017,609,0.096242,340.575893
tcga2017,610,0.010701,0.016911
tcga2017,611,0.109178,0.578970
tcga2017,612,0.021379,0.122839
tcga2017,613,0.011389,0.021017
tcga2017,614,0.009492,0.019173
tcga2017,615,0.100321,0.061366
tcga2017,616,0.223966,1.306821
tcga2017,617,0.077508,1.858352
tcga2017,618,0.007884,0.019171
tcga2017,619,0.040315,0.053425
tcga2017,620,1.937628,0.168833
tcga2017,621,0.161267,0.249118
tcga2017,622,2.644311,5.177165
tcga2017,623,1.887958,5.133482
tcga2017,624,0.008530,0.030196
tcga2017,625,0.040788,0.068789
tcga2017,626,0.008413,0.029323
tcga2017,627,0.005938,0.192555
tcga2017,628,0.060535,0.056012
tcga2017,629,0.013444,0.039717
tcga2017,630,0.338249,0.512993
tcga2017,631,0.082300,0.110158
tcga2017,632,0.007250,0.067261
tcga2017,633,0.064154,0.104909
tcga2017,634,0.026750,0.097101
tcga2017,635,0.033720,0.417764
tcga2017,636,0.035226,0.026845
tcga2017,637,0.011908,0.042737
tcga2017,638,2.755051,34.056388
tcga2017,639,0.014172,0.019082
tcga2017,640,0.017267,0.435683
tcga2017,641,0.062729,0.039863
tcga2017,642,0.157622,0.903928
tcga2017,643,0.010268,0.118552
tcga2017,644,0.005327,0.027417
tcga2017,645,0.038094,0.041117
tcga2017,646,0.005555,0.062488
tcga2017,647,0.036972,0.019955
tcga2017,648,0.007410,0.019995
tcga2017,649,1.154002,1.834001
tcga2017,650,0.011187,0.023858
tcga2017,651,0.017127,6.498484
tcga2017,652,0.310793,1.923165
tcga2017,653,0.037668,2.244433
tcga2017,654,0.321067,36.499780
tcga2017,655,0.032943,0.354038
tcga2017,656,0.012712,0.053527
tcga2017,657,0.047083,0.136319
tcga2017,658,0.278468,3.945085
tcga2017,659,0.043435,0.685832
tcga2017,660,0.007962,0.059600
tcga2017,661,0.049383,0.052731
tcga2017,662,0.250439,2.024647
tcga2017,663,0.011246,0.018482
tcga2017,664,0.015031,0.284862
tcga2017,665,0.027411,0.075085
tcga2017,666,0.295968,0.562272
tcga2017,667,0.008496,0.029341
tcga2017,668,4.024288,1.577653
tcga2017,669,0.011481,0.032664
tcga2017,670,3.688961,37.322646
tcga2017,671,3.648011,59.919981
tcga2017,672,0.025352,0.038673
tcga2017,673,0.012681,0.126722
tcga2017,674,0.008465,0.029193
tcga2017,675,0.052651,0.287716
tcga2017,676,0.017829,0.174914
tcga2017,677,0.011517,1.208234
tcga2017,678,0.012318,0.036346
tcga2017,679,0.064813,0.032835
tcga2017,680,0.017440,0.028654
tcga2017,681,0.285503,0.579358
tcga2017,682,0.015774,0.028385
tcga2017,683,0.034185,0.060460
tcga2017,684,0.006306,0.028406
tcga2017,685,0.026100,0.307533
tcga2017,686,0.025096,0.274772
tcga2017,687,0.303331,0.372367
tcga2017,688,0.009629,0.033590
tcga2017,689,0.028621,0.113191
tcga2017,690,0.008357,0.016887
tcga2017,691,0.007423,0.025780
tcga2017,692,0.008579,0.071668
tcga2017,693,0.810699,0.421173
tcga2017,694,0.279066,14.619992
tcga2017,695,0.178519,0.242914
tcga2017,696,0.388109,0.408861
tcga2017,697,0.026189,0.087890
tcga2017,698,1.327322,2.593989
tcga2017,699,0.011292,0.023204
tcga2017,700,0.020566,0.020763
tcga2017,701,0.018619,0.028057
tcga2017,702,0.007739,0.025928
tcga2017,703,0.030683,0.037739
tcga2017,704,0.091295,0.098775
tcga2017,705,1.173213,18.930113
tcga2017,706,0.012336,0.026243
tcga2017,707,0.030201,0.046730
tcga2017,708,0.006070,0.018520
tcga2017,709,0.094178,0.088712
tcga2017,710,0.010483,0.019080
tcga2017,711,0.058317,0.040868
tcga2017,712,0.018990,0.140732
tcga2017,713,0.010466,0.021884
tcga2017,714,0.007137,0.016315
tcga2017,715,0.014673,0.043617
tcga2017,716,0.009002,0.032973
tcga2017,717,0.013405,0.022809
tcga2017,718,0.244173,1.053063
tcga2017,719,0.011547,0.181864
tcga2017,720,0.135315,0.148608
tcga2017,721,0.066269,0.102577
tcga2017,722,0.049783,0.074516
tcga2017,723,0.085554,1.417103
tcga2017,724,0.108234,0.054417
tcga2017,725,0.070790,0.057488
tcga2017,726,0.017747,0.079264
tcga2017,727,0.007100,0.026044
tcga2017,728,1.657942,0.247262
tcga2017,729,0.133421,0.111146
tcga2017,730,0.011975,0.021731
tcga2017,731,0.006865,0.021737
tcga2017,732,0.008024,0.018935
tcga2017,733,0.122195,0.023910
tcga2017,734,0.048427,0.026253
tcga2017,735,0.017037,0.078381
tcga2017,736,0.006344,0.034206
tcga2017,737,0.545058,2.035283
tcga2017,738,0.008792,0.342668
tcga2017,739,0.034648,0.098048
tcga2017,740,0.095779,0.145842
tcga2017,741,0.007994,0.029842
tcga2017,742,0.106645,0.122895
tcga2017,743,0.175764,0.408037
tcga2017,744,0.007581,0.500618
tcga2017,745,0.022893,0.896249
tcga2017,746,0.078518,0.078287
tcga2017,747,0.019983,0.210523
tcga2017,748,0.005289,0.033172
tcga2017,749,0.010568,0.032086
tcga2017,750,0.235921,0.669501
tcga2017,751,0.005047,0.055694
tcga2017,752,0.025478,0.153721
tcga2017,753,0.008349,0.031137
tcga2017,754,0.017210,0.031853
tcga2017,755,0.010121,0.017621
tcga2017,756,0.008752,0.143103
tcga2017,757,0.020790,0.024170
tcga2017,758,0.038980,0.133464
tcga2017,759,0.073362,0.061507
tcga2017,760,0.013762,0.033441
tcga2017,761,0.043485,0.072431
tcga2017,762,0.066760,0.022777
tcga2017,763,0.014501,0.024184
tcga2017,764,0.020041,0.443717
tcga2017,765,0.460553,4.768960
tcga2017,766,0.022967,0.117532
tcga2017,767,0.010830,0.115738
tcga2017,768,0.038323,0.160638
tcga2017,769,0.091456,0.090974
tcga2017,770,0.188839,0.765282
tcga2017,771,0.015162,0.036503
tcga2017,772,0.118027,0.143165
tcga2017,773,0.326686,0.062744
tcga2017,774,0.007888,0.020955
tcga2017,775,0.017138,0.031545
tcga2017,776,0.037078,0.069328
tcga2017,777,0.023314,0.021753
tcga2017,778,0.072152,0.049785
tcga2017,779,0.006609,0.026179
tcga2017,780,0.079351,0.058368
tcga2017,781,0.006719,0.062086
tcga2017,782,0.068833,0.295487
tcga2017,783,0.015388,0.045402
tcga2017,784,0.005852,0.034108
tcga2017,785,0.109239,0.284132
tcga2017,786,0.007251,42.633993
tcga2017,787,0.021564,0.022936
tcga2017,788,0.023734,0.042726
tcga2017,789,0.023487,0.274876
tcga2017,790,0.016885,0.043234
tcga2017,791,0.007173,0.027978
tcga2017,792,0.010668,0.044900
tcga2017,793,0.015267,0.947036
tcga2017,794,0.012467,0.155437
tcga2017,795,0.090510,0.067057
tcga2017,796,0.175909,0.413049
tcga2017,797,0.009960,0.056321
tcga2017,798,0.042114,0.023549
tcga2017,799,0.022542,0.078883
tcga2017,800,0.012175,0.028278
tcga2017,801,0.013960,0.083910
tcga2017,802,0.009544,0.031987
tcga2017,803,0.271935,0.504316
tcga2017,804,0.098310,0.043481
tcga2017,805,0.013516,0.176918
tcga2017,806,0.010415,0.029937
tcga2017,807,0.008471,0.983892
tcga2017,808,0.005963,0.016048
tcga2017,809,0.013222,0.015796
tcga2017,810,0.139682,0.977787
tcga2017,811,0.049822,0.057063
tcga2017,812,0.032050,0.043800
tcga2017,813,0.006793,0.022550
tcga2017,814,0.015758,0.077982
tcga2017,815,0.017679,0.328541
tcga2017,816,0.006709,0.037418
tcga2017,817,0.079257,0.091272
tcga2017,818,0.022107,0.073070
tcga2017,819,0.014796,0.023744
tcga2017,820,0.009507,0.111346
tcga2017,821,0.023470,0.928002
tcga2017,822,0.007507,0.020779
tcga2017,823,0.643282,0.631168
tcga2017,824,0.007107,0.019886
tcga2017,825,0.006008,0.157198
tcga2017,826,0.006432,0.040660
tcga2017,827,0.018240,0.242939
tcga2017,828,0.118586,0.849268
tcga2017,829,0.134879,0.180878
tcga2017,830,0.010670,0.018164
tcga2017,831,0.010260,0.260017
tcga2017,832,0.018787,1.677701
tcga2017,833,0.085893,0.114467
tcga2017,834,0.021496,0.038594
tcga2017,835,0.325680,0.872960
tcga2017,836,0.006574,0.020845
tcga2017,837,0.016234,0.125806
tcga2017,838,0.086569,0.144753
tcga2017,839,0.012300,0.077873
tcga2017,840,0.104256,0.549982
tcga2017,841,0.036142,0.016302
tcga2017,842,0.007803,0.040168
tcga2017,843,0.190081,0.451550
tcga2017,844,0.007960,0.026300
tcga2017,845,0.008409,0.055377
tcga2017,846,0.023909,0.028255
tcga2017,847,0.111130,0.189378
tcga2017,848,0.008562,0.017103
tcga2017,849,0.006284,0.022533
tcga2017,850,0.007255,0.023010
tcga2017,851,0.008429,0.031828
tcga2017,852,0.010064,0.037026
tcga2017,853,0.007489,0.027896
tcga2017,854,0.007126,0.046497
tcga2017,855,0.016838,0.047377
tcga2017,856,0.006810,0.023646
tcga2017,857,0.009018,0.022504
tcga2017,858,0.126338,0.201605
tcga2017,859,0.008522,0.026306
tcga2017,860,0.010042,0.041409
tcga2017,861,0.011436,0.540532
tcga2017,862,0.010071,0.031897
tcga2017,863,0.217200,0.623029
tcga2017,864,0.012922,0.029377
tcga2017,865,0.053700,0.041706
tcga2017,866,0.008791,0.031304
tcga2017,867,0.007032,0.026800
tcga2017,868,0.024155,0.108471
tcga2017,869,0.032421,0.023105
tcga2017,870,0.031755,0.107474
tcga2017,871,0.040957,0.054060
tcga2017,872,0.080539,0.071807
tcga2017,873,0.011463,0.107695
tcga2017,874,0.030463,0.042071
tcga2017,875,0.011143,0.032407
tcga2017,876,0.007717,0.029310
tcga2017,877,0.007756,0.024744
tcga2017,878,0.007154,0.033604
tcga2017,879,0.008488,0.024082
tcga2017,880,0.027471,0.499051
tcga2017,881,0.008076,0.035998
tcga2017,882,0.007045,0.020885
tcga2017,883,0.005963,0.077962
tcga2017,884,0.103289,0.138413
tcga2017,885,0.011693,0.018249
tcga2017,886,0.048472,0.022256
tcga2017,887,0.054309,0.042182
tcga2017,888,0.353514,1767.582456
tcga2017,889,0.034271,0.061383
tcga2017,890,0.006899,0.079005
tcga2017,891,0.008169,0.025875
tcga2017,892,0.026330,0.184408
tcga2017,893,0.062321,0.042587
tcga2017,894,0.051719,0.127652
tcga2017,895,0.006200,0.025664
tcga2017,896,0.010831,0.032963
tcga2017,897,0.007930,0.066415
tcga2017,898,0.341581,0.045719
tcga2017,899,0.018855,0.244244
tcga2017,900,0.072804,0.035026
tcga2017,901,0.007783,0.034911
tcga2017,902,0.011530,0.023168
tcga2017,903,0.129682,0.194977
tcga2017,904,0.007268,0.043974
tcga2017,905,0.020491,0.024815
tcga2017,906,0.015746,0.021243
tcga2017,907,0.007379,0.024755
tcga2017,908,0.005945,0.041412
tcga2017,909,0.058871,0.028036
tcga2017,910,0.011971,0.035547
tcga2017,911,0.013756,0.053680
tcga2017,912,0.007986,0.041182
tcga2017,913,0.058318,0.029607
tcga2017,914,0.105262,0.167600
tcga2017,915,0.007060,0.021189
tcga2017,916,0.016591,0.048657
tcga2017,917,0.007359,0.022819
tcga2017,918,0.061323,0.033789
tcga2017,919,0.008889,0.029509
tcga2017,920,0.107922,0.027466
tcga2017,921,0.009157,0.019168
tcga2017,922,0.010306,0.022504
tcga2017,923,0.151177,0.214900
tcga2017,924,0.007763,0.023936
tcga2017,925,0.015833,0.087866
tcga2017,926,0.424129,3.912377
tcga2017,927,0.021140,0.035338
tcga2017,928,0.019703,0.060052
tcga2017,929,0.008696,0.028953
tcga2017,930,0.008065,0.026432
tcga2017,931,0.008724,0.028254
tcga2017,932,0.007003,0.018692
tcga2017,933,0.007789,0.024729
tcga2017,934,0.006622,0.022891
tcga2017,935,0.221880,1.530570
tcga2017,936,0.015928,0.022575
tcga2017,937,0.010617,0.026824
tcga2017,938,0.008884,0.016788
tcga2017,939,0.023579,0.023885
tcga2017,940,0.009483,0.022002
tcga2017,941,0.276782,8.919416
tcga2017,942,0.009170,0.024040
tcga2017,943,0.078040,0.175267
tcga2017,944,0.047705,0.023093
tcga2017,945,0.007441,0.022744
tcga2017,946,0.070235,0.058635
tcga2017,947,0.008753,0.044358
tcga2017,948,0.007741,0.025654
tcga2017,949,0.008307,0.018708
tcga2017,950,0.008767,0.156879
tcga2017,951,0.173349,0.612788
tcga2017,952,0.052574,0.047103
tcga2017,953,0.008446,0.046638
tcga2017,954,0.007582,0.023982
tcga2017,955,0.142966,0.104576
tcga2017,956,0.251084,0.448395
tcga2017,957,0.006118,0.052188
tcga2017,958,0.007835,0.027474
tcga2017,959,0.011992,0.326934
tcga2017,960,0.008968,0.026008
tcga2017,961,0.010141,0.031157
tcga2017,962,0.010356,0.607573
tcga2017,963,0.007907,0.021405
tcga2017,964,0.007085,0.023857
tcga2017,965,0.007004,0.021021
tcga2017,966,0.138302,0.169559
tcga2017,967,0.006590,0.021445
tcga2017,968,0.008161,0.022473
tcga2017,969,0.009099,0.351909
tcga2017,970,0.007140,0.015561
tcga2017,971,0.041554,0.077599
tcga2017,972,0.053144,0.031630
tcga2017,973,0.008973,0.017362
tcga2017,974,0.017104,0.020995
tcga2017,975,0.066505,0.058779
tcga2017,976,0.018263,0.020739
tcga2017,977,0.006979,0.144595
tcga2017,978,0.011436,0.018805
tcga2017,979,0.127068,0.189808
tcga2017,980,0.007527,0.161301
tcga2017,981,0.039381,0.022125
tcga2017,982,0.041985,0.083389
tcga2017,983,0.006862,0.021254
tcga2017,984,0.006422,0.023463
tcga2017,985,0.010941,0.033912
tcga2017,986,0.020695,0.027561
tcga2017,987,0.026262,0.025889
tcga2017,988,0.006938,0.026064
tcga2017,989,0.008591,0.035911
tcga2017,990,0.020360,0.037636
tcga2017,991,0.006479,0.022765
tcga2017,992,0.011091,0.021194
tcga2017,993,0.009350,0.022379
tcga2017,994,0.029747,0.019417
tcga2017,995,0.006546,0.024191
tcga2017,996,0.014715,0.022068
tcga2017,997,0.012677,0.026434
tcga2017,998,0.007463,0.018598
tcga2017,999,0.008626,0.016952
tcga2017,1000,0.010491,0.020381
tcga2019,1,0.005065,0.000675
tcga2019,2,0.003786,0.000524
tcga2019,3,0.001771,0.001620
tcga2019,4,0.001808,0.001609
tcga2019,5,0.001365,0.000710
tcga2019,6,0.001431,0.001849
tcga2019,7,0.002802,0.002670
tcga2019,8,0.001794,0.001033
tcga2019,9,0.002129,0.002967
tcga2019,10,0.001385,0.000922
tcga2019,11,0.001645,0.001844
tcga2019,12,0.001513,0.001013
tcga2019,13,0.001933,0.003414
tcga2019,14,0.001373,0.000476
tcga2019,15,0.001569,0.000868
tcga2019,16,0.001358,0.001482
tcga2019,17,0.001552,0.002299
tcga2019,18,0.001387,0.000850
tcga2019,19,0.001614,0.001429
tcga2019,20,0.001780,0.000763
tcga2019,21,0.001564,0.000884
tcga2019,22,0.001727,0.001661
tcga2019,23,0.001387,0.000822
tcga2019,24,0.001492,0.000685
tcga2019,25,0.001301,0.000524
tcga2019,26,0.001642,0.000967
tcga2019,27,0.001472,0.001249
tcga2019,28,0.001573,0.000920
tcga2019,29,0.001596,0.002138
tcga2019,30,0.001495,0.001261
tcga2019,31,0.001611,0.001208
tcga2019,32,0.001725,0.000862
tcga2019,33,0.001967,0.001337
tcga2019,34,0.001263,0.000322
tcga2019,35,0.001570,0.000855
tcga2019,36,0.001505,0.001105
tcga2019,37,0.001746,0.002786
tcga2019,38,0.001305,0.000370
tcga2019,39,0.001426,0.000753
tcga2019,40,0.001342,0.002609
tcga2019,41,0.001276,0.000720
tcga2019,42,0.001433,0.001234
tcga2019,43,0.001693,0.001730
tcga2019,44,0.001341,0.001087
tcga2019,45,0.001444,0.001483
tcga2019,46,0.001982,0.003214
tcga2019,47,0.001870,0.001426
tcga2019,48,0.002059,0.001167
tcga2019,49,0.002109,0.002554
tcga2019,50,0.001756,0.001223
tcga2019,51,0.002033,0.002576
tcga2019,52,0.001777,0.003406
tcga2019,53,0.001833,0.001513
tcga2019,54,0.002483,0.002714
tcga2019,55,0.001519,0.001331
tcga2019,56,0.001301,0.000506
tcga2019,57,0.001877,0.001188
tcga2019,58,0.002105,0.002925
tcga2019,59,0.001497,0.001470
tcga2019,60,0.001878,0.004021
tcga2019,61,0.001840,0.000928
tcga2019,62,0.001994,0.001716
tcga2019,63,0.001783,0.003738
tcga2019,64,0.002144,0.002021
tcga2019,65,0.001695,0.002949
tcga2019,66,0.004951,0.011558
tcga2019,67,0.001600,0.001252
tcga2019,68,0.001461,0.000697
tcga2019,69,0.001924,0.001965
tcga2019,70,0.001743,0.003053
tcga2019,71,0.001993,0.001344
tcga2019,72,0.002330,0.005721
tcga2019,73,0.001428,0.001633
tcga2019,74,0.002145,0.005157
tcga2019,75,0.002073,0.003036
tcga2019,76,0.003844,0.008608
tcga2019,77,0.001365,0.001103
tcga2019,78,0.002203,0.002171
tcga2019,79,0.002300,0.003871
tcga2019,80,0.002064,0.002076
tcga2019,81,0.001676,0.002976
tcga2019,82,0.001927,0.000542
tcga2019,83,0.001969,0.002199
tcga2019,84,0.001293,0.000384
tcga2019,85,0.003415,0.007854
tcga2019,86,0.001673,0.002922
tcga2019,87,0.001285,0.000373
tcga2019,88,0.001438,0.000539
tcga2019,89,0.001910,0.002231
tcga2019,90,0.002157,0.002580
tcga2019,91,0.001897,0.002466
tcga2019,92,0.002956,0.007514
tcga2019,93,0.001376,0.000666
tcga2019,94,0.001365,0.000466
tcga2019,95,0.002569,0.004537
tcga2019,96,0.002028,0.004633
tcga2019,97,0.001470,0.000583
tcga2019,98,0.001462,0.000813
tcga2019,99,0.002389,0.003008
tcga2019,100,0.001874,0.004043
tcga2019,101,0.002525,0.004499
tcga2019,102,0.001555,0.001030
tcga2019,103,0.001587,0.001356
tcga2019,104,0.001921,0.002705
tcga2019,105,0.003621,0.005550
tcga2019,106,0.002154,0.003053
tcga2019,107,0.002881,0.003134
tcga2019,108,0.001485,0.000876
tcga2019,109,0.002484,0.004436
tcga2019,110,0.002055,0.001323
tcga2019,111,0.002406,0.002938
tcga2019,112,0.002617,0.003979
tcga2019,113,0.002143,0.002830
tcga2019,114,0.002144,0.002906
tcga2019,115,0.002310,0.004045
tcga2019,116,0.001979,0.001765
tcga2019,117,0.001753,0.001396
tcga2019,118,0.002067,0.001588
tcga2019,119,0.002061,0.002936
tcga2019,120,0.001768,0.001145
tcga2019,121,0.002244,0.002148
tcga2019,122,0.001521,0.003034
tcga2019,123,0.002588,0.002809
tcga2019,124,0.002188,0.003853
tcga2019,125,0.001692,0.001974
tcga2019,126,0.001883,0.003415
tcga2019,127,0.002702,0.006819
tcga2019,128,0.001777,0.003305
tcga2019,129,0.001465,0.002571
tcga2019,130,0.002252,0.003636
tcga2019,131,0.002512,0.004026
tcga2019,132,0.001593,0.001696
tcga2019,133,0.002303,0.002995
tcga2019,134,0.001878,0.003471
tcga2019,135,0.002724,0.006224
tcga2019,136,0.001845,0.001630
tcga2019,137,0.004797,0.023905
tcga2019,138,0.001641,0.003710
tcga2019,139,0.002096,0.005443
tcga2019,140,0.001682,0.003868
tcga2019,141,0.001905,0.003265
tcga2019,142,0.001379,0.001174
tcga2019,143,0.002291,0.004544
tcga2019,144,0.001972,0.004629
tcga2019,145,0.002209,0.003840
tcga2019,146,0.002986,0.005872
tcga2019,147,0.001794,0.001996
tcga2019,148,0.001926,0.001548
tcga2019,149,0.001769,0.003726
tcga2019,150,0.002993,0.006253
tcga2019,151,0.002061,0.002852
tcga2019,152,0.008465,0.010540
tcga2019,153,0.001838,0.002653
tcga2019,154,0.003354,0.006278
tcga2019,155,0.003912,0.012268
tcga2019,156,0.002343,0.003691
tcga2019,157,0.002293,0.003921
tcga2019,158,0.001799,0.004227
tcga2019,159,0.010720,0.033549
tcga2019,160,0.002420,0.004238
tcga2019,161,0.002140,0.003787
tcga2019,162,0.004867,0.016126
tcga2019,163,0.004623,0.008997
tcga2019,164,0.002365,0.004611
tcga2019,165,0.002751,0.007871
tcga2019,166,0.002041,0.002293
tcga2019,167,0.007822,0.013430
tcga2019,168,0.003592,0.006031
tcga2019,169,0.001974,0.005706
tcga2019,170,0.002196,0.006032
tcga2019,171,0.002053,0.002281
tcga2019,172,0.001737,0.001978
tcga2019,173,0.001493,0.002035
tcga2019,174,0.002536,0.006060
tcga2019,175,0.002279,0.005010
tcga2019,176,0.002142,0.003623
tcga2019,177,0.002287,0.004001
tcga2019,178,0.003254,0.007289
tcga2019,179,0.002459,0.004332
tcga2019,180,0.002889,0.005412
tcga2019,181,0.001858,0.003975
tcga2019,182,0.003462,0.008058
tcga2019,183,0.002522,0.004933
tcga2019,184,0.002869,0.003244
tcga2019,185,0.001979,0.001873
tcga2019,186,0.001990,0.002445
tcga2019,187,0.001923,0.003178
tcga2019,188,0.004310,0.007866
tcga2019,189,0.002689,0.004418
tcga2019,190,0.002335,0.004626
tcga2019,191,0.010102,0.051639
tcga2019,192,0.002209,0.003399
tcga2019,193,0.001924,0.001738
tcga2019,194,0.002992,0.004613
tcga2019,195,0.002749,0.004837
tcga2019,196,0.001863,0.001628
tcga2019,197,0.003734,0.010291
tcga2019,198,0.003053,0.006391
tcga2019,199,0.002562,0.004961
tcga2019,200,0.003224,0.008569
tcga2019,201,0.003600,0.004145
tcga2019,202,0.005898,0.013355
tcga2019,203,0.003969,0.010617
tcga2019,204,0.001824,0.004005
tcga2019,205,0.006305,0.020619
tcga2019,206,0.003268,0.005188
tcga2019,207,0.002614,0.006129
tcga2019,208,0.001950,0.004892
tcga2019,209,0.003456,0.006232
tcga2019,210,0.003478,0.007809
tcga2019,211,0.003969,0.007725
tcga2019,212,0.002588,0.003642
tcga2019,213,0.002079,0.002174
tcga2019,214,0.016000,0.045004
tcga2019,215,0.003517,0.008255
tcga2019,216,0.002434,0.002690
tcga2019,217,0.002175,0.001648
tcga2019,218,0.005257,0.024987
tcga2019,219,0.002620,0.005179
tcga2019,220,0.001724,0.002950
tcga2019,221,0.002002,0.001811
tcga2019,222,0.002321,0.005991
tcga2019,223,0.011374,0.044713
tcga2019,224,0.003426,0.006637
tcga2019,225,0.002697,0.007609
tcga2019,226,0.003211,0.007281
tcga2019,227,0.004213,0.010433
tcga2019,228,0.001902,0.002096
tcga2019,229,0.001432,0.001052
tcga2019,230,0.003105,0.007769
tcga2019,231,0.003830,0.009289
tcga2019,232,0.002501,0.004039
tcga2019,233,0.002521,0.004406
tcga2019,234,0.005761,0.025713
tcga2019,235,0.002683,0.007119
tcga2019,236,0.002260,0.003037
tcga2019,237,0.001939,0.004035
tcga2019,238,0.003004,0.004573
tcga2019,239,0.002294,0.004968
tcga2019,240,0.003208,0.006411
tcga2019,241,0.002047,0.001994
tcga2019,242,0.004456,0.020281
tcga2019,243,0.003619,0.007066
tcga2019,244,0.012155,0.020491
tcga2019,245,0.006668,0.014245
tcga2019,246,0.005197,0.016755
tcga2019,247,0.002677,0.004285
tcga2019,248,0.006948,0.015997
tcga2019,249,0.007035,0.031486
tcga2019,250,0.002139,0.002748
tcga2019,251,0.002722,0.005413
tcga2019,252,0.002294,0.003477
tcga2019,253,0.005910,0.014511
tcga2019,254,0.003079,0.006173
tcga2019,255,0.007629,0.020309
tcga2019,256,0.003237,0.008821
tcga2019,257,0.022428,0.012202
tcga2019,258,0.005497,0.011863
tcga2019,259,0.003670,0.007204
tcga2019,260,0.002103,0.002998
tcga2019,261,0.003836,0.008350
tcga2019,262,0.002607,0.005224
tcga2019,263,0.004459,0.011938
tcga2019,264,0.002748,0.005222
tcga2019,265,0.005071,0.045978
tcga2019,266,0.004016,0.006942
tcga2019,267,0.007879,0.012820
tcga2019,268,0.009064,0.023062
tcga2019,269,0.003749,0.006892
tcga2019,270,0.013424,0.024731
tcga2019,271,0.005151,0.013158
tcga2019,272,0.006512,0.020250
tcga2019,273,0.003986,0.008046
tcga2019,274,0.003433,0.006126
tcga2019,275,0.005035,0.026884
tcga2019,276,0.005775,0.012413
tcga2019,277,0.008660,0.019214
tcga2019,278,0.003435,0.008665
tcga2019,279,0.015719,0.039184
tcga2019,280,0.008419,0.027751
tcga2019,281,0.029923,0.180186
tcga2019,282,0.002601,0.005547
tcga2019,283,0.006811,0.027538
tcga2019,284,0.005107,0.010782
tcga2019,285,0.007978,0.017136
tcga2019,286,0.008273,0.018481
tcga2019,287,0.002768,0.006801
tcga2019,288,0.008251,0.026185
tcga2019,289,0.004073,0.012808
tcga2019,290,0.005737,0.013507
tcga2019,291,0.003822,0.011731
tcga2019,292,0.006297,0.022330
tcga2019,293,0.006587,0.264682
tcga2019,294,0.005040,0.010767
tcga2019,295,0.007280,0.020638
tcga2019,296,0.006213,0.027582
tcga2019,297,0.009668,0.072791
tcga2019,298,0.004950,0.008003
tcga2019,299,0.004723,0.016232
tcga2019,300,0.008747,0.025217
tcga2019,301,0.003027,0.006481
tcga2019,302,0.005203,0.014085
tcga2019,303,0.009597,0.013825
tcga2019,304,0.003758,0.008306
tcga2019,305,0.006449,0.025292
tcga2019,306,0.007413,0.035634
tcga2019,307,0.008281,0.041329
tcga2019,308,0.003097,0.004279
tcga2019,309,0.002741,0.003067
tcga2019,310,0.007999,0.022449
tcga2019,311,0.002979,0.006426
tcga2019,312,0.019690,0.040722
tcga2019,313,0.007927,0.021833
tcga2019,314,0.003239,0.007995
tcga2019,315,0.006941,0.025435
tcga2019,316,0.038926,0.041108
tcga2019,317,0.007059,0.017809
tcga2019,318,0.002873,0.008964
tcga2019,319,0.004852,0.016276
tcga2019,320,0.024815,0.051196
tcga2019,321,0.009571,0.030272
tcga2019,322,0.006988,0.074100
tcga2019,323,0.013028,0.025696
tcga2019,324,0.020414,0.024077
tcga2019,325,0.005626,0.065188
tcga2019,326,0.006134,0.012853
tcga2019,327,0.008129,0.027050
tcga2019,328,0.005927,0.015805
tcga2019,329,0.027775,0.121394
tcga2019,330,0.004476,0.011761
tcga2019,331,0.006332,0.017825
tcga2019,332,0.172092,0.216242
tcga2019,333,0.004738,0.009159
tcga2019,334,0.045288,0.153436
tcga2019,335,0.010896,0.040491
tcga2019,336,0.004824,0.020483
tcga2019,337,0.004125,0.011454
tcga2019,338,0.013787,0.112080
tcga2019,339,0.002428,0.004386
tcga2019,340,0.008019,0.016757
tcga2019,341,0.007426,0.021484
tcga2019,342,0.235641,0.545846
tcga2019,343,0.005772,0.018448
tcga2019,344,0.003596,0.008229
tcga2019,345,0.006422,0.016483
tcga2019,346,0.006177,0.015230
tcga2019,347,0.006894,0.014017
tcga2019,348,0.005183,0.009278
tcga2019,349,0.010299,0.035796
tcga2019,350,0.002944,0.006254
tcga2019,351,0.032844,0.017061
tcga2019,352,0.011965,0.046605
tcga2019,353,0.006605,0.042797
tcga2019,354,0.010090,0.029903
tcga2019,355,0.005563,0.013409
tcga2019,356,0.007264,0.022167
tcga2019,357,0.011106,0.026191
tcga2019,358,0.082145,0.033691
tcga2019,359,0.008022,0.012543
tcga2019,360,0.008568,0.025547
tcga2019,361,0.008103,0.013931
tcga2019,362,0.002795,0.006713
tcga2019,363,0.010776,0.027725
tcga2019,364,0.006496,0.015186
tcga2019,365,0.043640,0.114267
tcga2019,366,0.015769,0.016359
tcga2019,367,0.049085,0.187233
tcga2019,368,0.008481,0.135409
tcga2019,369,0.005029,0.009273
tcga2019,370,0.004283,0.007421
tcga2019,371,0.006516,0.023659
tcga2019,372,0.029067,0.037671
tcga2019,373,0.005477,0.009337
tcga2019,374,0.029903,0.032220
tcga2019,375,0.004753,0.011548
tcga2019,376,0.035433,0.032115
tcga2019,377,0.010099,0.047661
tcga2019,378,0.010793,0.023751
tcga2019,379,0.035973,0.124358
tcga2019,380,0.010404,0.021645
tcga2019,381,1.618269,3.149390
tcga2019,382,0.009595,0.017017
tcga2019,383,0.003026,0.003834
tcga2019,384,0.006436,0.016205
tcga2019,385,0.003408,0.007843
tcga2019,386,0.009451,0.065237
tcga2019,387,0.024830,0.024949
tcga2019,388,1.040266,0.323024
tcga2019,389,0.024976,0.017313
tcga2019,390,0.020498,0.105339
tcga2019,391,0.011869,0.020450
tcga2019,392,0.018729,0.014707
tcga2019,393,0.004577,0.011584
tcga2019,394,0.007658,0.022533
tcga2019,395,0.014055,0.028044
tcga2019,396,0.102437,0.026320
tcga2019,397,0.038943,0.027501
tcga2019,398,0.008984,0.011203
tcga2019,399,0.009604,0.016175
tcga2019,400,0.004660,0.012066
tcga2019,401,1.850554,0.753153
tcga2019,402,0.015537,0.042767
tcga2019,403,0.081703,0.100052
tcga2019,404,0.008100,0.026174
tcga2019,405,0.010417,0.031478
tcga2019,406,0.121132,0.060882
tcga2019,407,0.034882,0.092731
tcga2019,408,0.004776,0.018905
tcga2019,409,0.050194,0.022351
tcga2019,410,0.100704,0.426257
tcga2019,411,0.063193,0.056163
tcga2019,412,0.003764,0.019916
tcga2019,413,0.012413,0.024979
tcga2019,414,0.010908,0.023174
tcga2019,415,0.017372,0.132303
tcga2019,416,0.005003,0.012599
tcga2019,417,0.014369,0.075110
tcga2019,418,0.024487,0.198879
tcga2019,419,0.047712,0.181764
tcga2019,420,0.013915,0.030274
tcga2019,421,0.079050,0.046057
tcga2019,422,0.008666,0.019352
tcga2019,423,0.003644,0.015705
tcga2019,424,0.007467,0.048705
tcga2019,425,0.055460,0.041686
tcga2019,426,0.019689,0.114701
tcga2019,427,0.007679,0.018315
tcga2019,428,0.042402,0.061094
tcga2019,429,0.004461,0.009134
tcga2019,430,0.009454,0.017873
tcga2019,431,0.006916,0.014779
tcga2019,432,0.060260,0.839336
tcga2019,433,0.019330,0.020458
tcga2019,434,0.004336,0.009966
tcga2019,435,0.014768,0.103360
tcga2019,436,0.009070,0.022691
tcga2019,437,0.016957,0.023857
tcga2019,438,0.016372,0.018896
tcga2019,439,0.018233,0.058850
tcga2019,440,0.025536,0.080042
tcga2019,441,0.089832,0.053635
tcga2019,442,0.809813,0.992923
tcga2019,443,0.517249,1.566345
tcga2019,444,0.011114,0.036537
tcga2019,445,0.027230,0.048830
tcga2019,446,0.004214,0.009475
tcga2019,447,0.017320,0.038114
tcga2019,448,0.028315,0.034649
tcga2019,449,0.274104,0.310250
tcga2019,450,0.013433,1.070255
tcga2019,451,0.058775,0.082483
tcga2019,452,0.042428,0.067787
tcga2019,453,0.023184,0.120105
tcga2019,454,0.164553,0.340239
tcga2019,455,3.670976,3.290833
tcga2019,456,0.018976,0.158915
tcga2019,457,0.005426,0.016662
tcga2019,458,0.076279,0.232199
tcga2019,459,0.058911,0.222373
tcga2019,460,0.043138,0.369953
tcga2019,461,0.007261,0.023352
tcga2019,462,0.183588,0.300911
tcga2019,463,0.074035,0.080990
tcga2019,464,0.026727,0.054934
tcga2019,465,0.129930,3.113649
tcga2019,466,0.012199,0.826744
tcga2019,467,0.027864,0.047300
tcga2019,468,0.007755,0.019527
tcga2019,469,0.226951,0.016405
tcga2019,470,0.008951,0.021880
tcga2019,471,0.031007,0.050061
tcga2019,472,0.006168,0.014082
tcga2019,473,0.005623,0.082186
tcga2019,474,0.055943,0.091710
tcga2019,475,0.071565,0.151250
tcga2019,476,0.016710,0.018475
tcga2019,477,0.056274,0.334475
tcga2019,478,0.128780,0.211409
tcga2019,479,0.014147,1.022326
tcga2019,480,0.113075,0.075184
tcga2019,481,0.059955,0.447103
tcga2019,482,0.006088,0.038477
tcga2019,483,0.009609,0.022168
tcga2019,484,0.367839,2.735567
tcga2019,485,0.017763,0.088044
tcga2019,486,0.314362,0.608750
tcga2019,487,1.586355,3.896508
tcga2019,488,0.020791,0.141444
tcga2019,489,0.074215,0.042821
tcga2019,490,0.009717,0.033469
tcga2019,491,0.364566,10.078057
tcga2019,492,0.475148,3.825460
tcga2019,493,0.007389,0.054981
tcga2019,494,0.105173,0.245142
tcga2019,495,0.004753,0.011618
tcga2019,496,0.005973,0.018025
tcga2019,497,0.268950,0.042957
tcga2019,498,0.034952,0.021760
tcga2019,499,1.050542,0.298158
tcga2019,500,0.154584,0.216611
tcga2019,501,0.403132,0.256568
tcga2019,502,0.408237,0.706496
tcga2019,503,0.007697,0.036044
tcga2019,504,0.007430,0.017242
tcga2019,505,0.009676,0.034454
tcga2019,506,0.020443,0.357680
tcga2019,507,0.015585,0.054291
tcga2019,508,0.016146,0.022219
tcga2019,509,0.068356,0.083803
tcga2019,510,0.135963,0.156453
tcga2019,511,0.008414,0.344726
tcga2019,512,4.008827,0.100332
tcga2019,513,0.008355,0.015701
tcga2019,514,0.006155,0.017626
tcga2019,515,0.005726,0.023381
tcga2019,516,0.095895,0.073901
tcga2019,517,0.011922,0.044288
tcga2019,518,0.021120,0.211141
tcga2019,519,0.006336,0.022517
tcga2019,520,0.027261,0.033757
tcga2019,521,0.030207,0.047663
tcga2019,522,0.007124,0.077482
tcga2019,523,0.072267,0.038836
tcga2019,524,0.018527,0.120117
tcga2019,525,0.484243,1.181844
tcga2019,526,6.222954,148.099002
tcga2019,527,0.128822,0.088600
tcga2019,528,1.682136,0.778231
tcga2019,529,0.089597,1.125760
tcga2019,530,0.028714,0.146585
tcga2019,531,0.105961,0.114459
tcga2019,532,0.005696,0.017233
tcga2019,533,0.021646,0.127440
tcga2019,534,0.080257,0.057276
tcga2019,535,0.014956,0.043189
tcga2019,536,0.254756,0.325985
tcga2019,537,0.021279,0.368190
tcga2019,538,0.025999,0.230808
tcga2019,539,0.007514,0.053790
tcga2019,540,0.005589,0.027074
tcga2019,541,0.079283,0.089845
tcga2019,542,0.300003,0.878302
tcga2019,543,0.093000,0.061699
tcga2019,544,0.191895,0.259549
tcga2019,545,0.023597,0.369867
tcga2019,546,0.051947,0.564770
tcga2019,547,1.671313,36.072617
tcga2019,548,0.295276,1.367141
tcga2019,549,0.048233,0.097235
tcga2019,550,0.133359,0.244695
tcga2019,551,0.164572,0.259313
tcga2019,552,0.011330,0.135869
tcga2019,553,0.013534,0.141809
tcga2019,554,0.023037,0.068496
tcga2019,555,0.073381,0.184877
tcga2019,556,2.907952,2.541820
tcga2019,557,0.299499,0.430551
tcga2019,558,0.351933,4.574171
tcga2019,559,0.009521,0.141115
tcga2019,560,0.096756,0.180266
tcga2019,561,0.061958,0.217663
tcga2019,562,0.051732,0.182673
tcga2019,563,0.006889,0.028510
tcga2019,564,0.569904,0.455405
tcga2019,565,1.701214,3.082036
tcga2019,566,0.009963,0.020962
tcga2019,567,0.005269,0.149501
tcga2019,568,0.105068,0.079164
tcga2019,569,0.235640,0.978128
tcga2019,570,0.149741,0.052649
tcga2019,571,0.479497,0.414014
tcga2019,572,2.017633,10.663974
tcga2019,573,0.010016,0.024839
tcga2019,574,0.093812,0.056286
tcga2019,575,3.624902,7.442162
tcga2019,576,0.054506,0.257843
tcga2019,577,0.019120,4.216404
tcga2019,578,0.007544,0.024617
tcga2019,579,0.505026,2.070170
tcga2019,580,0.007531,0.021055
tcga2019,581,0.008164,0.030962
tcga2019,582,0.075834,0.199133
tcga2019,583,0.128830,0.532925
tcga2019,584,1.708477,0.862721
tcga2019,585,0.086470,0.033694
tcga2019,586,0.031324,0.262694
tcga2019,587,0.082617,0.040125
tcga2019,588,0.043691,0.942759
tcga2019,589,0.047110,0.028823
tcga2019,590,0.007075,0.425240
tcga2019,591,0.015789,0.125823
tcga2019,592,0.022639,0.028449
tcga2019,593,0.006811,0.020350
tcga2019,594,0.015330,0.791658
tcga2019,595,0.018679,0.053905
tcga2019,596,4.892173,68.910984
tcga2019,597,0.830873,11.274030
tcga2019,598,2.535237,4.773470
tcga2019,599,0.086388,0.320325
tcga2019,600,0.005457,0.023465
tcga2019,601,0.059613,0.227343
tcga2019,602,0.048272,0.039915
tcga2019,603,0.013164,0.017847
tcga2019,604,0.018934,0.035757
tcga2019,605,0.007814,0.028491
tcga2019,606,0.026640,0.021959
tcga2019,607,0.148534,0.479971
tcga2019,608,0.069275,0.037238
tcga2019,609,0.007067,0.126762
tcga2019,610,0.012730,0.412484
tcga2019,611,1.060728,1.088693
tcga2019,612,0.186255,0.242114
tcga2019,613,0.017878,0.025314
tcga2019,614,0.029923,0.018811
tcga2019,615,0.106877,0.057116
tcga2019,616,0.009350,0.071052
tcga2019,617,0.013876,0.043577
tcga2019,618,0.033697,0.638039
tcga2019,619,1.872076,0.512609
tcga2019,620,0.069644,0.035522
tcga2019,621,0.015915,0.018524
tcga2019,622,0.057656,1.256922
tcga2019,623,0.015483,0.025243
tcga2019,624,0.300747,0.313228
tcga2019,625,0.015695,0.021816
tcga2019,626,0.173232,0.911684
tcga2019,627,0.385963,9.586225
tcga2019,628,0.080538,0.164599
tcga2019,629,1.827785,1.442745
tcga2019,630,0.013719,0.213666
tcga2019,631,0.008061,0.262546
tcga2019,632,0.624073,7.998024
tcga2019,633,0.008276,0.024652
tcga2019,634,0.030173,0.046372
tcga2019,635,1.965856,1.533110
tcga2019,636,0.267196,1.329068
tcga2019,637,0.030126,0.060124
tcga2019,638,0.263999,0.043380
tcga2019,639,0.015241,0.074389
tcga2019,640,0.008077,0.052755
tcga2019,641,0.423651,0.288566
tcga2019,642,0.083320,1.158915
tcga2019,643,0.008385,0.017053
tcga2019,644,1.303811,0.594563
tcga2019,645,0.024771,0.104007
tcga2019,646,0.402947,3.297167
tcga2019,647,0.040589,0.091067
tcga2019,648,0.531196,0.469595
tcga2019,649,0.016237,0.183105
tcga2019,650,0.026466,0.043953
tcga2019,651,0.018224,0.238816
tcga2019,652,0.008664,0.732292
tcga2019,653,0.040781,0.039687
tcga2019,654,0.035798,3.314297
tcga2019,655,0.112586,0.540313
tcga2019,656,0.280285,0.371720
tcga2019,657,0.007740,0.029401
tcga2019,658,1.547054,0.240781
tcga2019,659,0.091859,0.096342
tcga2019,660,0.110679,0.028153
tcga2019,661,0.009765,0.225042
tcga2019,662,0.278467,12.699882
tcga2019,663,0.012102,0.018752
tcga2019,664,0.070774,0.176829
tcga2019,665,0.023454,0.046015
tcga2019,666,0.015207,0.016926
tcga2019,667,0.009246,0.063682
tcga2019,668,0.044284,0.023953
tcga2019,669,1.852364,2.579705
tcga2019,670,2.680888,1.037355
tcga2019,671,0.048774,0.031850
tcga2019,672,0.052906,0.096584
tcga2019,673,0.032784,0.511047
tcga2019,674,0.006809,0.018529
tcga2019,675,0.293608,3.036506
tcga2019,676,0.004530,0.014701
tcga2019,677,1.601126,17.123502
tcga2019,678,0.010844,0.030853
tcga2019,679,0.009429,0.250685
tcga2019,680,0.220738,1.608859
tcga2019,681,0.018298,0.012069
tcga2019,682,0.014592,0.014160
tcga2019,683,0.024778,0.067934
tcga2019,684,0.016208,0.032468
tcga2019,685,0.009962,0.019096
tcga2019,686,0.062802,0.091147
tcga2019,687,0.381235,0.212959
tcga2019,688,0.016606,0.064062
tcga2019,689,0.009837,0.856470
tcga2019,690,0.030243,0.341091
tcga2019,691,0.142780,0.192222
tcga2019,692,0.056292,0.027942
tcga2019,693,0.145160,0.218916
tcga2019,694,0.052689,0.481752
tcga2019,695,0.238223,18.424080
tcga2019,696,0.025635,0.061726
tcga2019,697,0.024276,0.016377
tcga2019,698,0.220378,0.889574
tcga2019,699,0.265374,0.489926
tcga2019,700,0.021464,0.320633
tcga2019,701,1.228628,0.413055
tcga2019,702,0.219302,1.639205
tcga2019,703,0.008694,0.684210
tcga2019,704,0.020937,0.024173
tcga2019,705,0.032589,0.313849
tcga2019,706,0.199816,0.127815
tcga2019,707,0.951783,0.494955
tcga2019,708,0.011543,0.046778
tcga2019,709,0.246795,0.924457
tcga2019,710,6.996728,38.318367
tcga2019,711,0.099292,0.176999
tcga2019,712,0.009968,0.061982
tcga2019,713,1.776605,0.918504
tcga2019,714,0.007797,0.022047
tcga2019,715,0.050039,0.040007
tcga2019,716,0.025400,0.039676
tcga2019,717,0.054342,0.136244
tcga2019,718,0.018467,0.026480
tcga2019,719,0.047833,0.029357
tcga2019,720,0.011963,0.035593
tcga2019,721,0.013953,0.025885
tcga2019,722,0.014440,0.023191
tcga2019,723,0.068247,0.039226
tcga2019,724,0.009683,0.034513
tcga2019,725,0.947319,0.245156
tcga2019,726,0.010048,0.019304
tcga2019,727,0.008438,0.204362
tcga2019,728,0.073334,0.628597
tcga2019,729,0.046365,0.046875
tcga2019,730,0.006003,0.027939
tcga2019,731,0.015761,0.173370
tcga2019,732,0.455177,0.778344
tcga2019,733,0.258892,0.489593
tcga2019,734,0.030704,0.074448
tcga2019,735,0.010733,0.028209
tcga2019,736,0.467568,0.363307
tcga2019,737,0.009454,0.026858
tcga2019,738,0.035882,0.329165
tcga2019,739,0.006513,0.022538
tcga2019,740,0.015660,0.139235
tcga2019,741,0.035703,0.399902
tcga2019,742,0.025528,0.034634
tcga2019,743,0.004980,0.015414
tcga2019,744,0.543088,0.717772
tcga2019,745,0.008004,0.016669
tcga2019,746,0.066292,0.038556
tcga2019,747,0.556992,0.098708
tcga2019,748,0.128138,0.153409
tcga2019,749,0.011583,0.041204
tcga2019,750,0.032627,0.092928
tcga2019,751,0.041747,0.054070
tcga2019,752,0.434384,205.166038
tcga2019,753,0.013140,0.117613
tcga2019,754,0.090714,0.044577
tcga2019,755,0.009863,0.100619
tcga2019,756,0.009226,0.021197
tcga2019,757,0.012520,0.204368
tcga2019,758,0.007281,0.030584
tcga2019,759,0.009335,0.443493
tcga2019,760,0.022857,0.033709
tcga2019,761,0.010858,1.383663
tcga2019,762,0.147271,1.429144
tcga2019,763,0.132277,0.207537
tcga2019,764,0.340857,0.524642
tcga2019,765,0.010715,5.777835
tcga2019,766,0.023946,0.194861
tcga2019,767,0.078336,0.102254
tcga2019,768,0.008539,0.048130
tcga2019,769,0.018775,0.086207
tcga2019,770,0.009885,0.027331
tcga2019,771,0.006405,0.024846
tcga2019,772,0.033345,0.023753
tcga2019,773,0.520914,0.985895
tcga2019,774,1.835696,0.703696
tcga2019,775,0.045491,0.269355
tcga2019,776,3.738880,0.421405
tcga2019,777,0.050632,0.154739
tcga2019,778,0.010529,0.136089
tcga2019,779,0.078252,0.054420
tcga2019,780,0.017599,0.083797
tcga2019,781,0.063644,0.059328
tcga2019,782,0.011277,0.017815
tcga2019,783,0.021997,0.021535
tcga2019,784,0.008566,0.020945
tcga2019,785,0.018311,0.214652
tcga2019,786,0.065466,0.062715
tcga2019,787,0.007267,0.092546
tcga2019,788,0.030585,0.130099
tcga2019,789,0.009706,0.514736
tcga2019,790,0.032989,0.028740
tcga2019,791,0.218506,1.243440
tcga2019,792,0.007658,0.228590
tcga2019,793,0.009226,0.024083
tcga2019,794,0.014080,0.032859
tcga2019,795,0.044173,0.027495
tcga2019,796,0.009524,0.064269
tcga2019,797,0.444559,0.442822
tcga2019,798,0.007683,0.045224
tcga2019,799,0.006299,0.122861
tcga2019,800,0.031824,0.138324
tcga2019,801,0.005377,0.020022
tcga2019,802,0.019945,0.052931
tcga2019,803,0.009088,0.026535
tcga2019,804,0.008728,0.027582
tcga2019,805,0.017547,0.029180
tcga2019,806,0.139100,0.554506
tcga2019,807,0.053116,0.258694
tcga2019,808,0.036870,0.041310
tcga2019,809,0.008177,0.145946
tcga2019,810,0.017122,0.085237
tcga2019,811,4.422172,17.508628
tcga2019,812,0.010588,0.959815
tcga2019,813,0.085311,0.071236
tcga2019,814,0.039084,0.051385
tcga2019,815,0.052528,0.068790
tcga2019,816,0.008041,0.198892
tcga2019,817,0.186430,2.504328
tcga2019,818,0.011711,0.049243
tcga2019,819,0.275568,1.789766
tcga2019,820,0.027915,0.054333
tcga2019,821,0.013745,0.024519
tcga2019,822,0.014039,0.211114
tcga2019,823,0.007759,0.027502
tcga2019,824,0.009003,0.098812
tcga2019,825,0.010358,0.030900
tcga2019,826,0.007974,0.068062
tcga2019,827,1.611359,0.705106
tcga2019,828,0.308728,2.172414
tcga2019,829,0.019286,0.127642
tcga2019,830,0.007645,0.020174
tcga2019,831,0.234301,1.598049
tcga2019,832,0.038563,0.025750
tcga2019,833,0.009370,0.021648
tcga2019,834,0.008816,0.035931
tcga2019,835,0.097799,0.148159
tcga2019,836,0.017167,0.041606
tcga2019,837,0.007683,0.030616
tcga2019,838,0.185535,0.083274
tcga2019,839,0.226032,1.907851
tcga2019,840,0.009004,0.033851
tcga2019,841,0.007105,0.025358
tcga2019,842,0.165806,1.257480
tcga2019,843,0.015477,0.033184
tcga2019,844,0.019725,0.043845
tcga2019,845,0.284359,0.225520
tcga2019,846,0.064016,0.020979
tcga2019,847,0.058303,0.049744
tcga2019,848,0.034901,0.090423
tcga2019,849,0.059650,0.073530
tcga2019,850,0.009407,0.023144
tcga2019,851,0.008314,0.022015
tcga2019,852,0.023530,0.018704
tcga2019,853,0.117409,0.051510
tcga2019,854,0.116453,0.635058
tcga2019,855,0.012416,0.663561
tcga2019,856,0.009915,0.023795
tcga2019,857,0.144491,0.344518
tcga2019,858,0.007098,0.043747
tcga2019,859,0.008341,0.023298
tcga2019,860,0.014861,0.021927
tcga2019,861,0.010620,0.033369
tcga2019,862,0.011701,0.087556
tcga2019,863,0.013277,0.081419
tcga2019,864,0.013124,0.030315
tcga2019,865,0.006424,0.069729
tcga2019,866,0.005016,0.171327
tcga2019,867,0.096859,0.031277
tcga2019,868,0.012411,0.022631
tcga2019,869,0.011374,0.109072
tcga2019,870,0.013377,0.018358
tcga2019,871,0.009552,0.022756
tcga2019,872,0.008935,0.021846
tcga2019,873,0.007038,0.177770
tcga2019,874,0.005243,0.037004
tcga2019,875,0.025848,0.206269
tcga2019,876,0.012613,0.022573
tcga2019,877,0.009846,0.026139
tcga2019,878,0.058538,0.031305
tcga2019,879,0.031948,0.058862
tcga2019,880,0.007795,0.158240
tcga2019,881,0.045816,0.231040
tcga2019,882,0.056202,0.084769
tcga2019,883,0.007566,0.022127
tcga2019,884,0.010454,0.022623
tcga2019,885,0.027824,1.434556
tcga2019,886,0.006053,0.021604
tcga2019,887,0.011179,0.019511
tcga2019,888,0.007199,0.021017
tcga2019,889,0.015786,0.018625
tcga2019,890,0.023684,0.061203
tcga2019,891,0.008384,0.012364
tcga2019,892,0.013879,0.468395
tcga2019,893,0.006694,0.043846
tcga2019,894,0.006587,0.031835
tcga2019,895,0.056214,0.064377
tcga2019,896,0.008335,0.018069
tcga2019,897,0.008192,0.021531
tcga2019,898,0.006852,0.023896
tcga2019,899,0.015049,0.022380
tcga2019,900,0.008421,0.025144
tcga2019,901,0.025315,0.024981
tcga2019,902,0.057898,0.033213
tcga2019,903,0.097808,0.084240
tcga2019,904,0.008641,0.028913
tcga2019,905,0.016334,0.046021
tcga2019,906,0.008926,0.042169
tcga2019,907,0.022678,0.112029
tcga2019,908,0.013248,0.035133
tcga2019,909,0.009946,0.072399
tcga2019,910,0.011823,0.031833
tcga2019,911,0.014927,0.022263
tcga2019,912,0.010892,0.275020
tcga2019,913,0.006808,0.048074
tcga2019,914,0.008012,0.027487
tcga2019,915,0.009267,0.037123
tcga2019,916,0.020710,0.195060
tcga2019,917,0.017621,0.022843
tcga2019,918,0.051281,0.024944
tcga2019,919,0.007674,0.036976
tcga2019,920,0.019365,0.026358
tcga2019,921,0.006003,0.028854
tcga2019,922,0.009923,0.026876
tcga2019,923,0.006556,0.044528
tcga2019,924,0.006480,0.036499
tcga2019,925,0.012170,0.039230
tcga2019,926,0.007430,0.020222
tcga2019,927,0.007770,0.034223
tcga2019,928,0.067544,0.129999
tcga2019,929,0.007325,0.024120
tcga2019,930,0.032170,1.471545
tcga2019,931,0.027249,0.036498
tcga2019,932,0.062647,0.034264
tcga2019,933,0.012884,0.034739
tcga2019,934,0.006320,0.024734
tcga2019,935,0.006659,0.031126
tcga2019,936,0.101435,2.181119
tcga2019,937,0.034036,0.063592
tcga2019,938,0.008511,0.021966
tcga2019,939,0.009418,0.194143
tcga2019,940,0.006738,0.017546
tcga2019,941,0.007433,0.021803
tcga2019,942,0.008318,0.205718
tcga2019,943,0.007349,0.021735
tcga2019,944,0.009786,0.033905
tcga2019,945,0.035284,0.025942
tcga2019,946,0.013050,0.021126
tcga2019,947,0.070470,0.053618
tcga2019,948,0.025984,0.032576
tcga2019,949,0.006994,0.020404
tcga2019,950,0.006885,0.032856
tcga2019,951,0.023370,0.019964
tcga2019,952,0.030692,3.756945
tcga2019,953,0.011421,0.023686
tcga2019,954,0.006434,0.024651
tcga2019,955,0.015933,0.109313
tcga2019,956,2.539120,0.601681
tcga2019,957,0.015424,0.023519
tcga2019,958,0.021632,0.024471
tcga2019,959,0.007600,0.045217
tcga2019,960,0.221212,0.455229
tcga2019,961,0.011471,0.024603
tcga2019,962,0.024786,0.025459
tcga2019,963,0.318109,0.304821
tcga2019,964,1.040112,11.373708
tcga2019,965,0.439717,0.319556
tcga2019,966,0.007074,0.019709
tcga2019,967,0.259445,2.808103
tcga2019,968,0.009195,0.026892
tcga2019,969,0.007512,0.026833
tcga2019,970,0.006930,0.026229
tcga2019,971,0.139514,0.459195
tcga2019,972,0.064048,0.034333
tcga2019,973,0.007934,0.025337
tcga2019,974,0.016258,0.023205
tcga2019,975,0.013282,0.021206
tcga2019,976,0.016727,0.039032
tcga2019,977,0.008180,1.403989
tcga2019,978,0.008659,0.025204
tcga2019,979,0.008062,0.058100
tcga2019,980,0.007689,0.021797
tcga2019,981,0.009580,0.028905
tcga2019,982,0.094321,0.030703
tcga2019,983,0.007332,0.018343
tcga2019,984,0.017366,0.023820
tcga2019,985,0.006671,0.023095
tcga2019,986,0.030629,0.026662
tcga2019,987,0.063251,0.086849
tcga2019,988,0.007682,0.025074
tcga2019,989,0.007541,0.037721
tcga2019,990,0.066887,0.024247
tcga2019,991,0.013887,0.020500
tcga2019,992,0.006687,1.509717
tcga2019,993,0.008933,0.056141
tcga2019,994,0.006487,0.021081
tcga2019,995,0.008834,0.054354
tcga2019,996,0.009197,0.039471
tcga2019,997,0.006620,0.025939
tcga2019,998,0.009532,0.021226
tcga2019,999,0.007908,0.028133
tcga2019,1000,0.008447,0.065614
tcga2020,1,0.005263,0.001013
tcga2020,2,0.003818,0.001859
tcga2020,3,0.001673,0.002577
tcga2020,4,0.001516,0.000894
tcga2020,5,0.001675,0.000783
tcga2020,6,0.001727,0.001372
tcga2020,7,0.001598,0.001592
tcga2020,8,0.001713,0.001173
tcga2020,9,0.001393,0.000635
tcga2020,10,0.001471,0.001025
tcga2020,11,0.001693,0.001504
tcga2020,12,0.001315,0.001888
tcga2020,13,0.001340,0.000883
tcga2020,14,0.001482,0.001534
tcga2020,15,0.001677,0.001931
tcga2020,16,0.001715,0.001643
tcga2020,17,0.001361,0.000782
tcga2020,18,0.001405,0.000830
tcga2020,19,0.001874,0.000884
tcga2020,20,0.001378,0.001837
tcga2020,21,0.001400,0.001002
tcga2020,22,0.001743,0.002862
tcga2020,23,0.001367,0.000541
tcga2020,24,0.001511,0.000851
tcga2020,25,0.001471,0.001025
tcga2020,26,0.001667,0.000772
tcga2020,27,0.001557,0.000710
tcga2020,28,0.001716,0.001318
tcga2020,29,0.001404,0.002555
tcga2020,30,0.001405,0.000788
tcga2020,31,0.001905,0.003301
tcga2020,32,0.002161,0.002534
tcga2020,33,0.001891,0.001549
tcga2020,34,0.001469,0.001215
tcga2020,35,0.001749,0.004357
tcga2020,36,0.002469,0.004345
tcga2020,37,0.002175,0.002825
tcga2020,38,0.002199,0.003320
tcga2020,39,0.001429,0.000835
tcga2020,40,0.001956,0.003340
tcga2020,41,0.002030,0.003258
tcga2020,42,0.001995,0.003422
tcga2020,43,0.001760,0.002451
tcga2020,44,0.001361,0.001053
tcga2020,45,0.001683,0.001721
tcga2020,46,0.001709,0.001708
tcga2020,47,0.001465,0.001380
tcga2020,48,0.001429,0.001091
tcga2020,49,0.002049,0.003707
tcga2020,50,0.004376,0.011572
tcga2020,51,0.001271,0.000562
tcga2020,52,0.001864,0.001863
tcga2020,53,0.001793,0.001727
tcga2020,54,0.002186,0.003974
tcga2020,55,0.001679,0.001185
tcga2020,56,0.001929,0.005259
tcga2020,57,0.001704,0.002308
tcga2020,58,0.001568,0.002404
tcga2020,59,0.001648,0.001569
tcga2020,60,0.002281,0.004853
tcga2020,61,0.002445,0.003141
tcga2020,62,0.001366,0.002108
tcga2020,63,0.001341,0.000805
tcga2020,64,0.001555,0.001584
tcga2020,65,0.001968,0.002665
tcga2020,66,0.001651,0.002316
tcga2020,67,0.002211,0.005050
tcga2020,68,0.001383,0.000732
tcga2020,69,0.001385,0.000838
tcga2020,70,0.001730,0.001674
tcga2020,71,0.003163,0.005102
tcga2020,72,0.002215,0.003654
tcga2020,73,0.001583,0.000754
tcga2020,74,0.001904,0.002990
tcga2020,75,0.001370,0.001619
tcga2020,76,0.001853,0.004311
tcga2020,77,0.002280,0.004270
tcga2020,78,0.001924,0.001446
tcga2020,79,0.001903,0.002810
tcga2020,80,0.002022,0.001394
tcga2020,81,0.001412,0.000997
tcga2020,82,0.001792,0.002125
tcga2020,83,0.002291,0.001790
tcga2020,84,0.002446,0.004726
tcga2020,85,0.001262,0.000370
tcga2020,86,0.001865,0.003478
tcga2020,87,0.001604,0.002459
tcga2020,88,0.001664,0.001225
tcga2020,89,0.002001,0.003476
tcga2020,90,0.001572,0.001759
tcga2020,91,0.001439,0.000725
tcga2020,92,0.002469,0.003860
tcga2020,93,0.001527,0.001171
tcga2020,94,0.001852,0.001693
tcga2020,95,0.001992,0.002695
tcga2020,96,0.001482,0.003230
tcga2020,97,0.001785,0.001636
tcga2020,98,0.002035,0.002464
tcga2020,99,0.002083,0.002213
tcga2020,100,0.002477,0.004649
tcga2020,101,0.001691,0.003428
tcga2020,102,0.001767,0.001085
tcga2020,103,0.010252,0.009050
tcga2020,104,0.001379,0.000944
tcga2020,105,0.002411,0.003194
tcga2020,106,0.001770,0.001255
tcga2020,107,0.003939,0.013086
tcga2020,108,0.001757,0.002829
tcga2020,109,0.001910,0.001968
tcga2020,110,0.001495,0.002694
tcga2020,111,0.001852,0.003315
tcga2020,112,0.003092,0.006084
tcga2020,113,0.001610,0.000933
tcga2020,114,0.001936,0.002106
tcga2020,115,0.002459,0.004297
tcga2020,116,0.002366,0.002022
tcga2020,117,0.002137,0.001578
tcga2020,118,0.002015,0.002936
tcga2020,119,0.002177,0.002896
tcga2020,120,0.003112,0.006120
tcga2020,121,0.001968,0.000895
tcga2020,122,0.001641,0.000913
tcga2020,123,0.003223,0.007491
tcga2020,124,0.002347,0.005083
tcga2020,125,0.001515,0.002666
tcga2020,126,0.002442,0.002569
tcga2020,127,0.001370,0.001738
tcga2020,128,0.002001,0.001352
tcga2020,129,0.001611,0.001933
tcga2020,130,0.001659,0.000973
tcga2020,131,0.002330,0.002590
tcga2020,132,0.002111,0.006790
tcga2020,133,0.002765,0.003536
tcga2020,134,0.002429,0.002163
tcga2020,135,0.003438,0.006048
tcga2020,136,0.002177,0.004215
tcga2020,137,0.001701,0.001675
tcga2020,138,0.001936,0.002771
tcga2020,139,0.002298,0.004147
tcga2020,140,0.005745,0.008293
tcga2020,141,0.002251,0.003099
tcga2020,142,0.003673,0.011686
tcga2020,143,0.002322,0.003716
tcga2020,144,0.002148,0.003595
tcga2020,145,0.002022,0.001176
tcga2020,146,0.001389,0.001261
tcga2020,147,0.002241,0.002243
tcga2020,148,0.001426,0.001882
tcga2020,149,0.001895,0.002510
tcga2020,150,0.001830,0.002506
tcga2020,151,0.003033,0.004704
tcga2020,152,0.004949,0.010180
tcga2020,153,0.001589,0.003086
tcga2020,154,0.001978,0.002836
tcga2020,155,0.001878,0.001190
tcga2020,156,0.002576,0.004668
tcga2020,157,0.001929,0.002626
tcga2020,158,0.002773,0.005947
tcga2020,159,0.002235,0.004296
tcga2020,160,0.002404,0.003928
tcga2020,161,0.001610,0.002374
tcga2020,162,0.002279,0.005814
tcga2020,163,0.001452,0.001796
tcga2020,164,0.001935,0.002114
tcga2020,165,0.002207,0.002218
tcga2020,166,0.002225,0.003083
tcga2020,167,0.002261,0.001387
tcga2020,168,0.002073,0.002284
tcga2020,169,0.001854,0.004356
tcga2020,170,0.001800,0.002546
tcga2020,171,0.001837,0.002498
tcga2020,172,0.001532,0.001880
tcga2020,173,0.002516,0.004944
tcga2020,174,0.002076,0.004279
tcga2020,175,0.002333,0.002903
tcga2020,176,0.001728,0.002536
tcga2020,177,0.002019,0.003718
tcga2020,178,0.004403,0.013237
tcga2020,179,0.001735,0.001892
tcga2020,180,0.007943,0.011288
tcga2020,181,0.002073,0.005164
tcga2020,182,0.003004,0.005520
tcga2020,183,0.002250,0.003342
tcga2020,184,0.002322,0.001600
tcga2020,185,0.004140,0.010009
tcga2020,186,0.003676,0.007979
tcga2020,187,0.002143,0.004360
tcga2020,188,0.002209,0.004236
tcga2020,189,0.001952,0.002509
tcga2020,190,0.002689,0.003912
tcga2020,191,0.002977,0.005432
tcga2020,192,0.004518,0.012592
tcga2020,193,0.001696,0.001400
tcga2020,194,0.002437,0.004027
tcga2020,195,0.002470,0.006756
tcga2020,196,0.004096,0.010040
tcga2020,197,0.002155,0.005660
tcga2020,198,0.002733,0.006863
tcga2020,199,0.002822,0.006556
tcga2020,200,0.002163,0.001928
tcga2020,201,0.001978,0.001607
tcga2020,202,0.002516,0.002622
tcga2020,203,0.001952,0.003590
tcga2020,204,0.002571,0.004714
tcga2020,205,0.003197,0.007045
tcga2020,206,0.002624,0.004248
tcga2020,207,0.001955,0.004062
tcga2020,208,0.004664,0.011429
tcga2020,209,0.002163,0.004666
tcga2020,210,0.015849,0.019559
tcga2020,211,0.002554,0.006484
tcga2020,212,0.002456,0.005233
tcga2020,213,0.002365,0.006248
tcga2020,214,0.002385,0.002539
tcga2020,215,0.001746,0.001646
tcga2020,216,0.004889,0.008918
tcga2020,217,0.003113,0.003992
tcga2020,218,0.002758,0.005227
tcga2020,219,0.007075,0.014069
tcga2020,220,0.003104,0.006194
tcga2020,221,0.002993,0.008084
tcga2020,222,0.003643,0.007991
tcga2020,223,0.003203,0.006827
tcga2020,224,0.002341,0.004446
tcga2020,225,0.006951,0.006677
tcga2020,226,0.006240,0.027207
tcga2020,227,0.002078,0.003100
tcga2020,228,0.002328,0.005098
tcga2020,229,0.001818,0.004500
tcga2020,230,0.003243,0.008902
tcga2020,231,0.002838,0.005543
tcga2020,232,0.012114,0.022488
tcga2020,233,0.006385,0.013252
tcga2020,234,0.011455,0.017008
tcga2020,235,0.003337,0.006803
tcga2020,236,0.003462,0.008298
tcga2020,237,0.002706,0.007158
tcga2020,238,0.006426,0.012874
tcga2020,239,0.003805,0.010601
tcga2020,240,0.002515,0.004827
tcga2020,241,0.003803,0.006848
tcga2020,242,0.003913,0.010579
tcga2020,243,0.002819,0.004685
tcga2020,244,0.003904,0.013445
tcga2020,245,0.004767,0.010143
tcga2020,246,0.014032,0.010681
tcga2020,247,0.002481,0.003376
tcga2020,248,0.005011,0.016419
tcga2020,249,0.005062,0.012680
tcga2020,250,0.003290,0.008516
tcga2020,251,0.002844,0.005554
tcga2020,252,0.002736,0.008517
tcga2020,253,0.002322,0.003009
tcga2020,254,0.002812,0.006958
tcga2020,255,0.006037,0.014513
tcga2020,256,0.003413,0.009313
tcga2020,257,0.009618,0.015728
tcga2020,258,0.002248,0.002485
tcga2020,259,0.004643,0.010187
tcga2020,260,0.001934,0.004659
tcga2020,261,0.005550,0.015511
tcga2020,262,0.002886,0.005178
tcga2020,263,0.004927,0.011079
tcga2020,264,0.004402,0.008920
tcga2020,265,0.018388,0.075813
tcga2020,266,0.004204,0.012368
tcga2020,267,0.003425,0.007131
tcga2020,268,0.004665,0.015814
tcga2020,269,0.004298,0.009852
tcga2020,270,0.002942,0.007758
tcga2020,271,0.003693,0.011805
tcga2020,272,0.004004,0.010248
tcga2020,273,0.002608,0.003497
tcga2020,274,0.004673,0.012931
tcga2020,275,0.006876,0.028548
tcga2020,276,0.001878,0.001208
tcga2020,277,0.004822,0.014828
tcga2020,278,0.002378,0.006079
tcga2020,279,0.005842,0.014304
tcga2020,280,0.071805,0.085302
tcga2020,281,0.004599,0.019173
tcga2020,282,0.002967,0.005478
tcga2020,283,0.003193,0.005167
tcga2020,284,0.004484,0.009627
tcga2020,285,0.005920,0.016382
tcga2020,286,0.002569,0.003542
tcga2020,287,0.005086,0.008494
tcga2020,288,0.003777,0.009937
tcga2020,289,0.002349,0.006573
tcga2020,290,0.005446,0.006930
tcga2020,291,0.002506,0.003676
tcga2020,292,0.001833,0.002338
tcga2020,293,0.003493,0.006806
tcga2020,294,0.004449,0.011216
tcga2020,295,0.005888,0.011770
tcga2020,296,0.003385,0.025047
tcga2020,297,0.007627,0.037924
tcga2020,298,0.007007,0.024763
tcga2020,299,0.003554,0.011977
tcga2020,300,0.003012,0.005874
tcga2020,301,0.020840,0.046098
tcga2020,302,0.018625,0.036599
tcga2020,303,0.004096,0.010104
tcga2020,304,0.007209,0.017164
tcga2020,305,0.004398,0.008007
tcga2020,306,0.007086,0.020549
tcga2020,307,0.007030,0.061853
tcga2020,308,0.017697,0.021405
tcga2020,309,0.002219,0.002409
tcga2020,310,0.007819,0.013951
tcga2020,311,0.005222,0.019260
tcga2020,312,0.004575,0.011014
tcga2020,313,0.004914,0.017083
tcga2020,314,0.013104,0.019983
tcga2020,315,0.007599,0.032865
tcga2020,316,0.013641,0.071753
tcga2020,317,0.008844,0.086845
tcga2020,318,0.015448,0.024201
tcga2020,319,0.005903,0.014027
tcga2020,320,0.002827,0.004456
tcga2020,321,0.009036,0.019316
tcga2020,322,0.005286,0.010227
tcga2020,323,0.007637,0.024083
tcga2020,324,0.010956,0.033457
tcga2020,325,0.005395,0.009785
tcga2020,326,0.006413,0.021791
tcga2020,327,0.017913,0.111562
tcga2020,328,0.010238,0.021610
tcga2020,329,0.011227,0.040345
tcga2020,330,0.006850,0.018833
tcga2020,331,0.005262,0.016403
tcga2020,332,0.012929,0.067088
tcga2020,333,0.005225,0.014850
tcga2020,334,0.008564,0.024252
tcga2020,335,0.005142,0.012895
tcga2020,336,0.004076,0.016008
tcga2020,337,0.032206,0.066817
tcga2020,338,0.042404,0.046805
tcga2020,339,0.004221,0.008480
tcga2020,340,0.003898,0.007524
tcga2020,341,0.004330,0.010525
tcga2020,342,0.006750,0.016310
tcga2020,343,0.100525,0.114710
tcga2020,344,0.005247,0.014589
tcga2020,345,0.004730,0.012233
tcga2020,346,0.008244,0.019134
tcga2020,347,0.003725,0.010743
tcga2020,348,0.035051,0.084119
tcga2020,349,0.007421,0.021224
tcga2020,350,0.020312,0.061735
tcga2020,351,0.038094,0.074485
tcga2020,352,0.005421,0.013309
tcga2020,353,0.005553,0.011242
tcga2020,354,0.002502,0.005973
tcga2020,355,0.018420,0.022037
tcga2020,356,0.112096,0.083975
tcga2020,357,0.025146,0.058354
tcga2020,358,0.006400,0.011154
tcga2020,359,0.003424,0.007989
tcga2020,360,0.019715,0.017214
tcga2020,361,0.006466,0.137867
tcga2020,362,0.007411,0.081903
tcga2020,363,0.948961,3.479975
tcga2020,364,0.181372,0.327272
tcga2020,365,0.008643,0.021267
tcga2020,366,0.007439,0.012263
tcga2020,367,0.006728,0.024013
tcga2020,368,0.006278,0.021382
tcga2020,369,0.014015,0.019440
tcga2020,370,0.006351,0.028102
tcga2020,371,0.003682,0.011654
tcga2020,372,0.007089,0.031652
tcga2020,373,0.006157,0.011978
tcga2020,374,0.012229,0.050920
tcga2020,375,0.012136,0.031496
tcga2020,376,0.010922,0.036878
tcga2020,377,0.010552,0.037466
tcga2020,378,0.004291,0.013240
tcga2020,379,0.007557,0.019746
tcga2020,380,0.345673,1.575051
tcga2020,381,0.074618,4.770714
tcga2020,382,0.006624,0.017131
tcga2020,383,0.003048,0.006752
tcga2020,384,0.004744,0.012806
tcga2020,385,0.121570,0.129272
tcga2020,386,0.008147,0.052096
tcga2020,387,0.012936,0.034605
tcga2020,388,0.004189,0.008800
tcga2020,389,0.012098,0.032597
tcga2020,390,0.012359,0.030408
tcga2020,391,0.024708,0.109041
tcga2020,392,0.014812,0.296605
tcga2020,393,0.002602,0.005944
tcga2020,394,0.015710,0.034635
tcga2020,395,0.010241,0.035462
tcga2020,396,0.011606,0.057589
tcga2020,397,0.021632,0.097955
tcga2020,398,0.004028,0.010882
tcga2020,399,0.013630,0.059679
tcga2020,400,0.010560,0.022229
tcga2020,401,0.004230,0.010487
tcga2020,402,0.019484,0.157453
tcga2020,403,0.135647,0.246067
tcga2020,404,0.006112,0.018945
tcga2020,405,0.012142,0.073280
tcga2020,406,0.110870,0.131177
tcga2020,407,0.007765,0.020447
tcga2020,408,0.007417,0.035790
tcga2020,409,0.005053,0.014394
tcga2020,410,1.240747,0.480590
tcga2020,411,0.012414,0.027160
tcga2020,412,0.008187,0.022401
tcga2020,413,0.006098,0.027026
tcga2020,414,0.007283,0.015160
tcga2020,415,0.032694,0.251060
tcga2020,416,0.009018,0.017950
tcga2020,417,0.006727,0.013043
tcga2020,418,0.017040,0.015191
tcga2020,419,0.005509,0.012841
tcga2020,420,0.030242,0.028540
tcga2020,421,0.006325,0.026459
tcga2020,422,0.005308,0.016609
tcga2020,423,0.024560,0.055689
tcga2020,424,0.002816,0.049178
tcga2020,425,0.165138,0.201512
tcga2020,426,0.017015,0.071878
tcga2020,427,0.078306,0.096780
tcga2020,428,0.044415,0.072349
tcga2020,429,0.103859,0.062958
tcga2020,430,0.027596,0.199889
tcga2020,431,0.020093,0.014569
tcga2020,432,0.047186,0.153442
tcga2020,433,0.007493,0.027463
tcga2020,434,0.008400,0.017553
tcga2020,435,0.023814,0.038584
tcga2020,436,0.024127,0.137835
tcga2020,437,0.582628,8.317388
tcga2020,438,0.009575,0.024620
tcga2020,439,0.067593,0.038490
tcga2020,440,0.010757,0.049530
tcga2020,441,0.010135,0.020157
tcga2020,442,0.045093,0.029551
tcga2020,443,0.007290,0.044142
tcga2020,444,0.010532,0.026306
tcga2020,445,0.015537,0.093508
tcga2020,446,0.017246,0.035190
tcga2020,447,0.480087,0.425751
tcga2020,448,0.011139,0.054804
tcga2020,449,0.005392,0.050970
tcga2020,450,1.733504,0.986227
tcga2020,451,0.296053,0.403842
tcga2020,452,0.008170,0.226229
tcga2020,453,0.144048,0.243372
tcga2020,454,0.020814,0.079472
tcga2020,455,0.034176,0.239065
tcga2020,456,0.076148,0.106918
tcga2020,457,0.018224,0.026512
tcga2020,458,0.008575,0.372525
tcga2020,459,0.065899,0.044922
tcga2020,460,0.008191,0.028884
tcga2020,461,0.012934,0.014299
tcga2020,462,0.249330,0.368592
tcga2020,463,0.057491,0.031234
tcga2020,464,0.304335,0.337637
tcga2020,465,0.013505,0.038370
tcga2020,466,0.083566,0.267461
tcga2020,467,0.011382,0.029844
tcga2020,468,0.032056,0.232926
tcga2020,469,0.045479,0.021287
tcga2020,470,0.019358,0.038966
tcga2020,471,0.046473,0.118199
tcga2020,472,0.009323,0.105812
tcga2020,473,0.009569,0.023902
tcga2020,474,0.074424,0.748812
tcga2020,475,0.312493,0.972633
tcga2020,476,0.036406,0.075176
tcga2020,477,0.009285,0.086286
tcga2020,478,0.245960,0.864551
tcga2020,479,0.053026,0.059260
tcga2020,480,0.163032,0.595102
tcga2020,481,1.181026,1.797439
tcga2020,482,0.041456,0.112559
tcga2020,483,0.011928,0.042381
tcga2020,484,0.100242,0.070309
tcga2020,485,0.094389,0.065423
tcga2020,486,0.037745,0.055720
tcga2020,487,0.089995,0.017647
tcga2020,488,0.009318,0.016299
tcga2020,489,0.016648,0.015141
tcga2020,490,0.048757,0.080285
tcga2020,491,0.028496,0.163472
tcga2020,492,1.180856,3.447585
tcga2020,493,0.025811,0.173902
tcga2020,494,0.020594,0.030028
tcga2020,495,0.313432,0.664413
tcga2020,496,0.006849,0.024354
tcga2020,497,0.006564,0.024857
tcga2020,498,0.103061,0.090650
tcga2020,499,0.017660,0.059920
tcga2020,500,0.070379,0.093499
tcga2020,501,0.111522,0.024396
tcga2020,502,0.119982,0.057598
tcga2020,503,0.230030,0.343157
tcga2020,504,0.174942,0.515863
tcga2020,505,0.018319,0.047775
tcga2020,506,0.069113,0.047010
tcga2020,507,0.057755,0.035701
tcga2020,508,0.008095,0.299095
tcga2020,509,0.012472,0.018617
tcga2020,510,0.048063,0.100440
tcga2020,511,0.008731,0.143444
tcga2020,512,0.088079,0.054840
tcga2020,513,0.059127,1.565813
tcga2020,514,0.081031,0.044270
tcga2020,515,0.134235,0.132827
tcga2020,516,0.184391,0.347518
tcga2020,517,0.231834,0.239008
tcga2020,518,0.147045,0.156045
tcga2020,519,0.014265,0.931514
tcga2020,520,1.384514,0.493655
tcga2020,521,0.036210,0.120087
tcga2020,522,0.196884,0.328212
tcga2020,523,0.005075,0.041176
tcga2020,524,0.024008,0.032097
tcga2020,525,0.010548,0.034400
tcga2020,526,0.022192,0.016483
tcga2020,527,0.477248,0.598633
tcga2020,528,0.034453,0.034464
tcga2020,529,0.084091,4.286176
tcga2020,530,0.014432,0.031696
tcga2020,531,0.008845,0.182880
tcga2020,532,0.192163,0.284081
tcga2020,533,0.024671,0.114410
tcga2020,534,0.148829,0.135075
tcga2020,535,1.082815,0.540848
tcga2020,536,2.037244,1.120709
tcga2020,537,0.154180,0.238316
tcga2020,538,17.206051,8.732516
tcga2020,539,0.024726,0.076271
tcga2020,540,0.033025,0.027984
tcga2020,541,1.841254,0.892146
tcga2020,542,0.094821,0.105223
tcga2020,543,0.014105,0.065299
tcga2020,544,0.336921,0.926373
tcga2020,545,0.014383,0.123106
tcga2020,546,0.065706,0.083740
tcga2020,547,1.693264,1.885137
tcga2020,548,1.142836,1.419894
tcga2020,549,0.514316,0.471847
tcga2020,550,0.044134,0.063483
tcga2020,551,0.026523,1.491799
tcga2020,552,0.041040,0.051769
tcga2020,553,0.115719,0.130785
tcga2020,554,0.010463,0.023315
tcga2020,555,0.018895,0.037279
tcga2020,556,0.052707,0.054652
tcga2020,557,0.009359,0.036734
tcga2020,558,0.353445,2.431649
tcga2020,559,0.014302,0.026113
tcga2020,560,0.034933,3.492774
tcga2020,561,0.233623,1.334912
tcga2020,562,0.009076,0.019472
tcga2020,563,0.054615,0.242997
tcga2020,564,0.299360,2.601476
tcga2020,565,0.165308,0.147784
tcga2020,566,0.006683,0.018617
tcga2020,567,1.632627,0.222289
tcga2020,568,1.685522,0.377349
tcga2020,569,0.165288,0.519300
tcga2020,570,0.007672,0.042790
tcga2020,571,0.019167,0.077889
tcga2020,572,0.097759,0.111431
tcga2020,573,0.010358,0.074178
tcga2020,574,0.108872,0.045462
tcga2020,575,1.958677,0.875035
tcga2020,576,0.062476,0.018947
tcga2020,577,1.250100,1.500581
tcga2020,578,0.012865,0.031298
tcga2020,579,0.056365,0.106208
tcga2020,580,0.021607,0.045655
tcga2020,581,0.013994,0.092281
tcga2020,582,0.015692,0.081677
tcga2020,583,0.112983,0.518761
tcga2020,584,0.012215,0.025292
tcga2020,585,0.044141,0.462158
tcga2020,586,0.099726,0.107723
tcga2020,587,0.010345,0.030337
tcga2020,588,0.019180,0.023135
tcga2020,589,1.793851,0.498794
tcga2020,590,0.006671,0.025053
tcga2020,591,0.029554,0.022480
tcga2020,592,0.247941,1.296711
tcga2020,593,0.148294,0.127095
tcga2020,594,0.067436,0.193031
tcga2020,595,3.801312,125.753245
tcga2020,596,0.038820,0.058792
tcga2020,597,0.327296,0.842959
tcga2020,598,0.182648,8.995477
tcga2020,599,0.016290,0.062100
tcga2020,600,0.032968,0.049552
tcga2020,601,0.009226,0.031394
tcga2020,602,0.005983,0.024455
tcga2020,603,0.152223,2.188849
tcga2020,604,0.037056,0.152925
tcga2020,605,0.008125,0.028033
tcga2020,606,0.014100,0.034713
tcga2020,607,0.008971,0.068533
tcga2020,608,0.061755,0.028385
tcga2020,609,3.718618,5.343018
tcga2020,610,0.016475,0.176549
tcga2020,611,0.167211,0.729720
tcga2020,612,0.056180,0.108809
tcga2020,613,0.698876,1.275541
tcga2020,614,0.094043,1.911167
tcga2020,615,0.030050,0.551502
tcga2020,616,0.033150,1.068079
tcga2020,617,0.109621,0.122752
tcga2020,618,0.036172,5.459709
tcga2020,619,0.011067,0.080551
tcga2020,620,0.019783,0.327421
tcga2020,621,0.005165,0.017915
tcga2020,622,0.197735,0.256287
tcga2020,623,0.029725,0.309471
tcga2020,624,0.327875,0.275953
tcga2020,625,0.048915,0.037541
tcga2020,626,0.102847,0.085135
tcga2020,627,0.048151,0.017132
tcga2020,628,0.230380,0.435548
tcga2020,629,0.006410,0.030307
tcga2020,630,0.226921,0.418307
tcga2020,631,0.126796,0.203942
tcga2020,632,0.011246,0.091728
tcga2020,633,0.019286,0.029983
tcga2020,634,0.044332,0.112906
tcga2020,635,0.076239,0.043718
tcga2020,636,0.007813,0.080492
tcga2020,637,0.112709,0.098340
tcga2020,638,0.076883,0.141024
tcga2020,639,0.073687,0.104575
tcga2020,640,0.011850,0.014628
tcga2020,641,0.029103,0.063247
tcga2020,642,0.520536,0.692425
tcga2020,643,0.645616,8.183654
tcga2020,644,0.191885,3.884652
tcga2020,645,0.027649,0.847691
tcga2020,646,0.034233,0.044398
tcga2020,647,0.034639,0.157619
tcga2020,648,0.146056,0.191779
tcga2020,649,0.019516,1.899826
tcga2020,650,0.299410,19.168191
tcga2020,651,0.167424,0.274825
tcga2020,652,0.034335,0.250901
tcga2020,653,0.047883,1.444944
tcga2020,654,0.078893,0.030375
tcga2020,655,0.086682,0.043909
tcga2020,656,0.293942,0.284726
tcga2020,657,0.125922,0.169353
tcga2020,658,0.017054,0.445890
tcga2020,659,0.268371,0.945813
tcga2020,660,0.007200,0.022669
tcga2020,661,0.006573,0.021885
tcga2020,662,0.181350,0.989530
tcga2020,663,0.028339,0.115625
tcga2020,664,0.338327,0.312661
tcga2020,665,0.007055,0.026399
tcga2020,666,1.635822,163.418356
tcga2020,667,0.086681,0.059541
tcga2020,668,0.056554,0.268037
tcga2020,669,0.063427,0.246165
tcga2020,670,0.010939,0.029301
tcga2020,671,0.018274,0.060283
tcga2020,672,0.018016,0.022544
tcga2020,673,0.014890,0.017109
tcga2020,674,0.319747,0.781098
tcga2020,675,0.077762,8.776329
tcga2020,676,2.952140,31.610128
tcga2020,677,0.211212,0.593742
tcga2020,678,0.015657,0.077657
tcga2020,679,0.339297,85.627609
tcga2020,680,0.028092,0.018579
tcga2020,681,0.077617,1.202778
tcga2020,682,0.112605,0.089981
tcga2020,683,0.041138,1.428740
tcga2020,684,0.394448,1.373507
tcga2020,685,0.133773,0.197493
tcga2020,686,0.055648,0.040821
tcga2020,687,0.020618,0.480785
tcga2020,688,0.008322,0.109704
tcga2020,689,0.572320,2.838473
tcga2020,690,0.073288,0.053725
tcga2020,691,0.011712,0.026212
tcga2020,692,0.022383,0.015774
tcga2020,693,0.077638,0.128334
tcga2020,694,0.050179,0.031531
tcga2020,695,0.060449,0.019339
tcga2020,696,0.008676,0.062859
tcga2020,697,0.006559,0.044582
tcga2020,698,0.018082,0.026606
tcga2020,699,0.007498,0.080719
tcga2020,700,0.014477,0.037628
tcga2020,701,0.015795,0.041808
tcga2020,702,0.009459,0.013328
tcga2020,703,0.047833,0.057148
tcga2020,704,0.026215,0.619095
tcga2020,705,0.014808,0.079407
tcga2020,706,0.017249,0.141033
tcga2020,707,0.012005,0.022378
tcga2020,708,0.006903,0.026347
tcga2020,709,0.320429,0.277897
tcga2020,710,1.330878,0.390293
tcga2020,711,0.939076,3.809086
tcga2020,712,0.008488,0.049658
tcga2020,713,0.058584,0.026022
tcga2020,714,0.012663,0.037754
tcga2020,715,0.063352,1.868791
tcga2020,716,0.027178,0.082727
tcga2020,717,0.012190,0.021877
tcga2020,718,0.042122,0.029099
tcga2020,719,0.007555,0.022271
tcga2020,720,0.784086,0.060780
tcga2020,721,0.010376,0.030192
tcga2020,722,0.069166,4.499985
tcga2020,723,0.391103,304.531488
tcga2020,724,0.010827,0.119906
tcga2020,725,0.007282,0.028917
tcga2020,726,0.012581,0.021429
tcga2020,727,1.618858,5.779232
tcga2020,728,0.086056,0.160406
tcga2020,729,0.015984,0.134480
tcga2020,730,0.329005,0.256405
tcga2020,731,0.010347,0.040717
tcga2020,732,0.051397,0.030737
tcga2020,733,0.020011,0.028266
tcga2020,734,0.004605,0.141481
tcga2020,735,0.010497,0.148918
tcga2020,736,0.021165,0.181804
tcga2020,737,0.009414,0.078747
tcga2020,738,0.006835,0.027195
tcga2020,739,0.042931,0.705972
tcga2020,740,0.090276,0.043446
tcga2020,741,0.093936,0.066040
tcga2020,742,0.043876,0.531635
tcga2020,743,0.083753,0.051009
tcga2020,744,0.047874,0.279100
tcga2020,745,0.015090,0.101164
tcga2020,746,0.015443,0.141067
tcga2020,747,0.006357,0.027017
tcga2020,748,0.181987,1.259866
tcga2020,749,0.009733,0.423096
tcga2020,750,0.023708,0.530778
tcga2020,751,0.118455,1.152260
tcga2020,752,0.020396,0.070823
tcga2020,753,0.009075,0.035514
tcga2020,754,0.019091,0.025626
tcga2020,755,0.011030,0.039191
tcga2020,756,0.012382,0.123496
tcga2020,757,0.013516,0.043001
tcga2020,758,0.007771,0.026031
tcga2020,759,1.268239,1.695313
tcga2020,760,0.007277,0.019818
tcga2020,761,0.011115,0.311186
tcga2020,762,0.231720,0.344640
tcga2020,763,0.027404,1.484141
tcga2020,764,0.040375,0.045165
tcga2020,765,0.005735,0.022091
tcga2020,766,1.265331,0.302699
tcga2020,767,0.043787,0.430058
tcga2020,768,0.021653,0.162248
tcga2020,769,0.086072,0.022003
tcga2020,770,0.032687,0.065603
tcga2020,771,0.028389,0.342784
tcga2020,772,0.009932,0.024493
tcga2020,773,0.059180,0.657032
tcga2020,774,0.057427,0.045713
tcga2020,775,0.005332,0.035192
tcga2020,776,0.119707,0.132868
tcga2020,777,0.019583,0.022173
tcga2020,778,0.019815,0.031391
tcga2020,779,0.006839,0.403142
tcga2020,780,0.073966,0.082279
tcga2020,781,0.010836,0.019577
tcga2020,782,0.051450,0.020308
tcga2020,783,0.011951,0.185729
tcga2020,784,0.062578,0.158992
tcga2020,785,0.007983,0.080980
tcga2020,786,0.066747,0.060465
tcga2020,787,0.022903,0.188996
tcga2020,788,0.045796,0.126044
tcga2020,789,0.005738,0.027232
tcga2020,790,0.009156,0.023104
tcga2020,791,0.010035,0.027176
tcga2020,792,0.028250,0.028775
tcga2020,793,0.191829,0.035398
tcga2020,794,0.008606,0.042731
tcga2020,795,0.129311,49.508785
tcga2020,796,0.043225,0.028027
tcga2020,797,0.007959,0.656013
tcga2020,798,0.020135,0.026625
tcga2020,799,0.018342,0.074700
tcga2020,800,0.015674,0.032450
tcga2020,801,0.030648,0.045654
tcga2020,802,0.024131,0.102127
tcga2020,803,0.035286,0.023545
tcga2020,804,0.016107,0.022423
tcga2020,805,0.077047,0.082082
tcga2020,806,0.008513,0.039041
tcga2020,807,0.017095,0.101834
tcga2020,808,0.039069,0.286046
tcga2020,809,0.340808,1.579263
tcga2020,810,0.007705,0.044043
tcga2020,811,0.077687,0.038784
tcga2020,812,0.170228,0.435196
tcga2020,813,0.010897,0.031603
tcga2020,814,0.008632,0.071859
tcga2020,815,0.006092,0.021993
tcga2020,816,0.127477,0.190233
tcga2020,817,0.007360,0.025229
tcga2020,818,0.071611,0.158339
tcga2020,819,0.048814,0.043067
tcga2020,820,0.279939,0.713142
tcga2020,821,0.009960,0.019325
tcga2020,822,0.013732,0.056857
tcga2020,823,0.011948,0.029594
tcga2020,824,0.022649,0.152630
tcga2020,825,0.006807,0.027785
tcga2020,826,0.006038,0.271020
tcga2020,827,0.019249,0.073260
tcga2020,828,0.021789,0.018591
tcga2020,829,0.064245,0.608634
tcga2020,830,0.072105,0.020804
tcga2020,831,0.006409,0.027821
tcga2020,832,0.006396,0.034899
tcga2020,833,0.013761,0.124717
tcga2020,834,0.132662,0.177247
tcga2020,835,0.049252,1.300751
tcga2020,836,0.052135,0.017569
tcga2020,837,0.014995,0.083529
tcga2020,838,0.008411,0.110432
tcga2020,839,0.017766,0.019551
tcga2020,840,0.011017,0.036831
tcga2020,841,0.007026,0.032045
tcga2020,842,0.007555,0.023992
tcga2020,843,0.137519,0.229834
tcga2020,844,0.235169,1.046142
tcga2020,845,0.030773,0.097093
tcga2020,846,0.009803,0.030042
tcga2020,847,0.084060,0.037209
tcga2020,848,0.026176,0.154862
tcga2020,849,0.008309,1.193794
tcga2020,850,0.046153,0.044611
tcga2020,851,0.015726,0.022891
tcga2020,852,0.007483,0.049809
tcga2020,853,0.006839,0.083024
tcga2020,854,0.059352,0.062311
tcga2020,855,0.094670,0.020980
tcga2020,856,0.225155,0.136934
tcga2020,857,0.421099,0.098122
tcga2020,858,0.007382,0.050202
tcga2020,859,0.006375,0.023971
tcga2020,860,0.016296,0.030323
tcga2020,861,0.008048,0.040748
tcga2020,862,0.069554,0.022267
tcga2020,863,0.008254,0.023673
tcga2020,864,0.011338,0.120538
tcga2020,865,0.030091,0.058504
tcga2020,866,0.005250,0.018370
tcga2020,867,0.006515,2.767055
tcga2020,868,0.006825,0.018579
tcga2020,869,0.047683,0.034566
tcga2020,870,0.030798,0.080527
tcga2020,871,0.037845,0.185573
tcga2020,872,0.373748,13.514392
tcga2020,873,2.325200,0.376235
tcga2020,874,0.026975,0.045531
tcga2020,875,0.010352,0.045902
tcga2020,876,0.009001,0.021193
tcga2020,877,0.022449,0.167415
tcga2020,878,0.009098,0.031182
tcga2020,879,0.018159,0.019946
tcga2020,880,0.013065,0.021586
tcga2020,881,0.011268,0.533989
tcga2020,882,0.008529,0.053538
tcga2020,883,0.008605,0.054159
tcga2020,884,0.089939,0.064042
tcga2020,885,0.018129,0.027244
tcga2020,886,0.072438,0.067427
tcga2020,887,0.008669,0.019901
tcga2020,888,0.031692,0.308785
tcga2020,889,0.010250,0.089785
tcga2020,890,0.016581,0.112669
tcga2020,891,0.007879,0.020788
tcga2020,892,0.080865,0.074444
tcga2020,893,0.007429,0.019993
tcga2020,894,0.221675,0.365483
tcga2020,895,0.036898,0.029734
tcga2020,896,0.008954,0.036844
tcga2020,897,0.006913,0.024150
tcga2020,898,0.043989,0.219497
tcga2020,899,0.011839,0.032422
tcga2020,900,0.016373,5.184411
tcga2020,901,0.014619,0.019264
tcga2020,902,0.023129,0.034470
tcga2020,903,0.007623,0.029616
tcga2020,904,0.010636,0.181207
tcga2020,905,0.015460,0.045290
tcga2020,906,0.008453,0.039424
tcga2020,907,0.008835,0.019575
tcga2020,908,0.007334,0.021013
tcga2020,909,0.015695,0.022940
tcga2020,910,0.070534,0.029040
tcga2020,911,0.009520,0.019544
tcga2020,912,0.006875,0.021124
tcga2020,913,0.087891,0.152669
tcga2020,914,0.052795,0.026630
tcga2020,915,0.008037,0.033057
tcga2020,916,0.005739,0.061677
tcga2020,917,0.010246,0.086841
tcga2020,918,0.009851,0.024538
tcga2020,919,0.009556,0.028140
tcga2020,920,0.014130,0.158246
tcga2020,921,0.007260,0.021622
tcga2020,922,0.077227,0.049030
tcga2020,923,0.006904,0.030365
tcga2020,924,0.007637,0.037397
tcga2020,925,0.045073,0.042011
tcga2020,926,0.008379,0.026063
tcga2020,927,0.083284,0.084909
tcga2020,928,0.039331,0.046223
tcga2020,929,0.007079,0.028026
tcga2020,930,0.021651,0.062599
tcga2020,931,0.011643,0.253662
tcga2020,932,0.010373,0.018429
tcga2020,933,0.026100,0.081391
tcga2020,934,0.023710,0.027317
tcga2020,935,0.007672,0.025672
tcga2020,936,0.005281,0.041463
tcga2020,937,0.008745,0.022227
tcga2020,938,0.083665,0.022018
tcga2020,939,0.012931,0.020955
tcga2020,940,0.070422,0.020286
tcga2020,941,0.008381,0.022337
tcga2020,942,0.011283,0.030938
tcga2020,943,0.009243,0.561454
tcga2020,944,0.007576,0.015028
tcga2020,945,0.064740,0.024404
tcga2020,946,0.012021,0.024800
tcga2020,947,0.011747,0.026533
tcga2020,948,0.096672,0.696052
tcga2020,949,0.007846,0.276645
tcga2020,950,0.020479,0.020228
tcga2020,951,0.009168,0.039768
tcga2020,952,0.006046,0.026733
tcga2020,953,0.015777,0.031040
tcga2020,954,0.006733,0.021806
tcga2020,955,0.007095,0.032412
tcga2020,956,0.007491,0.022270
tcga2020,957,0.017997,0.025284
tcga2020,958,0.008795,0.051620
tcga2020,959,0.045991,0.036561
tcga2020,960,0.014114,0.030994
tcga2020,961,0.010973,0.030504
tcga2020,962,0.007356,0.021462
tcga2020,963,0.006422,0.024422
tcga2020,964,0.019455,0.047021
tcga2020,965,0.193036,1.666963
tcga2020,966,0.054305,0.045912
tcga2020,967,0.010444,0.027044
tcga2020,968,0.038881,0.108109
tcga2020,969,0.018232,0.016519
tcga2020,970,0.010699,0.027478
tcga2020,971,0.005533,0.024992
tcga2020,972,0.042245,0.409780
tcga2020,973,0.006124,0.020299
tcga2020,974,0.010206,0.019024
tcga2020,975,0.008881,0.020151
tcga2020,976,0.005782,0.021935
tcga2020,977,0.009405,0.038890
tcga2020,978,0.007416,0.022708
tcga2020,979,0.007606,0.042067
tcga2020,980,0.016809,1.388837
tcga2020,981,0.009435,0.021040
tcga2020,982,0.007455,0.237731
tcga2020,983,0.007006,0.026882
tcga2020,984,0.006635,0.025280
tcga2020,985,0.006299,0.026375
tcga2020,986,0.053074,0.224890
tcga2020,987,0.109549,0.156044
tcga2020,988,0.017450,0.092046
tcga2020,989,0.008361,0.037323
tcga2020,990,0.014830,0.026811
tcga2020,991,0.005827,0.112234
tcga2020,992,0.009913,0.023085
tcga2020,993,0.007642,2.980301
tcga2020,994,0.018909,0.022815
tcga2020,995,0.050215,0.027045
tcga2020,996,0.085139,0.086359
tcga2020,997,0.019163,0.265148
tcga2020,998,0.013558,0.346186
tcga2020,999,0.008361,0.036599
tcga2020,1000,0.006950,0.024685
tcga2021,1,0.005449,0.001256
tcga2021,2,0.003577,0.000923
tcga2021,3,0.001816,0.002661
tcga2021,4,0.001324,0.000750
tcga2021,5,0.001709,0.001294
tcga2021,6,0.001508,0.002226
tcga2021,7,0.001586,0.002287
tcga2021,8,0.002265,0.002137
tcga2021,9,0.001343,0.000507
tcga2021,10,0.001625,0.001019
tcga2021,11,0.001252,0.000369
tcga2021,12,0.001743,0.001131
tcga2021,13,0.001780,0.003642
tcga2021,14,0.001871,0.002332
tcga2021,15,0.001652,0.002872
tcga2021,16,0.002008,0.002070
tcga2021,17,0.002381,0.002876
tcga2021,18,0.001385,0.000733
tcga2021,19,0.002698,0.009249
tcga2021,20,0.001365,0.000895
tcga2021,21,0.001915,0.003952
tcga2021,22,0.001745,0.000935
tcga2021,23,0.001277,0.000361
tcga2021,24,0.001344,0.000440
tcga2021,25,0.001669,0.001759
tcga2021,26,0.001346,0.000650
tcga2021,27,0.001425,0.000536
tcga2021,28,0.001587,0.001342
tcga2021,29,0.001702,0.002027
tcga2021,30,0.001434,0.000826
tcga2021,31,0.001917,0.001432
tcga2021,32,0.001798,0.002337
tcga2021,33,0.001578,0.001251
tcga2021,34,0.001675,0.002233
tcga2021,35,0.001470,0.000879
tcga2021,36,0.001359,0.000482
tcga2021,37,0.001593,0.001030
tcga2021,38,0.001343,0.000452
tcga2021,39,0.001669,0.002264
tcga2021,40,0.001561,0.001464
tcga2021,41,0.001278,0.000617
tcga2021,42,0.002850,0.006283
tcga2021,43,0.001605,0.003770
tcga2021,44,0.001968,0.004240
tcga2021,45,0.002147,0.002811
tcga2021,46,0.001596,0.001468
tcga2021,47,0.001956,0.001831
tcga2021,48,0.001947,0.002095
tcga2021,49,0.001293,0.000928
tcga2021,50,0.001782,0.001253
tcga2021,51,0.001821,0.001796
tcga2021,52,0.001767,0.003231
tcga2021,53,0.002082,0.002192
tcga2021,54,0.001596,0.000567
tcga2021,55,0.001892,0.001545
tcga2021,56,0.001398,0.000664
tcga2021,57,0.001832,0.001020
tcga2021,58,0.001337,0.001045
tcga2021,59,0.001800,0.001725
tcga2021,60,0.002024,0.002627
tcga2021,61,0.002719,0.004828
tcga2021,62,0.001920,0.002127
tcga2021,63,0.001390,0.000820
tcga2021,64,0.001481,0.001277
tcga2021,65,0.001464,0.001286
tcga2021,66,0.001427,0.000496
tcga2021,67,0.001784,0.002429
tcga2021,68,0.001552,0.003159
tcga2021,69,0.002072,0.002738
tcga2021,70,0.002873,0.007444
tcga2021,71,0.001878,0.002467
tcga2021,72,0.002718,0.005469
tcga2021,73,0.001655,0.001247
tcga2021,74,0.001392,0.001919
tcga2021,75,0.002069,0.002210
tcga2021,76,0.002581,0.005619
tcga2021,77,0.001435,0.001310
tcga2021,78,0.001614,0.001057
tcga2021,79,0.001446,0.003163
tcga2021,80,0.001610,0.001032
tcga2021,81,0.002075,0.005153
tcga2021,82,0.002315,0.002935
tcga2021,83,0.001731,0.002339
tcga2021,84,0.002083,0.002434
tcga2021,85,0.002634,0.005205
tcga2021,86,0.001793,0.003921
tcga2021,87,0.002615,0.002561
tcga2021,88,0.001923,0.001350
tcga2021,89,0.002003,0.001549
tcga2021,90,0.001578,0.000775
tcga2021,91,0.002256,0.006202
tcga2021,92,0.001984,0.003124
tcga2021,93,0.001376,0.001362
tcga2021,94,0.002367,0.005361
tcga2021,95,0.001676,0.001362
tcga2021,96,0.001830,0.001678
tcga2021,97,0.001630,0.000660
tcga2021,98,0.001257,0.000859
tcga2021,99,0.001771,0.001509
tcga2021,100,0.001737,0.001826
tcga2021,101,0.003141,0.006844
tcga2021,102,0.002313,0.002348
tcga2021,103,0.001630,0.001783
tcga2021,104,0.001968,0.002990
tcga2021,105,0.005775,0.010102
tcga2021,106,0.001837,0.003359
tcga2021,107,0.001370,0.001800
tcga2021,108,0.001802,0.001276
tcga2021,109,0.001696,0.002238
tcga2021,110,0.001891,0.002093
tcga2021,111,0.001733,0.003567
tcga2021,112,0.001536,0.000761
tcga2021,113,0.003138,0.006448
tcga2021,114,0.003181,0.005526
tcga2021,115,0.001505,0.001877
tcga2021,116,0.002142,0.001874
tcga2021,117,0.002240,0.004354
tcga2021,118,0.002014,0.002137
tcga2021,119,0.001509,0.000913
tcga2021,120,0.001631,0.001054
tcga2021,121,0.003125,0.005366
tcga2021,122,0.002448,0.002476
tcga2021,123,0.001930,0.003166
tcga2021,124,0.002082,0.002256
tcga2021,125,0.003541,0.009986
tcga2021,126,0.003655,0.007356
tcga2021,127,0.001958,0.001930
tcga2021,128,0.002563,0.004114
tcga2021,129,0.001433,0.001969
tcga2021,130,0.004533,0.009407
tcga2021,131,0.003153,0.006681
tcga2021,132,0.001428,0.000909
tcga2021,133,0.001645,0.002120
tcga2021,134,0.002167,0.002112
tcga2021,135,0.001557,0.002684
tcga2021,136,0.001400,0.000751
tcga2021,137,0.002407,0.005049
tcga2021,138,0.002545,0.005447
tcga2021,139,0.001442,0.001548
tcga2021,140,0.001907,0.003953
tcga2021,141,0.001376,0.000988
tcga2021,142,0.002741,0.004991
tcga2021,143,0.001683,0.002207
tcga2021,144,0.003252,0.008326
tcga2021,145,0.002462,0.004951
tcga2021,146,0.002606,0.005000
tcga2021,147,0.001539,0.002391
tcga2021,148,0.001515,0.002400
tcga2021,149,0.002454,0.005314
tcga2021,150,0.002898,0.006546
tcga2021,151,0.001902,0.002386
tcga2021,152,0.001824,0.001452
tcga2021,153,0.003126,0.005933
tcga2021,154,0.001458,0.002181
tcga2021,155,0.002050,0.001899
tcga2021,156,0.001796,0.004058
tcga2021,157,0.001851,0.003048
tcga2021,158,0.001785,0.002290
tcga2021,159,0.002206,0.004665
tcga2021,160,0.001845,0.001782
tcga2021,161,0.001993,0.004919
tcga2021,162,0.002485,0.004470
tcga2021,163,0.001717,0.003307
tcga2021,164,0.003525,0.008062
tcga2021,165,0.001831,0.003612
tcga2021,166,0.002826,0.005335
tcga2021,167,0.002154,0.002510
tcga2021,168,0.007542,0.052710
tcga2021,169,0.004366,0.010536
tcga2021,170,0.002308,0.002289
tcga2021,171,0.002543,0.005520
tcga2021,172,0.002030,0.004445
tcga2021,173,0.002508,0.005156
tcga2021,174,0.005351,0.008002
tcga2021,175,0.001964,0.003213
tcga2021,176,0.002584,0.003158
tcga2021,177,0.002876,0.008191
tcga2021,178,0.001867,0.004489
tcga2021,179,0.005388,0.009396
tcga2021,180,0.015143,0.026926
tcga2021,181,0.004002,0.009844
tcga2021,182,0.002474,0.004372
tcga2021,183,0.004537,0.025228
tcga2021,184,0.002029,0.001430
tcga2021,185,0.002001,0.002966
tcga2021,186,0.003594,0.007183
tcga2021,187,0.002254,0.002898
tcga2021,188,0.002521,0.003850
tcga2021,189,0.020043,0.016469
tcga2021,190,0.002228,0.003716
tcga2021,191,0.003835,0.007378
tcga2021,192,0.003876,0.007782
tcga2021,193,0.002385,0.006388
tcga2021,194,0.005262,0.011169
tcga2021,195,0.003740,0.009831
tcga2021,196,0.005227,0.014189
tcga2021,197,0.003710,0.010167
tcga2021,198,0.002588,0.005813
tcga2021,199,0.001479,0.002283
tcga2021,200,0.003643,0.005637
tcga2021,201,0.003093,0.007654
tcga2021,202,0.011182,0.021973
tcga2021,203,0.007821,0.050494
tcga2021,204,0.003430,0.008252
tcga2021,205,0.002089,0.002238
tcga2021,206,0.002529,0.004877
tcga2021,207,0.001443,0.002157
tcga2021,208,0.003597,0.007369
tcga2021,209,0.001995,0.003162
tcga2021,210,0.001700,0.002379
tcga2021,211,0.001628,0.002856
tcga2021,212,0.003367,0.007117
tcga2021,213,0.002315,0.002273
tcga2021,214,0.003091,0.007840
tcga2021,215,0.005441,0.011749
tcga2021,216,0.001767,0.003100
tcga2021,217,0.002537,0.004271
tcga2021,218,0.002000,0.004030
tcga2021,219,0.004757,0.012038
tcga2021,220,0.003618,0.007274
tcga2021,221,0.002906,0.005442
tcga2021,222,0.003285,0.006055
tcga2021,223,0.003485,0.006537
tcga2021,224,0.005482,0.012669
tcga2021,225,0.003062,0.005683
tcga2021,226,0.002504,0.005386
tcga2021,227,0.002260,0.006163
tcga2021,228,0.001976,0.002849
tcga2021,229,0.003452,0.004000
tcga2021,230,0.002181,0.002278
tcga2021,231,0.003316,0.009181
tcga2021,232,0.005729,0.028407
tcga2021,233,0.003163,0.006140
tcga2021,234,0.003037,0.005868
tcga2021,235,0.002937,0.006732
tcga2021,236,0.005339,0.009874
tcga2021,237,0.003264,0.007546
tcga2021,238,0.002076,0.003423
tcga2021,239,0.003283,0.006944
tcga2021,240,0.003101,0.006173
tcga2021,241,0.003115,0.005758
tcga2021,242,0.004025,0.007735
tcga2021,243,0.004696,0.010415
tcga2021,244,0.002630,0.006101
tcga2021,245,0.002605,0.004993
tcga2021,246,0.002468,0.004147
tcga2021,247,0.002345,0.004538
tcga2021,248,0.002411,0.003886
tcga2021,249,0.029248,0.032410
tcga2021,250,0.003704,0.007604
tcga2021,251,0.001923,0.002048
tcga2021,252,0.006019,0.025936
tcga2021,253,0.067123,1.131468
tcga2021,254,0.003630,0.008515
tcga2021,255,0.004184,0.009018
tcga2021,256,0.039626,0.212401
tcga2021,257,0.007105,0.016978
tcga2021,258,0.003582,0.006847
tcga2021,259,0.003080,0.006007
tcga2021,260,0.003263,0.004797
tcga2021,261,0.005649,0.012195
tcga2021,262,0.002503,0.003023
tcga2021,263,0.010782,0.014792
tcga2021,264,0.003819,0.010084
tcga2021,265,0.027195,0.028129
tcga2021,266,0.004795,0.046132
tcga2021,267,0.004410,0.014535
tcga2021,268,0.005579,0.120233
tcga2021,269,0.012801,0.027921
tcga2021,270,0.004968,0.012448
tcga2021,271,0.002102,0.004210
tcga2021,272,0.012911,0.039344
tcga2021,273,0.007258,0.016434
tcga2021,274,0.004083,0.011243
tcga2021,275,0.002346,0.004999
tcga2021,276,0.002417,0.005021
tcga2021,277,0.004501,0.007944
tcga2021,278,0.002421,0.006087
tcga2021,279,0.014717,0.060933
tcga2021,280,0.005283,0.015967
tcga2021,281,0.003870,0.009779
tcga2021,282,0.003595,0.009107
tcga2021,283,0.002694,0.005355
tcga2021,284,0.004307,0.011907
tcga2021,285,0.002529,0.003003
tcga2021,286,0.003633,0.006824
tcga2021,287,0.002466,0.003371
tcga2021,288,0.006368,0.015758
tcga2021,289,0.002990,0.008425
tcga2021,290,0.005955,0.016071
tcga2021,291,0.054466,0.036646
tcga2021,292,0.006153,0.027472
tcga2021,293,0.003743,0.007723
tcga2021,294,0.002400,0.004871
tcga2021,295,0.001768,0.002376
tcga2021,296,0.007332,0.009410
tcga2021,297,0.005750,0.014118
tcga2021,298,0.004400,0.013501
tcga2021,299,0.002531,0.004058
tcga2021,300,0.003060,0.007595
tcga2021,301,0.004652,0.014192
tcga2021,302,0.012783,0.012955
tcga2021,303,0.008812,0.021089
tcga2021,304,0.004423,0.007406
tcga2021,305,0.019144,0.030658
tcga2021,306,0.005336,0.009688
tcga2021,307,0.001671,0.002922
tcga2021,308,0.003260,0.007020
tcga2021,309,0.006027,0.023129
tcga2021,310,0.004717,0.010197
tcga2021,311,0.120766,0.138732
tcga2021,312,0.002904,0.004587
tcga2021,313,0.006503,0.030729
tcga2021,314,0.004807,0.012701
tcga2021,315,0.010082,0.026451
tcga2021,316,0.003635,0.023001
tcga2021,317,0.020097,0.023338
tcga2021,318,0.005492,0.015577
tcga2021,319,0.123177,0.113606
tcga2021,320,0.002429,0.006446
tcga2021,321,0.004936,0.012437
tcga2021,322,0.002905,0.006940
tcga2021,323,0.003571,0.009540
tcga2021,324,0.004704,0.018343
tcga2021,325,0.005044,0.013530
tcga2021,326,0.003018,0.007385
tcga2021,327,0.006430,0.023210
tcga2021,328,0.006257,0.015457
tcga2021,329,0.005717,0.017772
tcga2021,330,0.003628,0.005475
tcga2021,331,0.006743,0.019730
tcga2021,332,0.003491,0.007141
tcga2021,333,0.006081,0.018402
tcga2021,334,0.003381,0.006752
tcga2021,335,0.009196,0.046579
tcga2021,336,0.004973,0.014414
tcga2021,337,0.006056,0.012547
tcga2021,338,0.006705,0.016892
tcga2021,339,0.005185,0.011381
tcga2021,340,0.060399,0.018144
tcga2021,341,0.005648,0.017314
tcga2021,342,0.004009,0.008545
tcga2021,343,0.008330,0.023711
tcga2021,344,0.014542,0.043409
tcga2021,345,0.004449,0.010541
tcga2021,346,0.056999,0.029295
tcga2021,347,0.007244,0.014506
tcga2021,348,0.003119,0.003617
tcga2021,349,0.251122,0.255093
tcga2021,350,0.005160,0.042266
tcga2021,351,0.002923,0.004173
tcga2021,352,0.007356,0.145095
tcga2021,353,0.008722,0.027660
tcga2021,354,0.004890,0.009242
tcga2021,355,0.010126,0.035474
tcga2021,356,0.003558,0.007459
tcga2021,357,0.006657,0.036349
tcga2021,358,0.006017,0.010460
tcga2021,359,0.015340,0.039590
tcga2021,360,0.020379,0.171760
tcga2021,361,0.008991,0.043203
tcga2021,362,1.008338,1.349468
tcga2021,363,0.030631,0.065589
tcga2021,364,0.009036,0.059753
tcga2021,365,0.006722,0.017058
tcga2021,366,0.010649,0.022657
tcga2021,367,0.006192,0.032073
tcga2021,368,0.011445,0.030084
tcga2021,369,0.089658,0.020207
tcga2021,370,0.019209,0.041723
tcga2021,371,0.011926,0.018003
tcga2021,372,0.010703,0.021498
tcga2021,373,0.009293,0.079118
tcga2021,374,0.004562,0.012118
tcga2021,375,0.002485,0.004367
tcga2021,376,0.010404,0.029796
tcga2021,377,0.047160,0.841207
tcga2021,378,0.008150,0.101366
tcga2021,379,0.022027,0.017794
tcga2021,380,0.208087,0.477309
tcga2021,381,0.009959,0.123510
tcga2021,382,0.027341,0.021450
tcga2021,383,0.428446,14.012593
tcga2021,384,0.006546,0.016886
tcga2021,385,0.316407,0.767029
tcga2021,386,0.007875,0.039972
tcga2021,387,0.065614,0.758820
tcga2021,388,0.005581,0.011911
tcga2021,389,0.005761,0.010475
tcga2021,390,0.104027,0.105222
tcga2021,391,0.004696,0.010991
tcga2021,392,0.014222,0.027103
tcga2021,393,1.168526,0.857907
tcga2021,394,0.077485,0.053823
tcga2021,395,0.038265,0.049666
tcga2021,396,0.046536,0.131593
tcga2021,397,0.097195,0.071437
tcga2021,398,0.002441,0.004122
tcga2021,399,0.008210,0.019366
tcga2021,400,0.010983,0.023224
tcga2021,401,0.009354,0.064073
tcga2021,402,0.020398,0.063817
tcga2021,403,0.008100,0.026152
tcga2021,404,0.007263,0.027307
tcga2021,405,0.048237,0.034708
tcga2021,406,0.010835,0.030752
tcga2021,407,0.318109,0.312034
tcga2021,408,0.086979,0.026289
tcga2021,409,0.010692,0.021849
tcga2021,410,0.025752,0.022099
tcga2021,411,0.006739,0.014845
tcga2021,412,0.007298,0.023028
tcga2021,413,0.525777,0.334669
tcga2021,414,0.027191,0.028069
tcga2021,415,0.022212,0.038868
tcga2021,416,0.008862,0.019849
tcga2021,417,0.011814,0.011836
tcga2021,418,0.220604,0.870536
tcga2021,419,0.010867,0.090094
tcga2021,420,0.023945,0.078309
tcga2021,421,0.020677,0.045756
tcga2021,422,0.005491,0.011015
tcga2021,423,0.015156,0.026886
tcga2021,424,0.028099,0.052584
tcga2021,425,0.142384,0.431878
tcga2021,426,0.071497,0.168011
tcga2021,427,0.098873,0.066448
tcga2021,428,0.012204,0.048072
tcga2021,429,0.014691,0.227490
tcga2021,430,0.002188,0.002967
tcga2021,431,0.009330,0.020464
tcga2021,432,1.358351,0.923489
tcga2021,433,0.041791,0.159129
tcga2021,434,0.127103,0.425669
tcga2021,435,0.114797,0.172075
tcga2021,436,1.168402,0.853785
tcga2021,437,0.013409,0.111672
tcga2021,438,0.086735,0.038191
tcga2021,439,0.136408,0.071964
tcga2021,440,0.041242,0.058900
tcga2021,441,0.006428,0.019837
tcga2021,442,0.656045,6.137712
tcga2021,443,1.052387,1.355828
tcga2021,444,0.007797,0.016599
tcga2021,445,0.231343,0.629787
tcga2021,446,0.090577,0.178971
tcga2021,447,0.027234,0.083740
tcga2021,448,0.010334,0.019088
tcga2021,449,0.018763,0.021116
tcga2021,450,0.032061,0.192704
tcga2021,451,0.019914,4.341049
tcga2021,452,0.392236,0.581723
tcga2021,453,0.008616,0.091910
tcga2021,454,0.007242,0.009806
tcga2021,455,0.007888,0.030469
tcga2021,456,0.117917,0.196989
tcga2021,457,0.016013,0.055464
tcga2021,458,0.004241,0.010832
tcga2021,459,0.003811,0.009419
tcga2021,460,3.349428,0.834998
tcga2021,461,0.028477,0.107957
tcga2021,462,0.109845,0.431472
tcga2021,463,0.029221,0.118035
tcga2021,464,0.127624,0.160506
tcga2021,465,0.011049,0.049259
tcga2021,466,0.018706,0.024360
tcga2021,467,0.073072,0.021036
tcga2021,468,0.126663,0.164851
tcga2021,469,0.021346,0.094881
tcga2021,470,0.022767,0.033137
tcga2021,471,1.160956,3.548963
tcga2021,472,0.031722,0.018375
tcga2021,473,1.299269,11.953183
tcga2021,474,0.156947,0.193090
tcga2021,475,0.006691,0.026973
tcga2021,476,0.004708,0.029851
tcga2021,477,0.469929,0.523612
tcga2021,478,0.092572,0.036278
tcga2021,479,0.071238,0.038584
tcga2021,480,0.006077,0.021853
tcga2021,481,0.005364,0.013174
tcga2021,482,0.066996,0.696798
tcga2021,483,0.018975,0.045680
tcga2021,484,0.018977,0.030819
tcga2021,485,0.010076,0.019812
tcga2021,486,0.048066,0.250739
tcga2021,487,0.007509,0.025578
tcga2021,488,0.886975,0.482367
tcga2021,489,0.011441,0.039870
tcga2021,490,2.514830,2.317797
tcga2021,491,0.016537,0.027950
tcga2021,492,0.006419,0.019562
tcga2021,493,0.054641,0.052319
tcga2021,494,0.012541,0.028667
tcga2021,495,0.006821,0.019960
tcga2021,496,0.020107,0.043228
tcga2021,497,0.361661,0.207770
tcga2021,498,0.007744,0.036370
tcga2021,499,0.053482,0.112116
tcga2021,500,0.019977,0.155061
tcga2021,501,0.011969,0.116538
tcga2021,502,0.092237,0.030119
tcga2021,503,0.005034,0.011678
tcga2021,504,0.006631,0.025055
tcga2021,505,0.007600,0.035326
tcga2021,506,0.085792,0.057897
tcga2021,507,0.147241,0.100614
tcga2021,508,0.007424,100.727588
tcga2021,509,0.347813,0.633552
tcga2021,510,0.009384,0.039427
tcga2021,511,0.027400,0.055961
tcga2021,512,2.500147,8.720867
tcga2021,513,0.009166,0.054840
tcga2021,514,0.486602,0.530937
tcga2021,515,0.008711,0.018907
tcga2021,516,0.080065,0.087853
tcga2021,517,0.015228,0.039311
tcga2021,518,0.073268,0.088316
tcga2021,519,0.056661,0.201850
tcga2021,520,0.009940,0.040050
tcga2021,521,0.049457,0.363240
tcga2021,522,0.008870,0.025817
tcga2021,523,0.013212,0.043013
tcga2021,524,0.009598,0.025295
tcga2021,525,0.009458,0.235057
tcga2021,526,0.017668,0.188273
tcga2021,527,0.013714,0.060572
tcga2021,528,0.075149,0.106574
tcga2021,529,0.008596,0.028704
tcga2021,530,0.015148,0.022639
tcga2021,531,0.635778,0.484783
tcga2021,532,0.164504,0.846335
tcga2021,533,0.044555,0.205700
tcga2021,534,1.372626,0.491485
tcga2021,535,0.137122,0.178572
tcga2021,536,0.019325,0.026976
tcga2021,537,0.011090,0.050628
tcga2021,538,0.006254,0.037518
tcga2021,539,2.547910,0.979692
tcga2021,540,0.123965,0.104061
tcga2021,541,0.112835,0.173846
tcga2021,542,0.005846,0.017674
tcga2021,543,0.173001,13.170723
tcga2021,544,0.145200,0.142671
tcga2021,545,0.021588,0.030161
tcga2021,546,0.012929,0.073047
tcga2021,547,0.021373,0.092966
tcga2021,548,0.008847,0.042865
tcga2021,549,0.007830,0.033182
tcga2021,550,0.010793,0.072035
tcga2021,551,0.012334,0.054430
tcga2021,552,5.323409,253.590505
tcga2021,553,0.093860,0.097855
tcga2021,554,0.122117,0.023709
tcga2021,555,0.033925,0.686181
tcga2021,556,0.010160,0.031827
tcga2021,557,0.075830,0.048342
tcga2021,558,0.066880,0.176636
tcga2021,559,1.225410,23.732437
tcga2021,560,0.008177,0.024756
tcga2021,561,1.126817,1.720575
tcga2021,562,0.010988,0.022720
tcga2021,563,0.072868,0.045712
tcga2021,564,0.059131,0.035600
tcga2021,565,0.885306,0.594456
tcga2021,566,0.010654,0.024805
tcga2021,567,0.021790,0.090056
tcga2021,568,0.021711,0.541054
tcga2021,569,4.155374,5.165665
tcga2021,570,0.009055,0.123995
tcga2021,571,0.010402,0.020379
tcga2021,572,0.035661,0.030709
tcga2021,573,0.015803,0.026685
tcga2021,574,0.169861,0.214966
tcga2021,575,3.338689,0.798991
tcga2021,576,0.123642,0.156195
tcga2021,577,0.026661,0.018969
tcga2021,578,5.943136,2.585513
tcga2021,579,0.012960,0.060855
tcga2021,580,1.775573,1.420770
tcga2021,581,0.017313,0.057787
tcga2021,582,0.379416,0.326212
tcga2021,583,0.028035,0.046633
tcga2021,584,0.007853,0.034408
tcga2021,585,0.287938,0.409942
tcga2021,586,0.284382,0.451433
tcga2021,587,1.205900,0.534907
tcga2021,588,0.008601,0.082933
tcga2021,589,1.283325,1.386067
tcga2021,590,0.006870,0.022707
tcga2021,591,0.128903,0.121921
tcga2021,592,0.017067,0.019130
tcga2021,593,0.013687,0.045279
tcga2021,594,0.255886,0.079581
tcga2021,595,10.833382,1.332738
tcga2021,596,3.170529,1.143768
tcga2021,597,0.095171,0.095390
tcga2021,598,0.091059,0.401076
tcga2021,599,0.009721,0.036428
tcga2021,600,0.470351,0.973286
tcga2021,601,0.067928,0.040955
tcga2021,602,0.005642,0.015411
tcga2021,603,0.007686,0.134611
tcga2021,604,0.613477,2.202553
tcga2021,605,0.013600,0.043313
tcga2021,606,0.062737,0.801681
tcga2021,607,1.045134,0.868656
tcga2021,608,0.444763,11.305047
tcga2021,609,0.358751,0.518002
tcga2021,610,0.294781,0.559193
tcga2021,611,5.314439,9.492691
tcga2021,612,0.033993,1.767865
tcga2021,613,0.617682,0.477585
tcga2021,614,0.526101,5.266711
tcga2021,615,0.010060,0.027852
tcga2021,616,0.005903,0.032871
tcga2021,617,0.015508,0.058510
tcga2021,618,0.014633,0.030683
tcga2021,619,1.577319,4.423827
tcga2021,620,0.017373,0.299583
tcga2021,621,0.006779,0.174841
tcga2021,622,0.010508,0.030117
tcga2021,623,2.551847,0.668539
tcga2021,624,0.017093,0.027204
tcga2021,625,0.012228,0.022533
tcga2021,626,0.196226,0.289474
tcga2021,627,0.017956,0.032486
tcga2021,628,0.085704,0.043078
tcga2021,629,0.143936,0.258029
tcga2021,630,0.022441,0.234023
tcga2021,631,0.494412,0.270844
tcga2021,632,0.120032,0.156226
tcga2021,633,0.109993,0.152227
tcga2021,634,0.283826,0.240856
tcga2021,635,0.753000,6.034834
tcga2021,636,0.008469,0.043191
tcga2021,637,0.051733,0.025909
tcga2021,638,0.379147,0.687339
tcga2021,639,0.095836,0.028821
tcga2021,640,0.074292,0.413441
tcga2021,641,0.220509,0.289299
tcga2021,642,0.008175,0.123961
tcga2021,643,0.033538,0.028080
tcga2021,644,0.075370,0.257270
tcga2021,645,0.058204,0.235150
tcga2021,646,0.150653,0.301872
tcga2021,647,0.008974,0.029182
tcga2021,648,0.015477,0.029070
tcga2021,649,0.073364,0.029112
tcga2021,650,0.007981,0.028404
tcga2021,651,0.005212,0.025805
tcga2021,652,0.025359,0.667561
tcga2021,653,0.005960,0.017298
tcga2021,654,0.466368,0.324759
tcga2021,655,0.100808,0.093759
tcga2021,656,0.058203,0.778947
tcga2021,657,0.024438,0.045940
tcga2021,658,0.147151,5.633479
tcga2021,659,0.104288,0.105271
tcga2021,660,0.012681,0.045402
tcga2021,661,0.005506,0.012370
tcga2021,662,0.011732,0.044878
tcga2021,663,0.043839,0.023789
tcga2021,664,0.025122,0.023037
tcga2021,665,0.058271,0.056406
tcga2021,666,0.010232,0.019155
tcga2021,667,0.087583,0.049487
tcga2021,668,3.959124,20.133158
tcga2021,669,0.025894,0.059905
tcga2021,670,3.282314,0.802747
tcga2021,671,1.150470,3.472575
tcga2021,672,0.113356,0.085509
tcga2021,673,0.072274,0.072083
tcga2021,674,0.170398,0.318504
tcga2021,675,0.057663,0.025495
tcga2021,676,0.014606,0.050984
tcga2021,677,0.012409,1.303862
tcga2021,678,0.114253,0.034801
tcga2021,679,0.011959,0.050675
tcga2021,680,0.020733,0.018240
tcga2021,681,0.147604,0.253886
tcga2021,682,0.185103,1.612567
tcga2021,683,0.139882,0.160128
tcga2021,684,0.010098,0.017500
tcga2021,685,0.035892,0.023316
tcga2021,686,0.024175,0.027850
tcga2021,687,0.006097,0.161913
tcga2021,688,0.529223,0.291724
tcga2021,689,0.060212,0.022566
tcga2021,690,0.070882,0.210733
tcga2021,691,0.351530,0.210606
tcga2021,692,0.098930,0.145322
tcga2021,693,0.087457,0.026273
tcga2021,694,0.032656,0.692864
tcga2021,695,0.270098,4.835768
tcga2021,696,0.025252,2.001057
tcga2021,697,0.072930,0.023594
tcga2021,698,0.088657,0.037766
tcga2021,699,0.017599,0.813691
tcga2021,700,0.013140,0.015308
tcga2021,701,0.038971,1.304568
tcga2021,702,0.081372,0.028794
tcga2021,703,0.014259,0.034999
tcga2021,704,0.022697,0.118147
tcga2021,705,1.852693,94.388062
tcga2021,706,0.117271,0.136339
tcga2021,707,0.027324,0.030225
tcga2021,708,0.013992,0.012384
tcga2021,709,0.032750,0.029846
tcga2021,710,0.014945,0.069310
tcga2021,711,0.722520,0.250032
tcga2021,712,0.008425,0.114012
tcga2021,713,0.304460,0.775530
tcga2021,714,0.051450,0.023234
tcga2021,715,0.642009,0.903284
tcga2021,716,0.013590,0.023476
tcga2021,717,0.025402,0.060414
tcga2021,718,0.005994,0.030131
tcga2021,719,0.008075,0.026814
tcga2021,720,0.067148,0.041607
tcga2021,721,0.012281,0.030602
tcga2021,722,0.013802,4.458692
tcga2021,723,0.076204,0.044778
tcga2021,724,0.224744,72.352310
tcga2021,725,0.049380,0.064867
tcga2021,726,0.009160,0.020665
tcga2021,727,0.099086,0.075281
tcga2021,728,0.022657,0.029560
tcga2021,729,0.014386,0.079927
tcga2021,730,0.022794,2.999629
tcga2021,731,0.033088,0.042437
tcga2021,732,0.053522,0.032701
tcga2021,733,0.190904,0.462495
tcga2021,734,0.008262,0.025870
tcga2021,735,0.092289,0.047336
tcga2021,736,0.131933,0.087429
tcga2021,737,0.131621,0.144093
tcga2021,738,0.007606,0.037040
tcga2021,739,0.071888,0.069660
tcga2021,740,0.009483,0.061503
tcga2021,741,0.106108,0.134198
tcga2021,742,0.006596,0.019500
tcga2021,743,0.042131,0.053371
tcga2021,744,0.107715,0.036278
tcga2021,745,0.029888,0.066975
tcga2021,746,0.013204,0.023064
tcga2021,747,0.038085,0.183899
tcga2021,748,0.223962,0.580923
tcga2021,749,0.023326,0.090599
tcga2021,750,0.017367,0.037781
tcga2021,751,0.006026,0.035848
tcga2021,752,0.250336,0.809157
tcga2021,753,0.011289,0.112426
tcga2021,754,0.008609,0.028356
tcga2021,755,0.083581,0.298607
tcga2021,756,1.790783,154.523276
tcga2021,757,0.069335,0.044997
tcga2021,758,0.012600,0.026857
tcga2021,759,0.010386,0.237769
tcga2021,760,0.027841,0.033062
tcga2021,761,0.094567,0.024408
tcga2021,762,0.007387,0.035809
tcga2021,763,0.050056,0.101041
tcga2021,764,0.078273,0.024949
tcga2021,765,0.013965,0.026497
tcga2021,766,0.029259,0.646791
tcga2021,767,0.008278,0.036939
tcga2021,768,0.242999,1.557454
tcga2021,769,0.009708,0.217670
tcga2021,770,0.218853,0.109795
tcga2021,771,0.013882,0.091518
tcga2021,772,0.011833,0.027021
tcga2021,773,0.055649,0.025978
tcga2021,774,0.038231,0.543836
tcga2021,775,0.006636,0.096220
tcga2021,776,0.016497,0.031204
tcga2021,777,0.016981,0.088638
tcga2021,778,0.033275,0.210097
tcga2021,779,0.010089,2.056150
tcga2021,780,0.030350,2.041844
tcga2021,781,0.052237,1.740303
tcga2021,782,0.040405,0.072798
tcga2021,783,0.009102,0.038681
tcga2021,784,0.064570,0.109128
tcga2021,785,0.159373,0.265928
tcga2021,786,0.016472,0.041510
tcga2021,787,0.016590,0.089776
tcga2021,788,0.058304,0.049796
tcga2021,789,0.133325,0.653671
tcga2021,790,0.020372,0.022889
tcga2021,791,0.013877,0.027781
tcga2021,792,0.319055,0.752108
tcga2021,793,0.023020,0.023698
tcga2021,794,0.006182,0.031643
tcga2021,795,0.122613,0.182782
tcga2021,796,0.055840,0.030828
tcga2021,797,0.170113,0.499048
tcga2021,798,0.008880,0.069692
tcga2021,799,0.012812,0.028157
tcga2021,800,0.024192,0.023578
tcga2021,801,0.060565,0.053726
tcga2021,802,0.008911,0.029524
tcga2021,803,0.252235,1.813317
tcga2021,804,0.841141,0.361977
tcga2021,805,0.036061,0.028582
tcga2021,806,0.147105,0.084059
tcga2021,807,0.274295,1.468592
tcga2021,808,0.014357,0.030169
tcga2021,809,0.194223,0.154577
tcga2021,810,0.007799,0.045037
tcga2021,811,0.012980,0.527325
tcga2021,812,0.323224,0.246256
tcga2021,813,0.011701,0.021133
tcga2021,814,0.008049,0.026650
tcga2021,815,0.018276,0.305389
tcga2021,816,0.007921,0.090729
tcga2021,817,0.006771,0.032261
tcga2021,818,0.015606,2.790422
tcga2021,819,0.110406,1.013449
tcga2021,820,0.011355,0.024222
tcga2021,821,0.012523,0.026601
tcga2021,822,0.012399,0.523694
tcga2021,823,0.023487,0.020969
tcga2021,824,0.124651,0.086557
tcga2021,825,0.016179,0.044129
tcga2021,826,0.051241,0.366471
tcga2021,827,0.071702,0.034317
tcga2021,828,0.015520,0.019533
tcga2021,829,0.161497,75.081920
tcga2021,830,0.010204,0.025295
tcga2021,831,0.004820,0.025177
tcga2021,832,0.008690,204.770896
tcga2021,833,0.006765,0.029726
tcga2021,834,1.741399,0.562123
tcga2021,835,2.406657,0.424271
tcga2021,836,0.015869,0.615066
tcga2021,837,0.009078,0.025206
tcga2021,838,0.018665,0.019844
tcga2021,839,0.008952,0.018089
tcga2021,840,0.009634,0.034444
tcga2021,841,0.069607,0.026583
tcga2021,842,0.043352,0.021701
tcga2021,843,0.012168,0.019726
tcga2021,844,0.334031,2.076194
tcga2021,845,0.157192,0.124447
tcga2021,846,0.009165,0.248171
tcga2021,847,0.120000,0.107230
tcga2021,848,0.022523,0.045560
tcga2021,849,0.007847,0.032594
tcga2021,850,0.011340,0.040442
tcga2021,851,0.054868,0.018545
tcga2021,852,0.008197,0.020294
tcga2021,853,0.010956,0.021126
tcga2021,854,0.010790,0.034057
tcga2021,855,0.010150,0.630126
tcga2021,856,0.022958,0.045747
tcga2021,857,0.009587,0.018701
tcga2021,858,0.007509,0.115972
tcga2021,859,0.008307,0.037651
tcga2021,860,0.007644,0.020354
tcga2021,861,0.037162,0.025315
tcga2021,862,0.007456,0.455996
tcga2021,863,0.006072,0.026791
tcga2021,864,0.007901,0.020501
tcga2021,865,0.008232,0.018000
tcga2021,866,0.070828,0.065150
tcga2021,867,0.073327,0.075814
tcga2021,868,0.007520,0.022288
tcga2021,869,0.063272,0.022496
tcga2021,870,0.014167,1.442965
tcga2021,871,0.050436,0.570376
tcga2021,872,0.006558,0.029532
tcga2021,873,0.007723,0.020140
tcga2021,874,0.008385,0.022929
tcga2021,875,0.005816,0.022907
tcga2021,876,0.007734,0.055810
tcga2021,877,0.006917,0.020461
tcga2021,878,0.005601,0.034790
tcga2021,879,0.029633,0.067242
tcga2021,880,0.007378,0.056553
tcga2021,881,0.008490,0.027054
tcga2021,882,0.087062,0.101621
tcga2021,883,0.047686,0.021324
tcga2021,884,0.193954,0.380857
tcga2021,885,0.066531,0.052097
tcga2021,886,0.007290,0.032431
tcga2021,887,0.006984,0.051133
tcga2021,888,0.016611,0.019625
tcga2021,889,0.019233,0.220290
tcga2021,890,0.407234,1.124030
tcga2021,891,0.009990,0.026744
tcga2021,892,0.009048,0.109271
tcga2021,893,0.007662,0.053784
tcga2021,894,0.037583,0.903040
tcga2021,895,0.026831,0.178544
tcga2021,896,0.058461,0.029463
tcga2021,897,0.008996,0.022871
tcga2021,898,0.066938,0.022669
tcga2021,899,0.077029,0.037120
tcga2021,900,0.009246,0.021885
tcga2021,901,0.068547,0.028211
tcga2021,902,0.007415,0.019332
tcga2021,903,0.019219,0.021165
tcga2021,904,0.008251,0.022317
tcga2021,905,0.016950,0.082820
tcga2021,906,0.011107,0.233325
tcga2021,907,0.084558,0.056790
tcga2021,908,0.015057,0.108655
tcga2021,909,0.136614,1.917780
tcga2021,910,0.009181,0.022969
tcga2021,911,0.011193,0.023829
tcga2021,912,0.012002,0.025523
tcga2021,913,0.013856,0.050409
tcga2021,914,0.053063,0.058272
tcga2021,915,0.023444,1.196098
tcga2021,916,0.053324,0.102835
tcga2021,917,0.005421,0.027422
tcga2021,918,0.008055,0.024549
tcga2021,919,0.069946,0.026641
tcga2021,920,0.029666,0.056091
tcga2021,921,0.187213,0.853095
tcga2021,922,0.034957,0.041942
tcga2021,923,0.005625,0.029889
tcga2021,924,0.060198,0.027387
tcga2021,925,0.013895,0.042023
tcga2021,926,0.011351,4.686533
tcga2021,927,0.117612,0.378813
tcga2021,928,0.011575,0.040345
tcga2021,929,0.004671,0.028430
tcga2021,930,0.015341,0.018268
tcga2021,931,0.007572,0.018138
tcga2021,932,0.005692,0.041245
tcga2021,933,0.007849,0.153724
tcga2021,934,0.010972,0.031996
tcga2021,935,0.069916,0.054785
tcga2021,936,0.115295,0.024982
tcga2021,937,0.326207,0.207770
tcga2021,938,0.008477,0.025808
tcga2021,939,0.059605,0.026172
tcga2021,940,0.011225,0.186273
tcga2021,941,0.006149,0.025320
tcga2021,942,0.072798,0.068125
tcga2021,943,0.012434,0.031034
tcga2021,944,0.006793,0.037111
tcga2021,945,0.025426,0.022402
tcga2021,946,0.013902,0.137806
tcga2021,947,0.045639,0.038786
tcga2021,948,0.009547,0.293290
tcga2021,949,0.065183,2.115358
tcga2021,950,0.034730,0.501104
tcga2021,951,0.006994,0.031110
tcga2021,952,0.008443,0.029938
tcga2021,953,0.008740,0.034585
tcga2021,954,0.111865,0.093509
tcga2021,955,0.009556,0.029829
tcga2021,956,0.015697,0.062243
tcga2021,957,0.098481,0.071997
tcga2021,958,0.007509,0.018667
tcga2021,959,0.065085,0.028844
tcga2021,960,0.010097,0.069874
tcga2021,961,0.006816,0.021419
tcga2021,962,0.178758,70.593059
tcga2021,963,0.007408,0.021462
tcga2021,964,0.016158,0.070266
tcga2021,965,0.017495,0.028958
tcga2021,966,0.131071,0.278465
tcga2021,967,0.006917,0.026812
tcga2021,968,0.007035,0.019016
tcga2021,969,0.008213,0.075311
tcga2021,970,0.014766,0.026499
tcga2021,971,0.006207,0.027938
tcga2021,972,0.007989,0.029220
tcga2021,973,0.015935,0.034113
tcga2021,974,0.010922,0.021850
tcga2021,975,0.052117,0.048228
tcga2021,976,0.036300,0.084582
tcga2021,977,0.010055,0.026944
tcga2021,978,0.015433,0.190528
tcga2021,979,0.006695,0.033315
tcga2021,980,0.191671,49.798895
tcga2021,981,0.008832,0.028354
tcga2021,982,0.010313,0.060813
tcga2021,983,0.015898,0.081445
tcga2021,984,0.080384,0.045504
tcga2021,985,0.009022,0.032596
tcga2021,986,0.034321,0.076636
tcga2021,987,0.014365,0.019715
tcga2021,988,0.008407,0.032785
tcga2021,989,0.008852,0.021661
tcga2021,990,0.034494,0.022114
tcga2021,991,0.043078,0.038839
tcga2021,992,0.028831,0.096145
tcga2021,993,0.061954,0.128685
tcga2021,994,0.012587,0.023788
tcga2021,995,0.017116,0.022558
tcga2021,996,0.192740,1.489349
tcga2021,997,0.007816,0.033388
tcga2021,998,0.011252,0.022747
tcga2021,999,0.017918,0.027019
tcga2021,1000,0.008187,0.033054
tcga2022,1,0.005193,0.000607
tcga2022,2,0.003708,0.000648
tcga2022,3,0.001739,0.001223
tcga2022,4,0.001360,0.000735
tcga2022,5,0.001443,0.001725
tcga2022,6,0.001552,0.001466
tcga2022,7,0.001549,0.001241
tcga2022,8,0.001412,0.000780
tcga2022,9,0.001533,0.003397
tcga2022,10,0.001501,0.000733
tcga2022,11,0.001542,0.002598
tcga2022,12,0.001256,0.000355
tcga2022,13,0.001276,0.000346
tcga2022,14,0.001334,0.000969
tcga2022,15,0.001801,0.001578
tcga2022,16,0.001495,0.001428
tcga2022,17,0.001214,0.000308
tcga2022,18,0.001573,0.001368
tcga2022,19,0.001321,0.000555
tcga2022,20,0.001242,0.000414
tcga2022,21,0.001527,0.000520
tcga2022,22,0.001305,0.000694
tcga2022,23,0.001780,0.001435
tcga2022,24,0.001644,0.002276
tcga2022,25,0.001687,0.000499
tcga2022,26,0.002208,0.004491
tcga2022,27,0.001714,0.002807
tcga2022,28,0.001283,0.000344
tcga2022,29,0.001399,0.003399
tcga2022,30,0.001564,0.000883
tcga2022,31,0.001570,0.001487
tcga2022,32,0.001579,0.001736
tcga2022,33,0.001461,0.000687
tcga2022,34,0.001643,0.002794
tcga2022,35,0.001295,0.000428
tcga2022,36,0.002454,0.001677
tcga2022,37,0.001371,0.000742
tcga2022,38,0.001776,0.000921
tcga2022,39,0.001646,0.002030
tcga2022,40,0.001647,0.001315
tcga2022,41,0.002307,0.003676
tcga2022,42,0.002033,0.002908
tcga2022,43,0.002078,0.002153
tcga2022,44,0.001571,0.001077
tcga2022,45,0.001384,0.001365
tcga2022,46,0.001738,0.001863
tcga2022,47,0.001520,0.001956
tcga2022,48,0.001357,0.000550
tcga2022,49,0.001694,0.001587
tcga2022,50,0.001619,0.001145
tcga2022,51,0.001731,0.000917
tcga2022,52,0.001562,0.000875
tcga2022,53,0.001553,0.000780
tcga2022,54,0.001394,0.002912
tcga2022,55,0.001714,0.001339
tcga2022,56,0.002020,0.002381
tcga2022,57,0.001583,0.001782
tcga2022,58,0.002318,0.002689
tcga2022,59,0.001347,0.001137
tcga2022,60,0.001252,0.000503
tcga2022,61,0.001829,0.002984
tcga2022,62,0.001606,0.002067
tcga2022,63,0.001454,0.000649
tcga2022,64,0.001905,0.004302
tcga2022,65,0.002425,0.003755
tcga2022,66,0.001555,0.001247
tcga2022,67,0.001395,0.001264
tcga2022,68,0.001459,0.002718
tcga2022,69,0.002517,0.004563
tcga2022,70,0.001609,0.001374
tcga2022,71,0.001824,0.002638
tcga2022,72,0.001662,0.001742
tcga2022,73,0.001283,0.000411
tcga2022,74,0.002594,0.002094
tcga2022,75,0.002556,0.002043
tcga2022,76,0.002046,0.002578
tcga2022,77,0.002542,0.004819
tcga2022,78,0.002549,0.007970
tcga2022,79,0.002035,0.003351
tcga2022,80,0.001726,0.002084
tcga2022,81,0.001756,0.001090
tcga2022,82,0.001601,0.001427
tcga2022,83,0.002464,0.002942
tcga2022,84,0.001740,0.002414
tcga2022,85,0.001834,0.003368
tcga2022,86,0.002231,0.005201
tcga2022,87,0.002080,0.003753
tcga2022,88,0.001643,0.001725
tcga2022,89,0.002569,0.003454
tcga2022,90,0.001856,0.001441
tcga2022,91,0.001303,0.000755
tcga2022,92,0.001606,0.002111
tcga2022,93,0.002071,0.004860
tcga2022,94,0.001985,0.002233
tcga2022,95,0.002113,0.003109
tcga2022,96,0.001624,0.002111
tcga2022,97,0.001940,0.002651
tcga2022,98,0.002019,0.002057
tcga2022,99,0.003420,0.006639
tcga2022,100,0.001740,0.001470
tcga2022,101,0.001477,0.002386
tcga2022,102,0.002008,0.004040
tcga2022,103,0.001961,0.000944
tcga2022,104,0.002098,0.002614
tcga2022,105,0.001717,0.001094
tcga2022,106,0.002391,0.002456
tcga2022,107,0.002147,0.001942
tcga2022,108,0.001561,0.002846
tcga2022,109,0.002489,0.003546
tcga2022,110,0.001887,0.001517
tcga2022,111,0.001786,0.001358
tcga2022,112,0.001572,0.005461
tcga2022,113,0.002156,0.002446
tcga2022,114,0.001482,0.001197
tcga2022,115,0.001397,0.001555
tcga2022,116,0.001626,0.001032
tcga2022,117,0.001652,0.002686
tcga2022,118,0.001793,0.004925
tcga2022,119,0.002181,0.003393
tcga2022,120,0.003590,0.005599
tcga2022,121,0.002289,0.001294
tcga2022,122,0.003564,0.004670
tcga2022,123,0.002243,0.003426
tcga2022,124,0.003538,0.004540
tcga2022,125,0.002199,0.003349
tcga2022,126,0.001855,0.001115
tcga2022,127,0.002247,0.003293
tcga2022,128,0.004029,0.008753
tcga2022,129,0.001932,0.003367
tcga2022,130,0.003135,0.005968
tcga2022,131,0.002126,0.001961
tcga2022,132,0.003496,0.004710
tcga2022,133,0.002823,0.004182
tcga2022,134,0.001808,0.001284
tcga2022,135,0.002306,0.005816
tcga2022,136,0.003717,0.006840
tcga2022,137,0.001784,0.001352
tcga2022,138,0.002799,0.004872
tcga2022,139,0.001920,0.003564
tcga2022,140,0.003035,0.007105
tcga2022,141,0.002477,0.006363
tcga2022,142,0.002396,0.002669
tcga2022,143,0.002575,0.005199
tcga2022,144,0.002346,0.002816
tcga2022,145,0.001630,0.001091
tcga2022,146,0.001768,0.001720
tcga2022,147,0.002250,0.003711
tcga2022,148,0.003430,0.005192
tcga2022,149,0.002754,0.005393
tcga2022,150,0.001799,0.002947
tcga2022,151,0.003261,0.008192
tcga2022,152,0.002837,0.005215
tcga2022,153,0.002261,0.005498
tcga2022,154,0.009697,0.020281
tcga2022,155,0.002026,0.004266
tcga2022,156,0.002127,0.003543
tcga2022,157,0.002704,0.005247
tcga2022,158,0.002710,0.003811
tcga2022,159,0.002607,0.003736
tcga2022,160,0.002520,0.005205
tcga2022,161,0.001948,0.002014
tcga2022,162,0.002777,0.004937
tcga2022,163,0.003480,0.007631
tcga2022,164,0.001527,0.002563
tcga2022,165,0.001599,0.001223
tcga2022,166,0.003603,0.008199
tcga2022,167,0.002685,0.006611
tcga2022,168,0.001554,0.002736
tcga2022,169,0.002369,0.003149
tcga2022,170,0.005536,0.016307
tcga2022,171,0.002519,0.006129
tcga2022,172,0.002709,0.006005
tcga2022,173,0.001959,0.004684
tcga2022,174,0.003026,0.005110
tcga2022,175,0.001784,0.004083
tcga2022,176,0.001958,0.004689
tcga2022,177,0.007036,0.020924
tcga2022,178,0.002745,0.004786
tcga2022,179,0.001946,0.003954
tcga2022,180,0.004218,0.008671
tcga2022,181,0.002702,0.003002
tcga2022,182,0.002509,0.005252
tcga2022,183,0.003235,0.004415
tcga2022,184,0.002019,0.003711
tcga2022,185,0.002272,0.005785
tcga2022,186,0.002580,0.002646
tcga2022,187,0.003329,0.010949
tcga2022,188,0.001867,0.004172
tcga2022,189,0.002542,0.005496
tcga2022,190,0.001617,0.004276
tcga2022,191,0.003969,0.008245
tcga2022,192,0.002238,0.003686
tcga2022,193,0.003540,0.007536
tcga2022,194,0.002662,0.005889
tcga2022,195,0.002035,0.003524
tcga2022,196,0.006267,0.016810
tcga2022,197,0.002566,0.005303
tcga2022,198,0.002801,0.005400
tcga2022,199,0.002851,0.006393
tcga2022,200,0.002838,0.006115
tcga2022,201,0.002504,0.003759
tcga2022,202,0.004574,0.018204
tcga2022,203,0.002176,0.004535
tcga2022,204,0.003540,0.007810
tcga2022,205,0.001921,0.002288
tcga2022,206,0.002308,0.002486
tcga2022,207,0.003609,0.007720
tcga2022,208,0.001863,0.002897
tcga2022,209,0.003509,0.010141
tcga2022,210,0.002095,0.002771
tcga2022,211,0.002603,0.005052
tcga2022,212,0.002144,0.004155
tcga2022,213,0.002075,0.003953
tcga2022,214,0.002965,0.007195
tcga2022,215,0.001954,0.003453
tcga2022,216,0.002725,0.004644
tcga2022,217,0.001662,0.003051
tcga2022,218,0.003330,0.006566
tcga2022,219,0.005103,0.009365
tcga2022,220,0.002497,0.005899
tcga2022,221,0.002705,0.004170
tcga2022,222,0.004475,0.008501
tcga2022,223,0.001978,0.004950
tcga2022,224,0.009398,0.026944
tcga2022,225,0.004024,0.009185
tcga2022,226,0.002421,0.005409
tcga2022,227,0.005113,0.015476
tcga2022,228,0.017162,0.105696
tcga2022,229,0.003663,0.008232
tcga2022,230,0.003372,0.008064
tcga2022,231,0.004709,0.011691
tcga2022,232,0.002737,0.007087
tcga2022,233,0.002334,0.004139
tcga2022,234,0.003041,0.004258
tcga2022,235,0.004418,0.010283
tcga2022,236,0.002292,0.004127
tcga2022,237,0.001768,0.001731
tcga2022,238,0.002719,0.008037
tcga2022,239,0.003101,0.006841
tcga2022,240,0.003367,0.007438
tcga2022,241,0.003388,0.007762
tcga2022,242,0.008151,0.017283
tcga2022,243,0.004917,0.010347
tcga2022,244,0.005642,0.010778
tcga2022,245,0.003121,0.007430
tcga2022,246,0.003833,0.010554
tcga2022,247,0.001787,0.003517
tcga2022,248,0.002411,0.004214
tcga2022,249,0.004865,0.008139
tcga2022,250,0.001610,0.003262
tcga2022,251,0.003318,0.007534
tcga2022,252,0.002316,0.001966
tcga2022,253,0.002131,0.002416
tcga2022,254,0.002847,0.006304
tcga2022,255,0.002375,0.004464
tcga2022,256,0.022712,0.030278
tcga2022,257,0.003160,0.007168
tcga2022,258,0.006453,0.009594
tcga2022,259,0.004476,0.006241
tcga2022,260,0.002201,0.004551
tcga2022,261,0.005587,0.015565
tcga2022,262,0.002117,0.003051
tcga2022,263,0.007981,0.045220
tcga2022,264,0.003070,0.006508
tcga2022,265,0.002047,0.003439
tcga2022,266,0.003228,0.008171
tcga2022,267,0.005120,0.013245
tcga2022,268,0.002615,0.005030
tcga2022,269,0.003900,0.008932
tcga2022,270,0.004309,0.018402
tcga2022,271,0.002629,0.006190
tcga2022,272,0.007467,0.032145
tcga2022,273,0.008959,0.234524
tcga2022,274,0.005107,0.011668
tcga2022,275,0.006135,0.027058
tcga2022,276,0.002987,0.007144
tcga2022,277,0.008833,0.018854
tcga2022,278,0.010530,0.027724
tcga2022,279,0.001870,0.002024
tcga2022,280,0.004688,0.011980
tcga2022,281,0.011667,0.033056
tcga2022,282,0.007772,0.027656
tcga2022,283,0.007626,0.018096
tcga2022,284,0.008623,0.016616
tcga2022,285,0.003887,0.008837
tcga2022,286,0.020982,0.067988
tcga2022,287,0.004966,0.014632
tcga2022,288,0.005516,0.018884
tcga2022,289,0.020056,0.087109
tcga2022,290,0.060306,0.059689
tcga2022,291,0.006594,0.013649
tcga2022,292,0.025083,0.082289
tcga2022,293,0.680521,0.216441
tcga2022,294,0.006459,0.012812
tcga2022,295,0.004523,0.020028
tcga2022,296,0.005511,0.012660
tcga2022,297,0.004317,0.012102
tcga2022,298,0.018319,0.022264
tcga2022,299,0.002597,0.006275
tcga2022,300,0.003387,0.003865
tcga2022,301,0.009121,0.015793
tcga2022,302,0.008168,0.009778
tcga2022,303,0.003792,0.009852
tcga2022,304,0.023067,0.062020
tcga2022,305,0.004271,0.008927
tcga2022,306,0.013203,0.020044
tcga2022,307,0.011176,0.019088
tcga2022,308,0.019510,0.069178
tcga2022,309,0.002652,0.002460
tcga2022,310,0.010508,0.021995
tcga2022,311,0.011311,0.031982
tcga2022,312,0.005815,0.202287
tcga2022,313,0.008442,0.026671
tcga2022,314,0.023964,0.034461
tcga2022,315,0.015288,0.091784
tcga2022,316,0.004922,0.010383
tcga2022,317,0.019764,0.079298
tcga2022,318,0.012605,0.035856
tcga2022,319,0.005197,0.023507
tcga2022,320,0.004607,0.014961
tcga2022,321,0.003526,0.010178
tcga2022,322,0.010545,0.049960
tcga2022,323,0.003346,0.008460
tcga2022,324,0.006984,0.024048
tcga2022,325,0.026360,0.247214
tcga2022,326,0.011951,0.024656
tcga2022,327,0.005260,0.013890
tcga2022,328,0.003302,0.007066
tcga2022,329,0.014696,0.060160
tcga2022,330,0.010330,0.030444
tcga2022,331,0.003820,0.007718
tcga2022,332,0.008243,0.025514
tcga2022,333,0.007852,0.010609
tcga2022,334,0.155423,0.254329
tcga2022,335,0.002920,0.004252
tcga2022,336,0.003035,0.005993
tcga2022,337,0.003293,0.009395
tcga2022,338,0.009195,0.031173
tcga2022,339,0.010329,0.030742
tcga2022,340,0.014342,0.021504
tcga2022,341,0.003621,0.009708
tcga2022,342,0.009521,0.033029
tcga2022,343,0.005427,0.018714
tcga2022,344,0.015959,0.090289
tcga2022,345,0.007834,0.095089
tcga2022,346,0.005465,0.039277
tcga2022,347,0.013526,0.041463
tcga2022,348,0.033406,0.144731
tcga2022,349,0.012424,0.028515
tcga2022,350,0.010155,0.009247
tcga2022,351,0.004460,0.037187
tcga2022,352,0.004483,0.011431
tcga2022,353,0.005266,0.022323
tcga2022,354,0.008947,0.025025
tcga2022,355,0.006920,0.028352
tcga2022,356,0.005513,0.010621
tcga2022,357,0.010512,0.020374
tcga2022,358,0.010115,0.025603
tcga2022,359,0.006440,0.050013
tcga2022,360,0.017555,0.124541
tcga2022,361,0.005883,0.019831
tcga2022,362,0.010439,0.010287
tcga2022,363,0.004916,0.010857
tcga2022,364,0.011787,0.020587
tcga2022,365,0.012482,0.136162
tcga2022,366,0.006982,0.038485
tcga2022,367,0.003898,0.008191
tcga2022,368,0.030833,0.049601
tcga2022,369,0.014766,2.203770
tcga2022,370,0.010055,0.024156
tcga2022,371,0.005184,0.014553
tcga2022,372,0.074889,0.693616
tcga2022,373,0.006779,0.016066
tcga2022,374,0.005212,0.012653
tcga2022,375,0.044923,0.292163
tcga2022,376,0.028371,0.030444
tcga2022,377,0.028306,0.021906
tcga2022,378,0.003061,0.006194
tcga2022,379,0.007876,0.046546
tcga2022,380,0.005623,0.027432
tcga2022,381,0.006672,0.024231
tcga2022,382,0.006315,0.015345
tcga2022,383,0.002807,0.005975
tcga2022,384,0.012143,0.033323
tcga2022,385,0.005154,0.010574
tcga2022,386,0.003699,0.009789
tcga2022,387,0.029592,0.499043
tcga2022,388,0.049968,0.073239
tcga2022,389,0.521178,0.460746
tcga2022,390,0.015157,0.030906
tcga2022,391,0.003836,0.008762
tcga2022,392,0.018469,0.099899
tcga2022,393,0.009950,0.036903
tcga2022,394,0.010509,0.023611
tcga2022,395,0.125364,0.171191
tcga2022,396,0.025062,0.026867
tcga2022,397,0.013096,0.395029
tcga2022,398,0.006760,0.024324
tcga2022,399,1.175255,2.986945
tcga2022,400,0.072469,0.852444
tcga2022,401,0.092741,0.441048
tcga2022,402,0.016882,0.035926
tcga2022,403,0.006454,0.013681
tcga2022,404,0.005058,0.011450
tcga2022,405,0.004580,0.012497
tcga2022,406,0.110672,0.119516
tcga2022,407,0.016851,0.028713
tcga2022,408,0.097278,0.043284
tcga2022,409,0.011363,0.025419
tcga2022,410,0.007622,0.019677
tcga2022,411,0.087054,0.072963
tcga2022,412,0.013685,0.410282
tcga2022,413,0.030419,0.023299
tcga2022,414,0.007873,0.022449
tcga2022,415,0.022147,0.065596
tcga2022,416,0.055786,0.070086
tcga2022,417,0.014907,0.055759
tcga2022,418,0.047500,0.835087
tcga2022,419,0.056365,0.114756
tcga2022,420,0.010553,0.021735
tcga2022,421,0.005437,0.015693
tcga2022,422,0.006637,0.125944
tcga2022,423,0.011947,0.029336
tcga2022,424,0.660360,0.969377
tcga2022,425,0.088687,0.030088
tcga2022,426,0.015321,0.021490
tcga2022,427,0.016382,0.020554
tcga2022,428,0.040103,0.259352
tcga2022,429,0.016552,0.015817
tcga2022,430,0.021138,0.080901
tcga2022,431,0.005741,0.019644
tcga2022,432,0.013026,0.037493
tcga2022,433,0.022794,0.335858
tcga2022,434,0.314409,0.267599
tcga2022,435,0.090607,0.066609
tcga2022,436,0.007008,0.016507
tcga2022,437,0.007140,0.035910
tcga2022,438,0.338272,1.234014
tcga2022,439,0.070763,0.076384
tcga2022,440,0.020676,0.090947
tcga2022,441,0.012227,0.038405
tcga2022,442,0.008102,0.058861
tcga2022,443,0.007315,0.027622
tcga2022,444,0.063521,0.188372
tcga2022,445,0.046988,0.087761
tcga2022,446,0.021819,0.030775
tcga2022,447,0.059785,0.154815
tcga2022,448,0.006576,0.025118
tcga2022,449,0.465340,0.486210
tcga2022,450,0.018874,0.098986
tcga2022,451,0.021645,0.021800
tcga2022,452,0.483306,1.624649
tcga2022,453,0.042220,0.612921
tcga2022,454,0.026230,2.616728
tcga2022,455,0.133203,0.097692
tcga2022,456,0.103681,0.059548
tcga2022,457,0.010340,0.016610
tcga2022,458,0.006631,0.016919
tcga2022,459,0.005194,0.016131
tcga2022,460,0.013275,0.029123
tcga2022,461,0.006251,0.149470
tcga2022,462,0.009523,0.017017
tcga2022,463,0.522953,0.816745
tcga2022,464,0.024199,0.424685
tcga2022,465,0.007979,0.023327
tcga2022,466,0.013022,0.031352
tcga2022,467,0.064898,0.112137
tcga2022,468,0.182869,0.298142
tcga2022,469,0.058245,0.321521
tcga2022,470,0.027999,0.036781
tcga2022,471,0.101361,0.089174
tcga2022,472,0.010741,0.028923
tcga2022,473,0.498404,0.385603
tcga2022,474,1.327392,3.903337
tcga2022,475,0.026036,0.077698
tcga2022,476,5.777177,15.774837
tcga2022,477,0.008415,1.298646
tcga2022,478,0.019093,0.011647
tcga2022,479,0.007720,0.034903
tcga2022,480,0.535968,0.368732
tcga2022,481,0.655113,0.390368
tcga2022,482,0.017805,0.011028
tcga2022,483,1.124879,3.381130
tcga2022,484,2.095801,2.406794
tcga2022,485,0.016277,0.114119
tcga2022,486,0.007564,0.018786
tcga2022,487,0.015626,0.027624
tcga2022,488,0.558615,1.354750
tcga2022,489,0.053960,0.054889
tcga2022,490,0.052162,0.161716
tcga2022,491,0.019692,0.042149
tcga2022,492,0.007729,0.013745
tcga2022,493,0.098138,0.030552
tcga2022,494,0.086537,0.047265
tcga2022,495,0.016109,0.031277
tcga2022,496,0.032484,0.017692
tcga2022,497,0.010651,0.041228
tcga2022,498,0.014778,0.089259
tcga2022,499,0.028080,0.025418
tcga2022,500,0.033862,0.049041
tcga2022,501,0.038863,0.017539
tcga2022,502,0.042969,0.059715
tcga2022,503,0.122952,0.407826
tcga2022,504,0.078121,0.434489
tcga2022,505,3.569053,33.579607
tcga2022,506,0.288683,0.706108
tcga2022,507,0.026278,0.050545
tcga2022,508,0.255895,0.885432
tcga2022,509,0.028145,0.030626
tcga2022,510,0.434362,0.513322
tcga2022,511,0.113034,0.066843
tcga2022,512,0.010821,0.036054
tcga2022,513,0.018874,0.052025
tcga2022,514,0.013557,0.016400
tcga2022,515,0.025647,0.023849
tcga2022,516,0.079298,0.460868
tcga2022,517,0.150357,0.220342
tcga2022,518,4.883163,29.378286
tcga2022,519,0.355275,0.357338
tcga2022,520,0.045569,0.160910
tcga2022,521,0.016119,0.061416
tcga2022,522,0.005794,0.017889
tcga2022,523,0.004661,0.051785
tcga2022,524,0.110146,0.109422
tcga2022,525,0.032598,0.023854
tcga2022,526,0.028353,0.085593
tcga2022,527,0.047375,0.684738
tcga2022,528,0.012020,0.088115
tcga2022,529,0.009834,0.028383
tcga2022,530,0.095275,0.026513
tcga2022,531,0.343177,0.412189
tcga2022,532,0.021129,0.061779
tcga2022,533,1.088095,0.715198
tcga2022,534,0.265513,0.363709
tcga2022,535,0.014565,0.049588
tcga2022,536,3.757502,16.695561
tcga2022,537,0.010330,0.026143
tcga2022,538,1.776444,2.570472
tcga2022,539,0.308412,0.515853
tcga2022,540,0.032844,0.352973
tcga2022,541,1.265029,3.334227
tcga2022,542,0.006987,0.020364
tcga2022,543,0.018802,0.019834
tcga2022,544,0.186010,0.243899
tcga2022,545,0.087921,0.034597
tcga2022,546,0.012139,0.052443
tcga2022,547,0.015057,0.612504
tcga2022,548,2.834788,2.513542
tcga2022,549,0.010472,0.026380
tcga2022,550,0.182037,0.796634
tcga2022,551,0.122949,0.411030
tcga2022,552,0.028849,0.024946
tcga2022,553,0.017152,0.058685
tcga2022,554,0.088890,0.134307
tcga2022,555,0.006394,0.027201
tcga2022,556,0.025607,0.119152
tcga2022,557,0.022702,0.245451
tcga2022,558,0.033536,0.042854
tcga2022,559,0.006542,0.014447
tcga2022,560,0.014253,0.070852
tcga2022,561,0.027187,0.033271
tcga2022,562,0.046460,0.168474
tcga2022,563,0.164328,0.343920
tcga2022,564,0.005160,0.021945
tcga2022,565,0.061995,0.105945
tcga2022,566,0.005845,0.016492
tcga2022,567,0.032563,0.160418
tcga2022,568,0.383739,0.966119
tcga2022,569,0.008378,0.047377
tcga2022,570,0.006681,0.018137
tcga2022,571,0.035628,0.038471
tcga2022,572,0.114441,0.097830
tcga2022,573,0.412142,0.342013
tcga2022,574,0.182152,1.082346
tcga2022,575,1.819900,12.881816
tcga2022,576,0.008077,0.016522
tcga2022,577,0.038161,0.177755
tcga2022,578,0.285770,2.266095
tcga2022,579,0.392318,0.349029
tcga2022,580,0.068411,0.165920
tcga2022,581,0.078673,0.024782
tcga2022,582,0.008599,0.024400
tcga2022,583,0.022366,0.148312
tcga2022,584,0.892073,0.909152
tcga2022,585,0.152789,0.134848
tcga2022,586,0.028719,0.017004
tcga2022,587,0.142357,0.500534
tcga2022,588,2.241074,4.530511
tcga2022,589,0.075407,0.387266
tcga2022,590,0.833025,0.925260
tcga2022,591,0.025495,0.124281
tcga2022,592,0.145434,0.199700
tcga2022,593,0.011203,0.137605
tcga2022,594,0.701391,0.385887
tcga2022,595,0.467888,0.721513
tcga2022,596,0.027461,0.051913
tcga2022,597,0.059515,0.243972
tcga2022,598,0.026290,0.100274
tcga2022,599,0.037022,0.042202
tcga2022,600,1.273635,2.105158
tcga2022,601,0.117740,0.139907
tcga2022,602,0.973238,0.297875
tcga2022,603,0.007743,0.088400
tcga2022,604,0.015951,0.150831
tcga2022,605,0.016508,0.359298
tcga2022,606,0.035350,0.033642
tcga2022,607,0.504342,1.766619
tcga2022,608,0.573170,1.554398
tcga2022,609,1.373471,8.566390
tcga2022,610,1.245057,0.464926
tcga2022,611,0.063540,0.048355
tcga2022,612,0.010210,0.213977
tcga2022,613,0.043045,0.044620
tcga2022,614,0.014610,0.123765
tcga2022,615,0.011281,0.840997
tcga2022,616,0.006160,0.032074
tcga2022,617,0.007592,0.021031
tcga2022,618,0.039202,8.428815
tcga2022,619,0.004813,0.015785
tcga2022,620,0.150288,4.317558
tcga2022,621,0.025996,0.322426
tcga2022,622,0.026103,0.027586
tcga2022,623,0.058969,0.231101
tcga2022,624,0.094728,0.043140
tcga2022,625,0.359859,2.364561
tcga2022,626,0.008503,0.021845
tcga2022,627,0.010627,0.027362
tcga2022,628,0.059767,0.028336
tcga2022,629,0.035832,0.257630
tcga2022,630,1.552880,0.036491
tcga2022,631,0.106739,0.079486
tcga2022,632,0.140258,0.733077
tcga2022,633,0.029879,0.033506
tcga2022,634,0.272669,0.292573
tcga2022,635,0.064736,0.419426
tcga2022,636,0.053413,0.313204
tcga2022,637,0.023246,0.158126
tcga2022,638,0.030962,0.199428
tcga2022,639,0.035106,0.126582
tcga2022,640,0.112993,0.161532
tcga2022,641,0.086209,0.200351
tcga2022,642,0.165670,0.245003
tcga2022,643,0.016754,0.742902
tcga2022,644,0.026845,1.093988
tcga2022,645,1.049143,1.306398
tcga2022,646,0.416721,0.482776
tcga2022,647,0.018027,0.023380
tcga2022,648,0.342927,8.675059
tcga2022,649,0.090606,0.037908
tcga2022,650,0.007762,0.034214
tcga2022,651,0.100046,0.048244
tcga2022,652,0.045448,0.450158
tcga2022,653,0.013981,0.026132
tcga2022,654,0.013919,0.023921
tcga2022,655,0.018752,0.285914
tcga2022,656,0.007281,0.024040
tcga2022,657,0.018565,0.021992
tcga2022,658,1.065014,3.402238
tcga2022,659,0.018507,1.886090
tcga2022,660,0.143288,0.709946
tcga2022,661,0.285719,0.249907
tcga2022,662,0.063370,0.033037
tcga2022,663,0.010087,0.028438
tcga2022,664,0.034922,0.024699
tcga2022,665,0.120721,0.641791
tcga2022,666,0.090860,0.076931
tcga2022,667,0.068311,0.100529
tcga2022,668,0.010015,0.038610
tcga2022,669,0.008166,7.830019
tcga2022,670,0.048057,0.027492
tcga2022,671,0.011495,0.169364
tcga2022,672,0.027854,0.098825
tcga2022,673,0.011689,0.021235
tcga2022,674,0.021210,0.057406
tcga2022,675,0.014156,0.040533
tcga2022,676,0.010214,0.093928
tcga2022,677,0.012559,0.019002
tcga2022,678,0.227784,0.179244
tcga2022,679,0.243294,0.374701
tcga2022,680,0.032437,0.033424
tcga2022,681,0.013446,0.169398
tcga2022,682,0.362066,0.177221
tcga2022,683,0.020426,0.030323
tcga2022,684,0.007642,0.030989
tcga2022,685,0.308530,0.748802
tcga2022,686,0.009807,0.037103
tcga2022,687,0.008130,0.028899
tcga2022,688,2.725723,72.979996
tcga2022,689,0.011445,0.642447
tcga2022,690,0.047093,0.032162
tcga2022,691,0.063251,0.286005
tcga2022,692,0.085419,0.106277
tcga2022,693,0.012932,3.427728
tcga2022,694,0.017942,0.045978
tcga2022,695,0.013672,0.054661
tcga2022,696,0.005540,0.111239
tcga2022,697,0.091304,0.066665
tcga2022,698,0.295071,0.456581
tcga2022,699,0.045861,0.946987
tcga2022,700,0.017988,0.124680
tcga2022,701,0.021994,0.045686
tcga2022,702,0.070438,0.040881
tcga2022,703,0.271414,0.244338
tcga2022,704,0.649710,59.247814
tcga2022,705,0.099990,0.130560
tcga2022,706,0.014981,0.028516
tcga2022,707,0.052979,0.050356
tcga2022,708,0.006759,0.024059
tcga2022,709,0.033496,0.049416
tcga2022,710,0.053742,0.016115
tcga2022,711,0.005942,0.033831
tcga2022,712,0.051968,5.189265
tcga2022,713,2.685500,0.080316
tcga2022,714,0.035140,0.042966
tcga2022,715,0.152751,2.199116
tcga2022,716,0.036695,0.067823
tcga2022,717,0.043654,0.023216
tcga2022,718,0.020657,0.050584
tcga2022,719,0.143059,0.200044
tcga2022,720,1.243847,1.178756
tcga2022,721,0.019253,0.119702
tcga2022,722,0.134574,0.216821
tcga2022,723,0.009330,0.028878
tcga2022,724,0.016258,0.077369
tcga2022,725,0.016880,0.032626
tcga2022,726,0.056098,0.043481
tcga2022,727,0.062079,0.049855
tcga2022,728,0.010206,0.042091
tcga2022,729,0.084559,0.036244
tcga2022,730,0.025108,0.026077
tcga2022,731,0.087417,0.090102
tcga2022,732,0.014422,0.640373
tcga2022,733,0.007742,0.027002
tcga2022,734,0.007147,0.022248
tcga2022,735,0.016453,0.030325
tcga2022,736,0.008905,0.081786
tcga2022,737,0.177797,3.695233
tcga2022,738,0.024408,4.589239
tcga2022,739,0.034437,0.030395
tcga2022,740,2.229778,1.206169
tcga2022,741,0.007312,0.022199
tcga2022,742,0.136646,2.095661
tcga2022,743,0.020375,0.323100
tcga2022,744,0.102730,0.055772
tcga2022,745,0.021801,0.193985
tcga2022,746,0.069251,0.037679
tcga2022,747,0.337354,13.042601
tcga2022,748,0.122870,0.036076
tcga2022,749,0.064939,0.064272
tcga2022,750,0.012677,0.034763
tcga2022,751,0.013767,0.018168
tcga2022,752,0.009745,0.095396
tcga2022,753,0.039262,0.113182
tcga2022,754,0.011071,0.021946
tcga2022,755,0.692364,0.294429
tcga2022,756,0.007443,0.055252
tcga2022,757,0.018086,0.811202
tcga2022,758,0.007381,0.069339
tcga2022,759,0.063335,0.048313
tcga2022,760,0.009249,0.028855
tcga2022,761,0.009664,0.028673
tcga2022,762,0.023030,0.035920
tcga2022,763,0.011024,0.234308
tcga2022,764,0.064293,0.350900
tcga2022,765,0.044808,31.025285
tcga2022,766,0.013389,0.026494
tcga2022,767,1.774304,1.828042
tcga2022,768,0.025569,0.078432
tcga2022,769,0.529790,1.131429
tcga2022,770,0.031770,0.041516
tcga2022,771,0.103028,0.044428
tcga2022,772,0.326644,0.490956
tcga2022,773,0.048414,1.045926
tcga2022,774,0.018442,1.411948
tcga2022,775,0.050438,0.061171
tcga2022,776,0.008982,0.023489
tcga2022,777,0.188207,2.408775
tcga2022,778,0.013492,0.022940
tcga2022,779,0.006679,0.089736
tcga2022,780,0.046291,0.032985
tcga2022,781,0.074373,0.036936
tcga2022,782,0.084607,0.029767
tcga2022,783,0.008228,0.073664
tcga2022,784,0.005385,0.029971
tcga2022,785,0.009179,0.473150
tcga2022,786,0.006342,0.020819
tcga2022,787,0.008927,0.027466
tcga2022,788,0.063999,0.015916
tcga2022,789,0.011042,0.017652
tcga2022,790,0.013776,0.023428
tcga2022,791,0.065037,0.034983
tcga2022,792,0.007177,0.036746
tcga2022,793,0.022979,0.059846
tcga2022,794,0.464200,2.917359
tcga2022,795,0.006240,0.030047
tcga2022,796,0.018656,0.023765
tcga2022,797,0.054858,2.087712
tcga2022,798,0.009730,0.022192
tcga2022,799,0.028986,0.069829
tcga2022,800,0.013923,0.040116
tcga2022,801,0.078694,0.113738
tcga2022,802,0.205010,46.031811
tcga2022,803,0.007948,0.052100
tcga2022,804,0.018574,0.027089
tcga2022,805,0.006781,0.017503
tcga2022,806,0.033047,0.032399
tcga2022,807,0.012174,0.360807
tcga2022,808,0.010492,0.247866
tcga2022,809,0.007233,0.030845
tcga2022,810,0.053043,0.045730
tcga2022,811,0.049094,0.029032
tcga2022,812,0.012659,0.023658
tcga2022,813,1.734459,2.463354
tcga2022,814,0.034807,0.076606
tcga2022,815,0.007003,0.021608
tcga2022,816,0.105248,6.060776
tcga2022,817,0.009965,0.052434
tcga2022,818,0.008379,0.038500
tcga2022,819,0.017380,0.067586
tcga2022,820,0.014694,0.038964
tcga2022,821,0.071588,0.073053
tcga2022,822,0.008765,0.200147
tcga2022,823,0.022700,0.183050
tcga2022,824,0.019684,0.072845
tcga2022,825,0.012967,0.018790
tcga2022,826,0.017114,0.028004
tcga2022,827,0.087511,0.026490
tcga2022,828,0.024280,1.347202
tcga2022,829,0.082532,0.040809
tcga2022,830,0.022640,0.019384
tcga2022,831,0.011287,0.084138
tcga2022,832,0.010540,0.540244
tcga2022,833,0.402449,0.407961
tcga2022,834,0.010694,0.026028
tcga2022,835,0.048414,0.047302
tcga2022,836,0.012290,0.043212
tcga2022,837,0.007293,0.043258
tcga2022,838,0.045824,0.030019
tcga2022,839,0.012976,0.025566
tcga2022,840,0.066151,0.016568
tcga2022,841,0.029442,0.039717
tcga2022,842,0.008341,0.027717
tcga2022,843,0.015600,0.286559
tcga2022,844,0.079110,0.343810
tcga2022,845,0.007656,0.023616
tcga2022,846,0.010357,0.026496
tcga2022,847,0.024978,0.580056
tcga2022,848,0.081548,0.068791
tcga2022,849,0.009356,0.020046
tcga2022,850,0.010036,0.020766
tcga2022,851,0.017251,0.029335
tcga2022,852,0.008579,0.090601
tcga2022,853,0.683167,0.229515
tcga2022,854,0.015024,0.041488
tcga2022,855,0.075106,0.041123
tcga2022,856,0.046883,0.025276
tcga2022,857,0.009939,0.036764
tcga2022,858,0.079173,0.078488
tcga2022,859,0.012540,0.024851
tcga2022,860,0.015615,0.805515
tcga2022,861,0.009027,0.022951
tcga2022,862,0.010569,0.108529
tcga2022,863,0.035098,0.019850
tcga2022,864,0.009681,0.034039
tcga2022,865,0.012245,0.073512
tcga2022,866,0.063841,0.029467
tcga2022,867,0.027587,0.026290
tcga2022,868,0.006710,0.075562
tcga2022,869,0.273843,0.280523
tcga2022,870,0.104643,0.060223
tcga2022,871,0.013551,0.081512
tcga2022,872,0.026275,0.018790
tcga2022,873,0.007478,0.023371
tcga2022,874,0.005038,0.019732
tcga2022,875,0.263159,0.373537
tcga2022,876,0.008197,0.029238
tcga2022,877,0.040431,0.201103
tcga2022,878,0.021916,0.033912
tcga2022,879,0.059116,0.047377
tcga2022,880,0.059798,0.026695
tcga2022,881,0.058740,0.083556
tcga2022,882,0.006310,0.028318
tcga2022,883,0.006307,0.019094
tcga2022,884,0.064578,0.022822
tcga2022,885,0.073903,0.067724
tcga2022,886,0.007027,0.025815
tcga2022,887,0.012120,1.145464
tcga2022,888,0.008144,0.021487
tcga2022,889,0.008059,0.038837
tcga2022,890,0.021880,0.158015
tcga2022,891,0.007308,0.025888
tcga2022,892,0.006655,0.040054
tcga2022,893,0.024891,0.024897
tcga2022,894,0.007984,6.320181
tcga2022,895,0.024976,0.026612
tcga2022,896,0.007957,0.020224
tcga2022,897,0.006745,0.029137
tcga2022,898,0.213561,0.335924
tcga2022,899,0.035394,0.174024
tcga2022,900,0.012184,0.284398
tcga2022,901,0.008259,0.022403
tcga2022,902,0.009888,0.032209
tcga2022,903,0.007013,0.032624
tcga2022,904,0.110054,0.556735
tcga2022,905,0.019700,0.022096
tcga2022,906,0.033402,0.032359
tcga2022,907,0.027438,0.018799
tcga2022,908,0.292587,0.411245
tcga2022,909,0.043022,0.025836
tcga2022,910,0.028921,0.020678
tcga2022,911,0.068595,0.060440
tcga2022,912,0.021624,0.079737
tcga2022,913,0.011555,0.026340
tcga2022,914,0.007655,0.018249
tcga2022,915,0.016952,0.027832
tcga2022,916,0.007455,0.023957
tcga2022,917,0.035109,0.020426
tcga2022,918,0.011644,0.023156
tcga2022,919,0.014450,0.028275
tcga2022,920,0.305621,0.273622
tcga2022,921,0.024335,0.027919
tcga2022,922,0.064189,0.106650
tcga2022,923,0.009004,0.041368
tcga2022,924,0.007296,0.019710
tcga2022,925,0.012809,0.046033
tcga2022,926,0.007345,0.041243
tcga2022,927,0.042433,0.241363
tcga2022,928,0.017188,0.030578
tcga2022,929,0.016026,0.028147
tcga2022,930,0.017099,0.037102
tcga2022,931,0.009135,0.029430
tcga2022,932,0.008190,0.025380
tcga2022,933,0.009634,0.041050
tcga2022,934,0.009192,0.019595
tcga2022,935,0.014302,0.029450
tcga2022,936,0.019364,0.016175
tcga2022,937,0.052552,0.028401
tcga2022,938,0.011475,0.023974
tcga2022,939,0.009466,0.215692
tcga2022,940,0.008725,0.031536
tcga2022,941,0.006614,0.018991
tcga2022,942,0.009006,0.026389
tcga2022,943,0.022304,0.031315
tcga2022,944,0.012547,0.107178
tcga2022,945,0.007765,0.023767
tcga2022,946,0.035408,0.054445
tcga2022,947,0.009063,0.021540
tcga2022,948,0.011233,0.027069
tcga2022,949,0.006278,0.034208
tcga2022,950,0.006930,0.290905
tcga2022,951,0.200853,3.761083
tcga2022,952,0.008001,0.251845
tcga2022,953,0.008874,0.028276
tcga2022,954,0.006015,0.021818
tcga2022,955,0.009381,0.031933
tcga2022,956,0.050832,0.051132
tcga2022,957,0.077933,0.128634
tcga2022,958,0.014808,0.020499
tcga2022,959,0.152933,0.045424
tcga2022,960,0.013181,0.020843
tcga2022,961,0.006446,0.022846
tcga2022,962,0.014719,0.019056
tcga2022,963,0.006605,0.024068
tcga2022,964,0.005386,0.024098
tcga2022,965,0.010744,0.021839
tcga2022,966,0.016516,0.111102
tcga2022,967,0.007261,0.065388
tcga2022,968,0.007256,0.026948
tcga2022,969,0.007061,0.211774
tcga2022,970,0.032444,0.039813
tcga2022,971,0.009292,0.025151
tcga2022,972,0.005998,0.018804
tcga2022,973,0.025128,0.033294
tcga2022,974,0.008611,0.018086
tcga2022,975,0.020704,0.189875
tcga2022,976,0.055308,0.019580
tcga2022,977,0.009481,0.026495
tcga2022,978,0.058200,0.025827
tcga2022,979,0.011345,0.039189
tcga2022,980,0.005860,0.818241
tcga2022,981,0.054737,0.026603
tcga2022,982,0.116035,0.903550
tcga2022,983,0.020230,0.022026
tcga2022,984,0.008515,0.028261
tcga2022,985,0.007390,0.026139
tcga2022,986,0.006810,0.021648
tcga2022,987,0.007440,0.224386
tcga2022,988,0.008066,0.028282
tcga2022,989,0.018187,0.089193
tcga2022,990,0.008078,0.056450
tcga2022,991,0.073928,0.046721
tcga2022,992,0.026808,0.033097
tcga2022,993,0.007441,0.042391
tcga2022,994,0.009930,0.108445
tcga2022,995,0.025621,0.041566
tcga2022,996,0.040544,0.096308
tcga2022,997,0.009112,0.020760
tcga2022,998,0.007703,0.031139
tcga2022,999,0.295112,0.548329
tcga2022,1000,0.006901,0.027848
tcga2023,1,0.005764,0.000950
tcga2023,2,0.005091,0.000462
tcga2023,3,0.001350,0.000442
tcga2023,4,0.001544,0.001151
tcga2023,5,0.001564,0.001804
tcga2023,6,0.001387,0.001017
tcga2023,7,0.001313,0.000558
tcga2023,8,0.001453,0.001596
tcga2023,9,0.001416,0.001101
tcga2023,10,0.001625,0.002847
tcga2023,11,0.001621,0.001126
tcga2023,12,0.001423,0.000627
tcga2023,13,0.001471,0.001564
tcga2023,14,0.001727,0.001397
tcga2023,15,0.001846,0.001124
tcga2023,16,0.001625,0.001397
tcga2023,17,0.001477,0.002442
tcga2023,18,0.001555,0.003715
tcga2023,19,0.001925,0.002888
tcga2023,20,0.001558,0.001592
tcga2023,21,0.001997,0.001933
tcga2023,22,0.001575,0.001742
tcga2023,23,0.001704,0.001750
tcga2023,24,0.002010,0.001280
tcga2023,25,0.001526,0.000684
tcga2023,26,0.001655,0.000675
tcga2023,27,0.002016,0.002014
tcga2023,28,0.001585,0.001898
tcga2023,29,0.001475,0.001051
tcga2023,30,0.001457,0.000618
tcga2023,31,0.001605,0.000946
tcga2023,32,0.002395,0.002795
tcga2023,33,0.001912,0.001914
tcga2023,34,0.001710,0.003877
tcga2023,35,0.001569,0.001381
tcga2023,36,0.001844,0.000796
tcga2023,37,0.002108,0.002815
tcga2023,38,0.001564,0.001114
tcga2023,39,0.001362,0.000514
tcga2023,40,0.002048,0.002534
tcga2023,41,0.001655,0.001844
tcga2023,42,0.002035,0.002149
tcga2023,43,0.001671,0.000820
tcga2023,44,0.001444,0.001534
tcga2023,45,0.001807,0.004282
tcga2023,46,0.001490,0.000782
tcga2023,47,0.001426,0.000539
tcga2023,48,0.002338,0.003017
tcga2023,49,0.001949,0.001975
tcga2023,50,0.001473,0.001626
tcga2023,51,0.002047,0.003115
tcga2023,52,0.001397,0.003410
tcga2023,53,0.001527,0.001649
tcga2023,54,0.001343,0.000459
tcga2023,55,0.002281,0.004692
tcga2023,56,0.001593,0.002830
tcga2023,57,0.001330,0.000449
tcga2023,58,0.001684,0.001040
tcga2023,59,0.002123,0.002950
tcga2023,60,0.001935,0.000694
tcga2023,61,0.001868,0.001909
tcga2023,62,0.001320,0.000456
tcga2023,63,0.001719,0.001085
tcga2023,64,0.001557,0.002855
tcga2023,65,0.002244,0.002854
tcga2023,66,0.001833,0.001985
tcga2023,67,0.002190,0.003882
tcga2023,68,0.002774,0.003778
tcga2023,69,0.001555,0.000820
tcga2023,70,0.001658,0.001573
tcga2023,71,0.002217,0.003026
tcga2023,72,0.002260,0.005883
tcga2023,73,0.001688,0.002390
tcga2023,74,0.001546,0.001206
tcga2023,75,0.001830,0.003881
tcga2023,76,0.001538,0.003058
tcga2023,77,0.001938,0.002388
tcga2023,78,0.002843,0.003718
tcga2023,79,0.001682,0.003171
tcga2023,80,0.001588,0.001615
tcga2023,81,0.002522,0.005958
tcga2023,82,0.002451,0.004825
tcga2023,83,0.001584,0.001301
tcga2023,84,0.002034,0.002399
tcga2023,85,0.001629,0.001834
tcga2023,86,0.001568,0.002976
tcga2023,87,0.001414,0.001787
tcga2023,88,0.002394,0.002224
tcga2023,89,0.001897,0.001665
tcga2023,90,0.004539,0.010040
tcga2023,91,0.002997,0.004393
tcga2023,92,0.001610,0.001177
tcga2023,93,0.001920,0.001850
tcga2023,94,0.003144,0.009089
tcga2023,95,0.002278,0.003682
tcga2023,96,0.001655,0.001696
tcga2023,97,0.002386,0.003761
tcga2023,98,0.001594,0.000590
tcga2023,99,0.001574,0.002531
tcga2023,100,0.001815,0.001930
tcga2023,101,0.001319,0.000516
tcga2023,102,0.001950,0.003765
tcga2023,103,0.001704,0.001146
tcga2023,104,0.001642,0.001886
tcga2023,105,0.002132,0.002463
tcga2023,106,0.001876,0.001638
tcga2023,107,0.002863,0.002652
tcga2023,108,0.001681,0.002957
tcga2023,109,0.002100,0.003499
tcga2023,110,0.001637,0.001515
tcga2023,111,0.001986,0.002787
tcga2023,112,0.005969,0.012743
tcga2023,113,0.001500,0.003540
tcga2023,114,0.002079,0.002779
tcga2023,115,0.001814,0.001042
tcga2023,116,0.002404,0.003277
tcga2023,117,0.001682,0.001724
tcga2023,118,0.002148,0.002547
tcga2023,119,0.002063,0.000959
tcga2023,120,0.002165,0.003429
tcga2023,121,0.001884,0.001603
tcga2023,122,0.001816,0.002895
tcga2023,123,0.002961,0.007435
tcga2023,124,0.001706,0.001869
tcga2023,125,0.001923,0.001805
tcga2023,126,0.007284,0.018479
tcga2023,127,0.002060,0.004036
tcga2023,128,0.002373,0.003975
tcga2023,129,0.001662,0.002480
tcga2023,130,0.002182,0.002135
tcga2023,131,0.002542,0.002556
tcga2023,132,0.001767,0.004240
tcga2023,133,0.002008,0.001077
tcga2023,134,0.002013,0.001329
tcga2023,135,0.005768,0.031991
tcga2023,136,0.002574,0.001975
tcga2023,137,0.002885,0.005963
tcga2023,138,0.001557,0.002352
tcga2023,139,0.001684,0.001296
tcga2023,140,0.001909,0.001310
tcga2023,141,0.002616,0.005270
tcga2023,142,0.002992,0.007993
tcga2023,143,0.001975,0.001223
tcga2023,144,0.003686,0.009185
tcga2023,145,0.002122,0.003221
tcga2023,146,0.002100,0.001902
tcga2023,147,0.002174,0.004807
tcga2023,148,0.004001,0.008073
tcga2023,149,0.001505,0.000741
tcga2023,150,0.002233,0.002974
tcga2023,151,0.002680,0.003966
tcga2023,152,0.001423,0.001260
tcga2023,153,0.002347,0.002230
tcga2023,154,0.002978,0.007305
tcga2023,155,0.002472,0.002544
tcga2023,156,0.002172,0.004173
tcga2023,157,0.002011,0.001419
tcga2023,158,0.004590,0.011626
tcga2023,159,0.003658,0.004779
tcga2023,160,0.004692,0.011684
tcga2023,161,0.003145,0.006159
tcga2023,162,0.002526,0.002943
tcga2023,163,0.001938,0.004028
tcga2023,164,0.002523,0.002380
tcga2023,165,0.002757,0.007792
tcga2023,166,0.001794,0.001485
tcga2023,167,0.007624,0.015574
tcga2023,168,0.003785,0.007368
tcga2023,169,0.002005,0.002931
tcga2023,170,0.002391,0.004041
tcga2023,171,0.002153,0.003023
tcga2023,172,0.002991,0.005097
tcga2023,173,0.001509,0.000902
tcga2023,174,0.001899,0.001730
tcga2023,175,0.002413,0.003290
tcga2023,176,0.003682,0.009648
tcga2023,177,0.001549,0.002524
tcga2023,178,0.004896,0.013391
tcga2023,179,0.002991,0.004539
tcga2023,180,0.001603,0.001502
tcga2023,181,0.002435,0.004169
tcga2023,182,0.004421,0.013415
tcga2023,183,0.002703,0.005115
tcga2023,184,0.002293,0.003778
tcga2023,185,0.001971,0.003492
tcga2023,186,0.002654,0.004250
tcga2023,187,0.001898,0.003173
tcga2023,188,0.058571,0.528770
tcga2023,189,0.002389,0.003204
tcga2023,190,0.003262,0.005303
tcga2023,191,0.002306,0.002721
tcga2023,192,0.001442,0.002091
tcga2023,193,0.002773,0.002231
tcga2023,194,0.002196,0.003056
tcga2023,195,0.003538,0.008101
tcga2023,196,0.003628,0.008784
tcga2023,197,0.002360,0.005189
tcga2023,198,0.005045,0.009497
tcga2023,199,0.002957,0.005607
tcga2023,200,0.001841,0.001658
tcga2023,201,0.003529,0.005610
tcga2023,202,0.004416,0.010778
tcga2023,203,0.003301,0.006197
tcga2023,204,0.002996,0.007046
tcga2023,205,0.001467,0.000734
tcga2023,206,0.002791,0.006407
tcga2023,207,0.002670,0.004638
tcga2023,208,0.003511,0.005971
tcga2023,209,0.002437,0.004929
tcga2023,210,0.002303,0.004659
tcga2023,211,0.004088,0.007214
tcga2023,212,0.002594,0.004777
tcga2023,213,0.003827,0.005918
tcga2023,214,0.002343,0.003275
tcga2023,215,0.006092,0.043656
tcga2023,216,0.002144,0.002508
tcga2023,217,0.007267,0.014984
tcga2023,218,0.010115,0.029690
tcga2023,219,0.002378,0.001154
tcga2023,220,0.002479,0.002453
tcga2023,221,0.001861,0.002415
tcga2023,222,0.003672,0.008152
tcga2023,223,0.002072,0.002586
tcga2023,224,0.002599,0.002951
tcga2023,225,0.003213,0.006141
tcga2023,226,0.002912,0.008883
tcga2023,227,0.004549,0.009427
tcga2023,228,0.003566,0.011733
tcga2023,229,0.004893,0.018188
tcga2023,230,0.004452,0.007514
tcga2023,231,0.003460,0.006289
tcga2023,232,0.001441,0.002610
tcga2023,233,0.003075,0.010261
tcga2023,234,0.004591,0.010325
tcga2023,235,0.002986,0.005585
tcga2023,236,0.004202,0.007131
tcga2023,237,0.002437,0.003403
tcga2023,238,0.002817,0.005330
tcga2023,239,0.003821,0.009050
tcga2023,240,0.003049,0.007852
tcga2023,241,0.002573,0.005391
tcga2023,242,0.007792,0.010994
tcga2023,243,0.007097,0.019312
tcga2023,244,0.002301,0.004237
tcga2023,245,0.011554,0.044306
tcga2023,246,0.002229,0.002803
tcga2023,247,0.005831,0.011553
tcga2023,248,0.006156,0.019079
tcga2023,249,0.003008,0.005815
tcga2023,250,0.003930,0.009104
tcga2023,251,0.002605,0.011851
tcga2023,252,0.011722,0.032964
tcga2023,253,0.002771,0.004472
tcga2023,254,0.002380,0.005130
tcga2023,255,0.004866,0.015758
tcga2023,256,0.003259,0.007022
tcga2023,257,0.002027,0.002328
tcga2023,258,0.002361,0.003027
tcga2023,259,0.004971,0.012914
tcga2023,260,0.004685,0.009047
tcga2023,261,0.003688,0.005270
tcga2023,262,0.007702,0.009240
tcga2023,263,0.004982,0.012369
tcga2023,264,0.003600,0.006275
tcga2023,265,0.002919,0.005630
tcga2023,266,0.007463,0.012721
tcga2023,267,0.004021,0.008893
tcga2023,268,0.006134,0.013992
tcga2023,269,0.021816,0.025387
tcga2023,270,0.003679,0.006321
tcga2023,271,0.005641,0.009077
tcga2023,272,0.010064,0.023691
tcga2023,273,0.002681,0.003794
tcga2023,274,0.005221,0.011849
tcga2023,275,0.002768,0.006248
tcga2023,276,0.002368,0.004280
tcga2023,277,0.003442,0.259496
tcga2023,278,0.003242,0.009084
tcga2023,279,0.003877,0.013039
tcga2023,280,0.006343,0.019397
tcga2023,281,0.007413,0.021130
tcga2023,282,0.002856,0.004932
tcga2023,283,0.003862,0.008297
tcga2023,284,0.001993,0.004076
tcga2023,285,0.005772,0.012530
tcga2023,286,0.005046,0.019298
tcga2023,287,0.002888,0.006635
tcga2023,288,0.003452,0.007209
tcga2023,289,0.004032,0.016520
tcga2023,290,0.001791,0.001043
tcga2023,291,0.004028,0.008618
tcga2023,292,0.007170,0.054238
tcga2023,293,0.013775,0.048847
tcga2023,294,0.004681,0.011167
tcga2023,295,0.003276,0.006438
tcga2023,296,0.002872,0.005982
tcga2023,297,0.003132,0.005769
tcga2023,298,0.041057,0.050909
tcga2023,299,0.017755,0.014689
tcga2023,300,0.005160,0.016018
tcga2023,301,0.005401,0.013151
tcga2023,302,0.003653,0.008754
tcga2023,303,0.002232,0.004331
tcga2023,304,0.003571,0.004847
tcga2023,305,0.006554,0.018281
tcga2023,306,0.013791,0.052043
tcga2023,307,0.009098,0.021043
tcga2023,308,0.005835,0.057104
tcga2023,309,0.006016,0.028334
tcga2023,310,0.011457,0.019521
tcga2023,311,0.004023,0.006407
tcga2023,312,0.008256,0.012830
tcga2023,313,0.003469,0.007048
tcga2023,314,0.002983,0.006255
tcga2023,315,0.004532,0.014134
tcga2023,316,0.002100,0.002914
tcga2023,317,0.004644,0.010648
tcga2023,318,0.003204,0.003888
tcga2023,319,0.003927,0.008818
tcga2023,320,0.003980,0.013028
tcga2023,321,0.003224,0.005694
tcga2023,322,0.004296,0.007745
tcga2023,323,0.011342,0.016789
tcga2023,324,0.009571,0.019107
tcga2023,325,0.005541,0.013840
tcga2023,326,0.011387,0.027615
tcga2023,327,0.013330,0.121020
tcga2023,328,0.013200,0.014109
tcga2023,329,0.012928,0.037172
tcga2023,330,0.006494,0.014905
tcga2023,331,0.006625,0.031232
tcga2023,332,0.003253,0.006022
tcga2023,333,0.007510,0.016249
tcga2023,334,0.002796,0.010568
tcga2023,335,0.015505,0.026407
tcga2023,336,0.017799,0.182777
tcga2023,337,0.006870,0.015730
tcga2023,338,0.004816,0.008683
tcga2023,339,0.004407,0.010808
tcga2023,340,0.020328,0.040328
tcga2023,341,0.050257,0.050058
tcga2023,342,0.004084,0.007464
tcga2023,343,0.007447,0.019188
tcga2023,344,0.005933,0.024908
tcga2023,345,0.010603,0.027108
tcga2023,346,0.014017,0.060873
tcga2023,347,0.003365,0.004178
tcga2023,348,0.007861,0.021811
tcga2023,349,0.088027,0.025373
tcga2023,350,0.008655,0.018457
tcga2023,351,0.019361,0.234503
tcga2023,352,0.009931,0.029688
tcga2023,353,0.003504,0.016697
tcga2023,354,0.354767,1.934075
tcga2023,355,0.008908,0.022384
tcga2023,356,0.049399,0.106619
tcga2023,357,0.007462,0.034967
tcga2023,358,0.007380,0.017250
tcga2023,359,0.012684,0.027210
tcga2023,360,0.003239,0.008052
tcga2023,361,0.008020,0.017415
tcga2023,362,0.093907,0.021365
tcga2023,363,0.033176,0.251596
tcga2023,364,0.007344,0.010846
tcga2023,365,0.011635,0.014841
tcga2023,366,0.002266,0.004705
tcga2023,367,0.010332,0.027293
tcga2023,368,0.124296,0.163067
tcga2023,369,0.006579,0.012913
tcga2023,370,0.007572,0.018856
tcga2023,371,0.005725,0.014049
tcga2023,372,0.009327,0.022845
tcga2023,373,0.009745,0.030627
tcga2023,374,0.017126,0.025516
tcga2023,375,0.082134,0.025755
tcga2023,376,0.015410,0.084422
tcga2023,377,0.309541,2.164735
tcga2023,378,0.006560,0.017848
tcga2023,379,0.006435,0.038819
tcga2023,380,0.004982,0.013211
tcga2023,381,0.009812,0.118441
tcga2023,382,0.005336,0.014263
tcga2023,383,0.026210,0.026136
tcga2023,384,0.022526,0.073467
tcga2023,385,0.040481,0.144726
tcga2023,386,0.006777,0.012917
tcga2023,387,0.006971,0.014903
tcga2023,388,0.016220,0.018662
tcga2023,389,0.007705,0.089752
tcga2023,390,0.006670,0.023081
tcga2023,391,0.005306,0.013728
tcga2023,392,0.003095,0.003841
tcga2023,393,0.003230,0.007313
tcga2023,394,0.012501,0.082929
tcga2023,395,0.029564,0.045850
tcga2023,396,0.006039,0.014997
tcga2023,397,1.012744,0.670387
tcga2023,398,0.032437,0.103631
tcga2023,399,0.005424,0.019272
tcga2023,400,0.077695,0.151177
tcga2023,401,0.043393,0.958144
tcga2023,402,0.011068,0.022334
tcga2023,403,0.006907,0.019175
tcga2023,404,0.007227,0.015032
tcga2023,405,0.059843,0.071790
tcga2023,406,0.004512,0.013964
tcga2023,407,0.032270,0.049522
tcga2023,408,0.004926,0.016568
tcga2023,409,0.337458,1.464209
tcga2023,410,0.023216,0.017264
tcga2023,411,1.960042,2.649282
tcga2023,412,0.022971,0.033452
tcga2023,413,0.005718,0.012091
tcga2023,414,0.107712,0.323907
tcga2023,415,0.019883,0.023805
tcga2023,416,0.013079,0.038686
tcga2023,417,0.010725,0.025519
tcga2023,418,0.013185,0.046445
tcga2023,419,0.013280,0.045678
tcga2023,420,0.009103,0.016484
tcga2023,421,0.045015,0.044117
tcga2023,422,0.015088,0.030880
tcga2023,423,0.011707,0.305836
tcga2023,424,0.056922,0.387142
tcga2023,425,0.068851,0.232757
tcga2023,426,0.006638,0.013047
tcga2023,427,0.021054,0.206849
tcga2023,428,0.043545,0.032509
tcga2023,429,0.649056,0.473880
tcga2023,430,0.028621,0.058502
tcga2023,431,0.016755,0.088796
tcga2023,432,0.009090,0.032983
tcga2023,433,0.013237,0.063612
tcga2023,434,0.010163,0.026683
tcga2023,435,0.007483,0.020160
tcga2023,436,0.004998,0.017873
tcga2023,437,0.046903,0.026831
tcga2023,438,0.026654,0.047830
tcga2023,439,0.007637,0.019514
tcga2023,440,0.011663,0.017858
tcga2023,441,0.072712,0.016066
tcga2023,442,0.007476,0.026839
tcga2023,443,0.057531,0.319349
tcga2023,444,0.025669,0.040468
tcga2023,445,1.299802,1.178412
tcga2023,446,0.010318,0.022709
tcga2023,447,0.011520,0.053193
tcga2023,448,0.009519,0.019175
tcga2023,449,0.006615,0.058497
tcga2023,450,0.006411,0.020829
tcga2023,451,0.030054,0.038237
tcga2023,452,0.038591,0.023964
tcga2023,453,0.011911,0.102437
tcga2023,454,0.037525,0.369208
tcga2023,455,0.021646,0.065088
tcga2023,456,0.097042,0.114993
tcga2023,457,0.012272,0.025199
tcga2023,458,0.097461,0.038796
tcga2023,459,0.018363,0.088186
tcga2023,460,0.092592,0.138876
tcga2023,461,1.201386,0.793650
tcga2023,462,0.065677,0.387244
tcga2023,463,0.014518,0.138703
tcga2023,464,0.008051,0.018794
tcga2023,465,0.022744,0.207318
tcga2023,466,0.005222,0.022490
tcga2023,467,0.008192,0.018695
tcga2023,468,0.011333,0.030902
tcga2023,469,1.860542,0.600580
tcga2023,470,0.009570,0.034545
tcga2023,471,0.012165,0.050588
tcga2023,472,0.104289,0.127948
tcga2023,473,0.016628,0.091836
tcga2023,474,2.341100,0.933633
tcga2023,475,0.174489,0.524742
tcga2023,476,0.350260,3.282204
tcga2023,477,0.044061,0.425422
tcga2023,478,0.085019,0.026484
tcga2023,479,0.012592,0.019517
tcga2023,480,0.099238,0.196424
tcga2023,481,0.082209,0.112104
tcga2023,482,0.052874,0.470439
tcga2023,483,0.020225,0.015046
tcga2023,484,0.014401,0.057277
tcga2023,485,0.067947,0.202987
tcga2023,486,0.091288,0.302161
tcga2023,487,0.067511,0.595115
tcga2023,488,0.010704,0.184704
tcga2023,489,0.007181,0.019130
tcga2023,490,0.010007,0.042659
tcga2023,491,0.008344,0.109619
tcga2023,492,0.138011,0.206552
tcga2023,493,0.022006,0.683663
tcga2023,494,0.039615,0.069406
tcga2023,495,0.018499,0.050321
tcga2023,496,0.044903,0.055182
tcga2023,497,0.130625,0.202007
tcga2023,498,1.004119,0.487131
tcga2023,499,0.012638,0.151374
tcga2023,500,0.019253,0.673329
tcga2023,501,0.011332,0.045489
tcga2023,502,3.175460,4.707815
tcga2023,503,1.347410,13.129500
tcga2023,504,0.401347,0.327330
tcga2023,505,0.316598,2.796705
tcga2023,506,0.022705,0.027357
tcga2023,507,0.038902,0.025066
tcga2023,508,0.027578,0.044447
tcga2023,509,0.029420,0.056576
tcga2023,510,0.010394,0.037756
tcga2023,511,2.555378,6.103915
tcga2023,512,0.009846,0.020759
tcga2023,513,0.057930,0.131371
tcga2023,514,0.101483,0.045479
tcga2023,515,0.019912,0.073877
tcga2023,516,0.020674,0.547867
tcga2023,517,0.053831,0.035719
tcga2023,518,0.007092,0.034350
tcga2023,519,0.188555,0.586761
tcga2023,520,0.017721,0.044676
tcga2023,521,0.072556,0.109720
tcga2023,522,0.418655,0.672120
tcga2023,523,0.010439,0.108874
tcga2023,524,0.045129,0.364825
tcga2023,525,0.005174,0.016598
tcga2023,526,0.084412,0.138517
tcga2023,527,0.008176,0.021791
tcga2023,528,0.005117,0.031686
tcga2023,529,0.136237,0.184096
tcga2023,530,0.162044,0.148865
tcga2023,531,0.248500,0.400022
tcga2023,532,0.006096,0.015701
tcga2023,533,0.175566,0.477253
tcga2023,534,0.158468,0.357522
tcga2023,535,0.039092,0.144942
tcga2023,536,0.006431,0.059408
tcga2023,537,0.015719,0.025795
tcga2023,538,0.079232,0.063140
tcga2023,539,0.007357,0.015667
tcga2023,540,0.024749,0.045839
tcga2023,541,0.328947,0.257275
tcga2023,542,0.015757,0.036740
tcga2023,543,1.079213,22.610325
tcga2023,544,0.078316,0.270520
tcga2023,545,0.013135,0.035739
tcga2023,546,0.005492,0.014266
tcga2023,547,0.041072,1.938269
tcga2023,548,0.109080,0.112602
tcga2023,549,0.332171,0.269677
tcga2023,550,0.191743,0.240274
tcga2023,551,0.044217,0.069404
tcga2023,552,0.023547,0.152921
tcga2023,553,0.012845,0.094150
tcga2023,554,0.612760,1.824359
tcga2023,555,0.021470,0.050056
tcga2023,556,0.034224,0.036440
tcga2023,557,0.006722,0.015552
tcga2023,558,0.013912,0.298638
tcga2023,559,0.367929,1.452341
tcga2023,560,0.011501,0.015202
tcga2023,561,0.017748,0.060726
tcga2023,562,0.323945,5.496800
tcga2023,563,0.026600,0.096564
tcga2023,564,0.069449,0.068985
tcga2023,565,0.009094,0.019620
tcga2023,566,0.014126,0.027527
tcga2023,567,0.414060,0.779968
tcga2023,568,0.006354,0.019755
tcga2023,569,0.008647,0.163519
tcga2023,570,0.179525,0.257085
tcga2023,571,0.037270,0.040016
tcga2023,572,0.011202,0.179897
tcga2023,573,0.485487,0.314260
tcga2023,574,0.091442,0.067649
tcga2023,575,0.138170,0.147085
tcga2023,576,1.830049,0.904640
tcga2023,577,1.538346,0.267718
tcga2023,578,0.232320,0.937549
tcga2023,579,0.096010,0.116849
tcga2023,580,0.005436,0.018742
tcga2023,581,0.424743,10.960850
tcga2023,582,0.005529,0.024377
tcga2023,583,4.697425,8.192555
tcga2023,584,2.940112,476.053523
tcga2023,585,0.132279,0.143664
tcga2023,586,0.008917,0.116705
tcga2023,587,0.494167,0.497688
tcga2023,588,0.008513,0.020506
tcga2023,589,0.011925,0.027137
tcga2023,590,0.009170,0.087945
tcga2023,591,0.059399,0.039183
tcga2023,592,0.050920,0.023527
tcga2023,593,0.137032,0.141645
tcga2023,594,0.103061,0.117338
tcga2023,595,0.036453,0.688311
tcga2023,596,0.076756,0.179883
tcga2023,597,0.012192,0.046638
tcga2023,598,0.007155,0.054698
tcga2023,599,0.081313,0.064060
tcga2023,600,0.043901,0.045488
tcga2023,601,0.015561,0.079323
tcga2023,602,0.006465,0.017541
tcga2023,603,0.028563,0.262342
tcga2023,604,0.121671,0.127495
tcga2023,605,0.098020,0.033739
tcga2023,606,0.321855,0.826240
tcga2023,607,0.010366,0.024470
tcga2023,608,0.005895,0.015953
tcga2023,609,1.096413,0.525426
tcga2023,610,0.011726,0.029713
tcga2023,611,13.632325,4.391053
tcga2023,612,0.036330,0.155372
tcga2023,613,6.635879,16.447951
tcga2023,614,0.376980,0.626197
tcga2023,615,0.849852,161.490661
tcga2023,616,0.021823,0.050471
tcga2023,617,1.285285,6.398769
tcga2023,618,0.178177,0.178034
tcga2023,619,0.156753,0.253285
tcga2023,620,0.232939,2.403914
tcga2023,621,0.426724,22.327247
tcga2023,622,0.011025,0.026998
tcga2023,623,0.044604,0.173151
tcga2023,624,0.514436,0.792322
tcga2023,625,0.010420,0.106024
tcga2023,626,0.042594,0.056833
tcga2023,627,0.013743,0.043384
tcga2023,628,0.064324,0.035352
tcga2023,629,0.267108,0.465873
tcga2023,630,0.017271,0.021610
tcga2023,631,0.017821,0.029161
tcga2023,632,0.635079,3.202459
tcga2023,633,0.007877,0.037997
tcga2023,634,0.069064,0.639536
tcga2023,635,0.021888,0.051006
tcga2023,636,0.014644,0.131896
tcga2023,637,0.505272,6.838296
tcga2023,638,0.089540,0.033575
tcga2023,639,0.017461,0.032759
tcga2023,640,0.037321,0.037802
tcga2023,641,0.061130,0.285956
tcga2023,642,0.184199,0.028018
tcga2023,643,0.060233,0.020207
tcga2023,644,3.827708,40.810592
tcga2023,645,0.060241,0.142104
tcga2023,646,0.008990,0.026699
tcga2023,647,0.238062,0.105634
tcga2023,648,0.317900,11.205493
tcga2023,649,0.443394,1.723076
tcga2023,650,0.069761,0.015833
tcga2023,651,0.007635,5.237965
tcga2023,652,0.035510,33.699356
tcga2023,653,0.159068,0.420488
tcga2023,654,0.042049,0.113615
tcga2023,655,0.145519,0.578288
tcga2023,656,0.089146,0.229963
tcga2023,657,0.061551,0.025315
tcga2023,658,0.150378,0.146372
tcga2023,659,0.024702,0.253689
tcga2023,660,0.092914,0.046804
tcga2023,661,0.062049,0.109993
tcga2023,662,0.011457,0.032473
tcga2023,663,0.022004,0.101476
tcga2023,664,0.313495,0.702263
tcga2023,665,0.207790,0.765646
tcga2023,666,1.464781,4.322721
tcga2023,667,0.053667,0.322402
tcga2023,668,0.006183,0.105927
tcga2023,669,0.022273,0.038730
tcga2023,670,0.059365,0.018561
tcga2023,671,0.006772,0.018981
tcga2023,672,8.519292,26.067882
tcga2023,673,0.007596,0.137496
tcga2023,674,1.005840,1.051404
tcga2023,675,0.825482,1.800974
tcga2023,676,0.051428,0.026314
tcga2023,677,0.021253,0.029650
tcga2023,678,0.089066,0.091048
tcga2023,679,0.130051,0.184335
tcga2023,680,0.030810,0.039538
tcga2023,681,0.013543,1.569738
tcga2023,682,0.011054,0.063077
tcga2023,683,0.041179,0.292723
tcga2023,684,0.008846,0.191880
tcga2023,685,0.293473,0.467690
tcga2023,686,0.085151,0.068870
tcga2023,687,0.010752,0.021756
tcga2023,688,0.015255,0.180319
tcga2023,689,0.018887,0.808011
tcga2023,690,1.588252,8.437396
tcga2023,691,0.048280,0.046028
tcga2023,692,0.021858,0.078424
tcga2023,693,0.021509,0.034120
tcga2023,694,0.047410,0.620864
tcga2023,695,0.036441,0.173639
tcga2023,696,0.098722,0.115228
tcga2023,697,0.016622,0.057814
tcga2023,698,0.096102,0.049798
tcga2023,699,0.157785,0.466798
tcga2023,700,0.017782,0.027470
tcga2023,701,0.032056,0.045969
tcga2023,702,2.553083,5.745082
tcga2023,703,0.012670,0.069943
tcga2023,704,0.307735,5.890739
tcga2023,705,0.007566,0.023172
tcga2023,706,0.006617,0.165523
tcga2023,707,0.015207,0.090425
tcga2023,708,0.010620,0.038849
tcga2023,709,0.006174,0.033556
tcga2023,710,0.010391,0.025198
tcga2023,711,0.007668,0.025452
tcga2023,712,0.026556,0.023770
tcga2023,713,0.384769,0.671736
tcga2023,714,0.027275,0.069393
tcga2023,715,0.166679,1.095281
tcga2023,716,0.243999,7.018863
tcga2023,717,0.047990,0.521871
tcga2023,718,0.030791,0.063174
tcga2023,719,0.187558,0.417099
tcga2023,720,0.144057,0.657847
tcga2023,721,0.144111,3.038858
tcga2023,722,1.482774,27.799584
tcga2023,723,0.025371,0.224495
tcga2023,724,0.007515,0.021175
tcga2023,725,2.352990,0.573028
tcga2023,726,0.007675,0.116410
tcga2023,727,0.057539,0.117930
tcga2023,728,0.011096,0.236977
tcga2023,729,0.383082,18.334291
tcga2023,730,0.040431,0.026985
tcga2023,731,1.226578,2.917311
tcga2023,732,0.019086,0.530192
tcga2023,733,0.010435,0.049624
tcga2023,734,0.056628,0.040315
tcga2023,735,0.063398,0.070075
tcga2023,736,0.291537,1.684285
tcga2023,737,0.008372,0.140542
tcga2023,738,0.011585,0.050409
tcga2023,739,0.009482,0.096109
tcga2023,740,0.111992,0.169108
tcga2023,741,0.029464,0.364985
tcga2023,742,0.035519,0.091745
tcga2023,743,2.340766,1.261692
tcga2023,744,0.051127,0.424549
tcga2023,745,0.012028,0.026855
tcga2023,746,0.040382,0.022701
tcga2023,747,0.005118,0.011185
tcga2023,748,0.011384,0.106815
tcga2023,749,0.053667,0.020078
tcga2023,750,0.007448,0.028547
tcga2023,751,0.008981,0.114363
tcga2023,752,0.011135,0.149211
tcga2023,753,0.020348,0.179933
tcga2023,754,0.076679,0.061045
tcga2023,755,0.153197,1.631179
tcga2023,756,0.009354,0.023427
tcga2023,757,0.031456,0.020726
tcga2023,758,1.854933,0.662364
tcga2023,759,0.041469,0.037375
tcga2023,760,0.023135,0.034471
tcga2023,761,0.010409,0.040378
tcga2023,762,0.007117,0.021057
tcga2023,763,0.180068,5.168196
tcga2023,764,2.011807,3.033244
tcga2023,765,0.009059,0.028835
tcga2023,766,0.010633,0.088808
tcga2023,767,0.007209,0.027588
tcga2023,768,1.213144,0.647973
tcga2023,769,0.008650,0.024395
tcga2023,770,0.062747,0.029249
tcga2023,771,0.050332,4.630367
tcga2023,772,0.032483,6.095053
tcga2023,773,0.063614,0.040345
tcga2023,774,0.009692,0.025065
tcga2023,775,0.006904,0.028044
tcga2023,776,0.006979,0.029451
tcga2023,777,0.078108,0.134920
tcga2023,778,0.034084,0.068684
tcga2023,779,0.008627,0.024379
tcga2023,780,0.011071,1.039405
tcga2023,781,0.008293,0.036696
tcga2023,782,0.027964,0.069534
tcga2023,783,0.073894,0.021415
tcga2023,784,0.020645,0.025204
tcga2023,785,0.057799,0.030719
tcga2023,786,0.010926,0.017919
tcga2023,787,0.031157,0.210608
tcga2023,788,0.008553,0.030962
tcga2023,789,0.007095,0.105710
tcga2023,790,0.026183,0.198799
tcga2023,791,0.155989,0.397517
tcga2023,792,0.007416,0.108206
tcga2023,793,0.028649,0.039490
tcga2023,794,0.102319,0.024266
tcga2023,795,0.044002,2.400062
tcga2023,796,0.063443,0.077656
tcga2023,797,0.006315,0.645356
tcga2023,798,1.958932,1.250196
tcga2023,799,0.008374,0.030214
tcga2023,800,0.063799,0.023089
tcga2023,801,0.041722,0.042181
tcga2023,802,0.011505,0.022781
tcga2023,803,0.031364,0.031578
tcga2023,804,0.010583,0.063165
tcga2023,805,0.009287,0.334814
tcga2023,806,0.022525,0.055111
tcga2023,807,0.262830,0.051701
tcga2023,808,0.059388,0.027633
tcga2023,809,0.011491,0.090805
tcga2023,810,0.036071,0.684351
tcga2023,811,0.011031,0.108367
tcga2023,812,0.022701,0.145769
tcga2023,813,0.008054,0.020941
tcga2023,814,0.058498,0.299619
tcga2023,815,0.027418,0.024012
tcga2023,816,0.069956,0.039219
tcga2023,817,0.290532,2.218304
tcga2023,818,0.008845,0.023690
tcga2023,819,0.009776,0.023452
tcga2023,820,0.022414,0.054066
tcga2023,821,0.020766,0.081822
tcga2023,822,0.009583,0.015688
tcga2023,823,0.006671,0.050868
tcga2023,824,0.008063,0.020981
tcga2023,825,0.164680,2.869854
tcga2023,826,0.011002,0.021993
tcga2023,827,2.458357,0.451968
tcga2023,828,0.561887,109.586829
tcga2023,829,0.049820,0.061949
tcga2023,830,0.011793,0.041783
tcga2023,831,0.279548,0.135180
tcga2023,832,0.011190,0.057554
tcga2023,833,0.046024,0.027489
tcga2023,834,0.019689,0.028802
tcga2023,835,0.006298,1.629672
tcga2023,836,0.007504,0.020416
tcga2023,837,0.047901,0.110243
tcga2023,838,0.095625,0.092560
tcga2023,839,0.044277,0.113410
tcga2023,840,0.014835,0.106906
tcga2023,841,0.255835,0.524180
tcga2023,842,0.047001,0.026299
tcga2023,843,0.179477,3.195397
tcga2023,844,0.096322,0.080527
tcga2023,845,0.615898,1.150920
tcga2023,846,0.163985,2.033183
tcga2023,847,0.009514,0.026492
tcga2023,848,0.008249,0.131728
tcga2023,849,0.022785,0.031010
tcga2023,850,0.031722,0.041395
tcga2023,851,0.095190,0.060236
tcga2023,852,0.011541,0.074050
tcga2023,853,0.009902,0.623668
tcga2023,854,0.013060,0.017261
tcga2023,855,0.018731,0.032084
tcga2023,856,0.025036,1.213562
tcga2023,857,0.011962,0.047542
tcga2023,858,0.095295,0.050492
tcga2023,859,0.018589,0.056749
tcga2023,860,0.008132,0.035514
tcga2023,861,0.006369,0.028459
tcga2023,862,0.102481,0.149365
tcga2023,863,0.040579,0.020052
tcga2023,864,0.009095,0.042429
tcga2023,865,0.142073,0.307149
tcga2023,866,0.008154,0.118498
tcga2023,867,0.005883,0.197789
tcga2023,868,0.010291,0.028351
tcga2023,869,0.008691,0.043795
tcga2023,870,0.100053,0.043930
tcga2023,871,0.050455,0.196050
tcga2023,872,0.056412,0.024777
tcga2023,873,0.141994,0.066551
tcga2023,874,0.008419,0.017419
tcga2023,875,0.011042,0.114126
tcga2023,876,0.006543,0.019984
tcga2023,877,0.008989,0.294022
tcga2023,878,0.020699,0.526088
tcga2023,879,0.018926,5.939666
tcga2023,880,0.068183,0.027170
tcga2023,881,0.011619,0.921386
tcga2023,882,0.046658,0.027066
tcga2023,883,0.010852,0.060768
tcga2023,884,0.287604,8.564078
tcga2023,885,0.036339,0.024209
tcga2023,886,0.015507,0.219119
tcga2023,887,0.009194,0.037854
tcga2023,888,0.011655,4.397202
tcga2023,889,0.009340,0.034959
tcga2023,890,0.009069,0.038123
tcga2023,891,0.022797,0.070356
tcga2023,892,0.010529,0.072879
tcga2023,893,0.008034,0.026391
tcga2023,894,0.019815,0.097952
tcga2023,895,0.009417,0.027604
tcga2023,896,0.081074,0.028559
tcga2023,897,0.014377,0.097808
tcga2023,898,0.009106,0.022737
tcga2023,899,0.006724,0.059641
tcga2023,900,0.008603,0.021577
tcga2023,901,0.006762,0.028326
tcga2023,902,0.007883,0.024221
tcga2023,903,0.103308,0.168202
tcga2023,904,0.017789,0.027513
tcga2023,905,0.006643,0.015565
tcga2023,906,0.098008,0.087431
tcga2023,907,0.076981,5.706568
tcga2023,908,0.010753,0.038216
tcga2023,909,0.056416,0.029749
tcga2023,910,0.093790,0.028853
tcga2023,911,0.053684,0.157892
tcga2023,912,0.006327,0.048885
tcga2023,913,0.006897,0.617176
tcga2023,914,0.020125,0.448768
tcga2023,915,0.008869,0.034069
tcga2023,916,0.007732,0.023382
tcga2023,917,0.008385,0.023261
tcga2023,918,0.006865,0.036835
tcga2023,919,0.027400,0.427149
tcga2023,920,0.010127,0.022332
tcga2023,921,0.008114,0.032625
tcga2023,922,0.026586,0.208687
tcga2023,923,0.010314,0.090325
tcga2023,924,0.011561,0.025223
tcga2023,925,0.015059,0.035567
tcga2023,926,0.032710,0.030272
tcga2023,927,0.010209,3.563421
tcga2023,928,0.008347,0.390259
tcga2023,929,0.008112,0.017625
tcga2023,930,0.008415,0.476179
tcga2023,931,0.007024,0.028792
tcga2023,932,0.057008,0.021332
tcga2023,933,0.008001,0.033677
tcga2023,934,0.175746,1.903715
tcga2023,935,0.008340,0.023646
tcga2023,936,0.057011,0.026610
tcga2023,937,0.007641,0.024690
tcga2023,938,0.093381,0.021539
tcga2023,939,0.097342,1.070640
tcga2023,940,0.089364,0.028095
tcga2023,941,0.018230,0.025653
tcga2023,942,0.013509,1.236895
tcga2023,943,0.037116,0.023515
tcga2023,944,0.013967,0.020203
tcga2023,945,0.008820,0.025520
tcga2023,946,0.013184,0.211597
tcga2023,947,0.009170,0.021397
tcga2023,948,0.017995,0.021225
tcga2023,949,0.007771,0.074617
tcga2023,950,0.007403,0.058945
tcga2023,951,0.062270,0.033436
tcga2023,952,0.014405,0.080705
tcga2023,953,0.007864,0.024235
tcga2023,954,0.018314,0.024688
tcga2023,955,0.011267,0.083435
tcga2023,956,0.009527,0.027791
tcga2023,957,0.014746,0.023478
tcga2023,958,0.079718,0.256110
tcga2023,959,0.009217,0.024081
tcga2023,960,0.008340,0.025374
tcga2023,961,0.007780,0.020812
tcga2023,962,0.010390,0.151824
tcga2023,963,0.015778,0.162941
tcga2023,964,0.008485,0.035831
tcga2023,965,0.008033,0.048442
tcga2023,966,0.075485,0.033321
tcga2023,967,0.013221,0.029578
tcga2023,968,0.030566,0.027620
tcga2023,969,0.010315,0.024767
tcga2023,970,0.010666,0.027897
tcga2023,971,0.007234,0.024638
tcga2023,972,0.008076,0.016375
tcga2023,973,0.006499,0.021265
tcga2023,974,0.009210,0.022388
tcga2023,975,0.007943,0.017394
tcga2023,976,0.010568,0.198576
tcga2023,977,0.159745,0.058275
tcga2023,978,0.052210,0.192729
tcga2023,979,0.013427,0.403404
tcga2023,980,0.013072,0.019742
tcga2023,981,0.018565,0.106708
tcga2023,982,0.009434,0.023094
tcga2023,983,0.063845,0.923230
tcga2023,984,0.219517,0.394852
tcga2023,985,0.029961,0.029814
tcga2023,986,0.101881,0.059001
tcga2023,987,0.030991,0.669844
tcga2023,988,0.008433,0.023634
tcga2023,989,0.009489,0.025350
tcga2023,990,0.017415,0.026072
tcga2023,991,0.024021,0.110941
tcga2023,992,0.009153,0.060962
tcga2023,993,0.018545,0.023914
tcga2023,994,0.007096,0.334567
tcga2023,995,0.008624,0.042371
tcga2023,996,0.007015,0.067216
tcga2023,997,0.007321,0.020559
tcga2023,998,0.024626,0.024988
tcga2023,999,0.008311,0.022283
tcga2023,1000,0.008227,0.048347
